timestamp_ist,expiry,ce_oi,ce_chg_oi,ce_ltp,ce_iv,ce_volume,strike,pe_volume,pe_iv,pe_ltp,pe_chg_oi,pe_oi,ce_buildup,pe_buildup
2026-10-02 09:15,2026-10-13,1300,1300,1500,0,1365,21000,5006105,0,9.35,622050,1130675,N/A,N/A
2026-10-02 09:15,2026-10-13,0,0,0,0,0,21200,2147210,0,12.35,273585,398515,N/A,N/A
2026-10-02 09:15,2026-10-13,130,130,1051.65,0,325,21400,2188420,0,18.1,-31135,318760,N/A,N/A
2026-10-02 09:15,2026-10-13,65,65,899.8,0,195,21600,2310685,0,27.75,159965,391495,N/A,N/A
2026-10-02 09:15,2026-10-13,26455,26455,714.5,0,44850,21800,3033225,0,42.4,391560,741065,N/A,N/A
2026-10-02 09:15,2026-10-13,89245,60840,552,0,299585,22000,6709105,0,70.45,569400,1385410,N/A,N/A
2026-10-02 09:15,2026-10-13,130325,117390,398.7,0,741195,22200,3899935,0,114.15,27040,584545,N/A,N/A
2026-10-02 09:15,2026-10-13,504530,476840,264.15,0,3081000,22400,5681130,0,184.1,742560,1215565,N/A,N/A
2026-10-02 09:15,2026-10-13,687245,336895,163.05,0,5743205,22600,4563130,0,280.15,103350,574405,N/A,N/A
2026-10-02 09:15,2026-10-13,2174705,1145885,91.35,0,6679530,22800,1626105,0,403.55,-98020,706225,N/A,N/A
2026-10-02 09:15,2026-10-13,2905565,1264965,47.55,0,10510110,23000,1144260,0,558.95,-36790,554450,N/A,N/A
2026-10-02 09:15,2026-10-13,1666210,496145,25.15,0,4886570,23200,123110,0,731.7,-8190,186940,N/A,N/A
2026-10-02 09:15,2026-10-13,879970,256425,13.65,0,3620565,23400,31655,0,934.8,4225,71175,N/A,N/A
2026-10-02 09:15,2026-10-13,677300,83265,7.95,0,2687165,23600,29770,0,1128.9,-10725,32045,N/A,N/A
2026-10-02 09:15,2026-10-13,943865,-97695,5.5,0,3230110,23800,1495,0,1328.4,130,12090,N/A,N/A
2026-10-02 09:15,2026-10-13,2905500,1900015,3.5,0,5536310,24000,52260,0,1523.1,37115,66950,N/A,N/A
2026-10-02 09:15,2026-10-13,905450,610220,2.2,0,2279875,24200,3120,0,1803.3,390,3770,N/A,N/A
2026-10-02 09:15,2026-10-13,576160,256360,1.4,0,1781065,24400,975,0,1480,-325,975,N/A,N/A
2026-10-02 09:15,2026-10-13,501345,176345,1.25,0,1204905,24600,130,0,2206.3,0,1885,N/A,N/A
2026-10-02 09:15,2026-10-13,73580,8645,1.15,0,193895,24800,130,0,2160,65,65,N/A,N/A
2026-10-02 09:15,2026-10-13,369785,173745,1.15,0,878085,25000,520,0,2530.8,195,1690,N/A,N/A
2026-10-02 09:15,2026-10-13,43615,36855,0.95,0,54470,25200,0,0,0,0,0,N/A,N/A
2026-10-02 09:15,2026-10-13,274820,130845,0.95,0,319995,25400,65,0,2600,-65,0,N/A,N/A
2026-10-02 09:15,2026-10-13,0,0,0,0,0,25600,0,0,0,0,0,N/A,N/A
2026-10-02 09:15,2026-10-13,0,0,0,0,0,25800,0,0,0,0,0,N/A,N/A
2026-10-02 09:15,2026-10-13,0,0,0,0,0,26000,0,0,0,0,0,N/A,N/A
2026-10-02 09:15,2026-10-13,0,0,0,0,0,26200,0,0,0,0,0,N/A,N/A
2026-10-02 09:15,2026-10-13,0,0,0,0,0,26400,0,0,0,0,0,N/A,N/A
2026-10-02 09:15,2026-10-13,0,0,0,0,0,26600,0,0,0,0,0,N/A,N/A
2026-10-02 09:15,2026-10-13,0,0,0,0,0,26800,0,0,0,0,0,N/A,N/A
2026-10-02 09:15,2026-10-13,0,0,0,0,0,27000,0,0,0,0,0,N/A,N/A
2026-10-02 09:15,2026-10-13,0,0,0,0,0,27200,0,0,0,0,0,N/A,N/A
2026-10-02 09:15,2026-10-13,0,0,0,0,0,27400,0,0,0,0,0,N/A,N/A
2026-10-02 09:15,2026-10-13,0,0,0,0,0,27600,0,0,0,0,0,N/A,N/A
2026-10-02 09:15,2026-10-13,0,0,0,0,0,27800,0,0,0,0,0,N/A,N/A
2026-10-02 09:15,2026-10-13,0,0,0,0,0,28000,0,0,0,0,0,N/A,N/A
2026-10-02 09:15,2026-10-13,0,0,0,0,0,28200,0,0,0,0,0,N/A,N/A
2026-10-02 09:15,2026-10-13,0,0,0,0,0,28400,0,0,0,0,0,N/A,N/A
2026-10-02 09:15,2026-10-13,0,0,0,0,0,28600,0,0,0,0,0,N/A,N/A
2026-10-02 09:15,2026-10-13,0,0,0,0,0,28800,0,0,0,0,0,N/A,N/A
2026-10-02 09:21,2026-10-13,1300,1300,1500,0,1365,21000,5006105,0,9.35,622050,1130675,Short Buildup,Short Buildup
2026-10-02 09:21,2026-10-13,0,0,0,0,0,21200,2147210,0,12.35,273585,398515,N/A,Short Buildup
2026-10-02 09:21,2026-10-13,130,130,1051.65,0,325,21400,2188420,0,18.1,-31135,318760,Short Buildup,Long Unwinding
2026-10-02 09:21,2026-10-13,65,65,899.8,0,195,21600,2310685,0,27.75,159965,391495,Short Buildup,Short Buildup
2026-10-02 09:21,2026-10-13,26455,26455,714.5,0,44850,21800,3033225,0,42.4,391560,741065,Short Buildup,Short Buildup
2026-10-02 09:21,2026-10-13,89245,60840,552,0,299585,22000,6709105,0,70.45,569400,1385410,Short Buildup,Short Buildup
2026-10-02 09:21,2026-10-13,130325,117390,398.7,0,741195,22200,3899935,0,114.15,27040,584545,Short Buildup,Short Buildup
2026-10-02 09:21,2026-10-13,504530,476840,264.15,0,3081000,22400,5681130,0,184.1,742560,1215565,Short Buildup,Short Buildup
2026-10-02 09:21,2026-10-13,687245,336895,163.05,0,5743205,22600,4563130,0,280.15,103350,574405,Short Buildup,Short Buildup
2026-10-02 09:21,2026-10-13,2174705,1145885,91.35,0,6679530,22800,1626105,0,403.55,-98020,706225,Short Buildup,Long Unwinding
2026-10-02 09:21,2026-10-13,2905565,1264965,47.55,0,10510110,23000,1144260,0,558.95,-36790,554450,Short Buildup,Long Unwinding
2026-10-02 09:21,2026-10-13,1666210,496145,25.15,0,4886570,23200,123110,0,731.7,-8190,186940,Short Buildup,Long Unwinding
2026-10-02 09:21,2026-10-13,879970,256425,13.65,0,3620565,23400,31655,0,934.8,4225,71175,Short Buildup,Short Buildup
2026-10-02 09:21,2026-10-13,677300,83265,7.95,0,2687165,23600,29770,0,1128.9,-10725,32045,Short Buildup,Long Unwinding
2026-10-02 09:21,2026-10-13,943865,-97695,5.5,0,3230110,23800,1495,0,1328.4,130,12090,Long Unwinding,Short Buildup
2026-10-02 09:21,2026-10-13,2905500,1900015,3.5,0,5536310,24000,52260,0,1523.1,37115,66950,Short Buildup,Short Buildup
2026-10-02 09:21,2026-10-13,905450,610220,2.2,0,2279875,24200,3120,0,1803.3,390,3770,Short Buildup,Short Buildup
2026-10-02 09:21,2026-10-13,576160,256360,1.4,0,1781065,24400,975,0,1480,-325,975,Short Buildup,Long Unwinding
2026-10-02 09:21,2026-10-13,501345,176345,1.25,0,1204905,24600,130,0,2206.3,0,1885,Short Buildup,N/A
2026-10-02 09:21,2026-10-13,73580,8645,1.15,0,193895,24800,130,0,2160,65,65,Short Buildup,Short Buildup
2026-10-02 09:21,2026-10-13,369785,173745,1.15,0,878085,25000,520,0,2530.8,195,1690,Short Buildup,Short Buildup
2026-10-02 09:21,2026-10-13,43615,36855,0.95,0,54470,25200,0,0,0,0,0,Short Buildup,N/A
2026-10-02 09:21,2026-10-13,274820,130845,0.95,0,319995,25400,65,0,2600,-65,0,Short Buildup,Long Unwinding
2026-10-02 09:21,2026-10-13,0,0,0,0,0,25600,0,0,0,0,0,N/A,N/A
2026-10-02 09:21,2026-10-13,0,0,0,0,0,25800,0,0,0,0,0,N/A,N/A
2026-10-02 09:21,2026-10-13,0,0,0,0,0,26000,0,0,0,0,0,N/A,N/A
2026-10-02 09:21,2026-10-13,0,0,0,0,0,26200,0,0,0,0,0,N/A,N/A
2026-10-02 09:21,2026-10-13,0,0,0,0,0,26400,0,0,0,0,0,N/A,N/A
2026-10-02 09:21,2026-10-13,0,0,0,0,0,26600,0,0,0,0,0,N/A,N/A
2026-10-02 09:21,2026-10-13,0,0,0,0,0,26800,0,0,0,0,0,N/A,N/A
2026-10-02 09:21,2026-10-13,0,0,0,0,0,27000,0,0,0,0,0,N/A,N/A
2026-10-02 09:21,2026-10-13,0,0,0,0,0,27200,0,0,0,0,0,N/A,N/A
2026-10-02 09:21,2026-10-13,0,0,0,0,0,27400,0,0,0,0,0,N/A,N/A
2026-10-02 09:21,2026-10-13,0,0,0,0,0,27600,0,0,0,0,0,N/A,N/A
2026-10-02 09:21,2026-10-13,0,0,0,0,0,27800,0,0,0,0,0,N/A,N/A
2026-10-02 09:21,2026-10-13,0,0,0,0,0,28000,0,0,0,0,0,N/A,N/A
2026-10-02 09:21,2026-10-13,0,0,0,0,0,28200,0,0,0,0,0,N/A,N/A
2026-10-02 09:21,2026-10-13,0,0,0,0,0,28400,0,0,0,0,0,N/A,N/A
2026-10-02 09:21,2026-10-13,0,0,0,0,0,28600,0,0,0,0,0,N/A,N/A
2026-10-02 09:21,2026-10-13,0,0,0,0,0,28800,0,0,0,0,0,N/A,N/A
2026-10-02 09:25,2026-10-13,1300,1300,1500,0,1365,21000,5006105,0,9.35,622050,1130675,Short Buildup,Short Buildup
2026-10-02 09:25,2026-10-13,0,0,0,0,0,21200,2147210,0,12.35,273585,398515,N/A,Short Buildup
2026-10-02 09:25,2026-10-13,130,130,1051.65,0,325,21400,2188420,0,18.1,-31135,318760,Short Buildup,Long Unwinding
2026-10-02 09:25,2026-10-13,65,65,899.8,0,195,21600,2310685,0,27.75,159965,391495,Short Buildup,Short Buildup
2026-10-02 09:25,2026-10-13,26455,26455,714.5,0,44850,21800,3033225,0,42.4,391560,741065,Short Buildup,Short Buildup
2026-10-02 09:25,2026-10-13,89245,60840,552,0,299585,22000,6709105,0,70.45,569400,1385410,Short Buildup,Short Buildup
2026-10-02 09:25,2026-10-13,130325,117390,398.7,0,741195,22200,3899935,0,114.15,27040,584545,Short Buildup,Short Buildup
2026-10-02 09:25,2026-10-13,504530,476840,264.15,0,3081000,22400,5681130,0,184.1,742560,1215565,Short Buildup,Short Buildup
2026-10-02 09:25,2026-10-13,687245,336895,163.05,0,5743205,22600,4563130,0,280.15,103350,574405,Short Buildup,Short Buildup
2026-10-02 09:25,2026-10-13,2174705,1145885,91.35,0,6679530,22800,1626105,0,403.55,-98020,706225,Short Buildup,Long Unwinding
2026-10-02 09:25,2026-10-13,2905565,1264965,47.55,0,10510110,23000,1144260,0,558.95,-36790,554450,Short Buildup,Long Unwinding
2026-10-02 09:25,2026-10-13,1666210,496145,25.15,0,4886570,23200,123110,0,731.7,-8190,186940,Short Buildup,Long Unwinding
2026-10-02 09:25,2026-10-13,879970,256425,13.65,0,3620565,23400,31655,0,934.8,4225,71175,Short Buildup,Short Buildup
2026-10-02 09:25,2026-10-13,677300,83265,7.95,0,2687165,23600,29770,0,1128.9,-10725,32045,Short Buildup,Long Unwinding
2026-10-02 09:25,2026-10-13,943865,-97695,5.5,0,3230110,23800,1495,0,1328.4,130,12090,Long Unwinding,Short Buildup
2026-10-02 09:25,2026-10-13,2905500,1900015,3.5,0,5536310,24000,52260,0,1523.1,37115,66950,Short Buildup,Short Buildup
2026-10-02 09:25,2026-10-13,905450,610220,2.2,0,2279875,24200,3120,0,1803.3,390,3770,Short Buildup,Short Buildup
2026-10-02 09:25,2026-10-13,576160,256360,1.4,0,1781065,24400,975,0,1480,-325,975,Short Buildup,Long Unwinding
2026-10-02 09:25,2026-10-13,501345,176345,1.25,0,1204905,24600,130,0,2206.3,0,1885,Short Buildup,N/A
2026-10-02 09:25,2026-10-13,73580,8645,1.15,0,193895,24800,130,0,2160,65,65,Short Buildup,Short Buildup
2026-10-02 09:25,2026-10-13,369785,173745,1.15,0,878085,25000,520,0,2530.8,195,1690,Short Buildup,Short Buildup
2026-10-02 09:25,2026-10-13,43615,36855,0.95,0,54470,25200,0,0,0,0,0,Short Buildup,N/A
2026-10-02 09:25,2026-10-13,274820,130845,0.95,0,319995,25400,65,0,2600,-65,0,Short Buildup,Long Unwinding
2026-10-02 09:25,2026-10-13,0,0,0,0,0,25600,0,0,0,0,0,N/A,N/A
2026-10-02 09:25,2026-10-13,0,0,0,0,0,25800,0,0,0,0,0,N/A,N/A
2026-10-02 09:25,2026-10-13,0,0,0,0,0,26000,0,0,0,0,0,N/A,N/A
2026-10-02 09:25,2026-10-13,0,0,0,0,0,26200,0,0,0,0,0,N/A,N/A
2026-10-02 09:25,2026-10-13,0,0,0,0,0,26400,0,0,0,0,0,N/A,N/A
2026-10-02 09:25,2026-10-13,0,0,0,0,0,26600,0,0,0,0,0,N/A,N/A
2026-10-02 09:25,2026-10-13,0,0,0,0,0,26800,0,0,0,0,0,N/A,N/A
2026-10-02 09:25,2026-10-13,0,0,0,0,0,27000,0,0,0,0,0,N/A,N/A
2026-10-02 09:25,2026-10-13,0,0,0,0,0,27200,0,0,0,0,0,N/A,N/A
2026-10-02 09:25,2026-10-13,0,0,0,0,0,27400,0,0,0,0,0,N/A,N/A
2026-10-02 09:25,2026-10-13,0,0,0,0,0,27600,0,0,0,0,0,N/A,N/A
2026-10-02 09:25,2026-10-13,0,0,0,0,0,27800,0,0,0,0,0,N/A,N/A
2026-10-02 09:25,2026-10-13,0,0,0,0,0,28000,0,0,0,0,0,N/A,N/A
2026-10-02 09:25,2026-10-13,0,0,0,0,0,28200,0,0,0,0,0,N/A,N/A
2026-10-02 09:25,2026-10-13,0,0,0,0,0,28400,0,0,0,0,0,N/A,N/A
2026-10-02 09:25,2026-10-13,0,0,0,0,0,28600,0,0,0,0,0,N/A,N/A
2026-10-02 09:25,2026-10-13,0,0,0,0,0,28800,0,0,0,0,0,N/A,N/A
2026-10-02 09:31,2026-10-13,1300,1300,1500,0,1365,21000,5006105,0,9.35,622050,1130675,Short Buildup,Short Buildup
2026-10-02 09:31,2026-10-13,0,0,0,0,0,21200,2147210,0,12.35,273585,398515,N/A,Short Buildup
2026-10-02 09:31,2026-10-13,130,130,1051.65,0,325,21400,2188420,0,18.1,-31135,318760,Short Buildup,Long Unwinding
2026-10-02 09:31,2026-10-13,65,65,899.8,0,195,21600,2310685,0,27.75,159965,391495,Short Buildup,Short Buildup
2026-10-02 09:31,2026-10-13,26455,26455,714.5,0,44850,21800,3033225,0,42.4,391560,741065,Short Buildup,Short Buildup
2026-10-02 09:31,2026-10-13,89245,60840,552,0,299585,22000,6709105,0,70.45,569400,1385410,Short Buildup,Short Buildup
2026-10-02 09:31,2026-10-13,130325,117390,398.7,0,741195,22200,3899935,0,114.15,27040,584545,Short Buildup,Short Buildup
2026-10-02 09:31,2026-10-13,504530,476840,264.15,0,3081000,22400,5681130,0,184.1,742560,1215565,Short Buildup,Short Buildup
2026-10-02 09:31,2026-10-13,687245,336895,163.05,0,5743205,22600,4563130,0,280.15,103350,574405,Short Buildup,Short Buildup
2026-10-02 09:31,2026-10-13,2174705,1145885,91.35,0,6679530,22800,1626105,0,403.55,-98020,706225,Short Buildup,Long Unwinding
2026-10-02 09:31,2026-10-13,2905565,1264965,47.55,0,10510110,23000,1144260,0,558.95,-36790,554450,Short Buildup,Long Unwinding
2026-10-02 09:31,2026-10-13,1666210,496145,25.15,0,4886570,23200,123110,0,731.7,-8190,186940,Short Buildup,Long Unwinding
2026-10-02 09:31,2026-10-13,879970,256425,13.65,0,3620565,23400,31655,0,934.8,4225,71175,Short Buildup,Short Buildup
2026-10-02 09:31,2026-10-13,677300,83265,7.95,0,2687165,23600,29770,0,1128.9,-10725,32045,Short Buildup,Long Unwinding
2026-10-02 09:31,2026-10-13,943865,-97695,5.5,0,3230110,23800,1495,0,1328.4,130,12090,Long Unwinding,Short Buildup
2026-10-02 09:31,2026-10-13,2905500,1900015,3.5,0,5536310,24000,52260,0,1523.1,37115,66950,Short Buildup,Short Buildup
2026-10-02 09:31,2026-10-13,905450,610220,2.2,0,2279875,24200,3120,0,1803.3,390,3770,Short Buildup,Short Buildup
2026-10-02 09:31,2026-10-13,576160,256360,1.4,0,1781065,24400,975,0,1480,-325,975,Short Buildup,Long Unwinding
2026-10-02 09:31,2026-10-13,501345,176345,1.25,0,1204905,24600,130,0,2206.3,0,1885,Short Buildup,N/A
2026-10-02 09:31,2026-10-13,73580,8645,1.15,0,193895,24800,130,0,2160,65,65,Short Buildup,Short Buildup
2026-10-02 09:31,2026-10-13,369785,173745,1.15,0,878085,25000,520,0,2530.8,195,1690,Short Buildup,Short Buildup
2026-10-02 09:31,2026-10-13,43615,36855,0.95,0,54470,25200,0,0,0,0,0,Short Buildup,N/A
2026-10-02 09:31,2026-10-13,274820,130845,0.95,0,319995,25400,65,0,2600,-65,0,Short Buildup,Long Unwinding
2026-10-02 09:31,2026-10-13,0,0,0,0,0,25600,0,0,0,0,0,N/A,N/A
2026-10-02 09:31,2026-10-13,0,0,0,0,0,25800,0,0,0,0,0,N/A,N/A
2026-10-02 09:31,2026-10-13,0,0,0,0,0,26000,0,0,0,0,0,N/A,N/A
2026-10-02 09:31,2026-10-13,0,0,0,0,0,26200,0,0,0,0,0,N/A,N/A
2026-10-02 09:31,2026-10-13,0,0,0,0,0,26400,0,0,0,0,0,N/A,N/A
2026-10-02 09:31,2026-10-13,0,0,0,0,0,26600,0,0,0,0,0,N/A,N/A
2026-10-02 09:31,2026-10-13,0,0,0,0,0,26800,0,0,0,0,0,N/A,N/A
2026-10-02 09:31,2026-10-13,0,0,0,0,0,27000,0,0,0,0,0,N/A,N/A
2026-10-02 09:31,2026-10-13,0,0,0,0,0,27200,0,0,0,0,0,N/A,N/A
2026-10-02 09:31,2026-10-13,0,0,0,0,0,27400,0,0,0,0,0,N/A,N/A
2026-10-02 09:31,2026-10-13,0,0,0,0,0,27600,0,0,0,0,0,N/A,N/A
2026-10-02 09:31,2026-10-13,0,0,0,0,0,27800,0,0,0,0,0,N/A,N/A
2026-10-02 09:31,2026-10-13,0,0,0,0,0,28000,0,0,0,0,0,N/A,N/A
2026-10-02 09:31,2026-10-13,0,0,0,0,0,28200,0,0,0,0,0,N/A,N/A
2026-10-02 09:31,2026-10-13,0,0,0,0,0,28400,0,0,0,0,0,N/A,N/A
2026-10-02 09:31,2026-10-13,0,0,0,0,0,28600,0,0,0,0,0,N/A,N/A
2026-10-02 09:31,2026-10-13,0,0,0,0,0,28800,0,0,0,0,0,N/A,N/A
2026-10-02 09:35,2026-10-13,1300,1300,1500,0,1365,21000,5006105,0,9.35,622050,1130675,Short Buildup,Short Buildup
2026-10-02 09:35,2026-10-13,0,0,0,0,0,21200,2147210,0,12.35,273585,398515,N/A,Short Buildup
2026-10-02 09:35,2026-10-13,130,130,1051.65,0,325,21400,2188420,0,18.1,-31135,318760,Short Buildup,Long Unwinding
2026-10-02 09:35,2026-10-13,65,65,899.8,0,195,21600,2310685,0,27.75,159965,391495,Short Buildup,Short Buildup
2026-10-02 09:35,2026-10-13,26455,26455,714.5,0,44850,21800,3033225,0,42.4,391560,741065,Short Buildup,Short Buildup
2026-10-02 09:35,2026-10-13,89245,60840,552,0,299585,22000,6709105,0,70.45,569400,1385410,Short Buildup,Short Buildup
2026-10-02 09:35,2026-10-13,130325,117390,398.7,0,741195,22200,3899935,0,114.15,27040,584545,Short Buildup,Short Buildup
2026-10-02 09:35,2026-10-13,504530,476840,264.15,0,3081000,22400,5681130,0,184.1,742560,1215565,Short Buildup,Short Buildup
2026-10-02 09:35,2026-10-13,687245,336895,163.05,0,5743205,22600,4563130,0,280.15,103350,574405,Short Buildup,Short Buildup
2026-10-02 09:35,2026-10-13,2174705,1145885,91.35,0,6679530,22800,1626105,0,403.55,-98020,706225,Short Buildup,Long Unwinding
2026-10-02 09:35,2026-10-13,2905565,1264965,47.55,0,10510110,23000,1144260,0,558.95,-36790,554450,Short Buildup,Long Unwinding
2026-10-02 09:35,2026-10-13,1666210,496145,25.15,0,4886570,23200,123110,0,731.7,-8190,186940,Short Buildup,Long Unwinding
2026-10-02 09:35,2026-10-13,879970,256425,13.65,0,3620565,23400,31655,0,934.8,4225,71175,Short Buildup,Short Buildup
2026-10-02 09:35,2026-10-13,677300,83265,7.95,0,2687165,23600,29770,0,1128.9,-10725,32045,Short Buildup,Long Unwinding
2026-10-02 09:35,2026-10-13,943865,-97695,5.5,0,3230110,23800,1495,0,1328.4,130,12090,Long Unwinding,Short Buildup
2026-10-02 09:35,2026-10-13,2905500,1900015,3.5,0,5536310,24000,52260,0,1523.1,37115,66950,Short Buildup,Short Buildup
2026-10-02 09:35,2026-10-13,905450,610220,2.2,0,2279875,24200,3120,0,1803.3,390,3770,Short Buildup,Short Buildup
2026-10-02 09:35,2026-10-13,576160,256360,1.4,0,1781065,24400,975,0,1480,-325,975,Short Buildup,Long Unwinding
2026-10-02 09:35,2026-10-13,501345,176345,1.25,0,1204905,24600,130,0,2206.3,0,1885,Short Buildup,N/A
2026-10-02 09:35,2026-10-13,73580,8645,1.15,0,193895,24800,130,0,2160,65,65,Short Buildup,Short Buildup
2026-10-02 09:35,2026-10-13,369785,173745,1.15,0,878085,25000,520,0,2530.8,195,1690,Short Buildup,Short Buildup
2026-10-02 09:35,2026-10-13,43615,36855,0.95,0,54470,25200,0,0,0,0,0,Short Buildup,N/A
2026-10-02 09:35,2026-10-13,274820,130845,0.95,0,319995,25400,65,0,2600,-65,0,Short Buildup,Long Unwinding
2026-10-02 09:35,2026-10-13,0,0,0,0,0,25600,0,0,0,0,0,N/A,N/A
2026-10-02 09:35,2026-10-13,0,0,0,0,0,25800,0,0,0,0,0,N/A,N/A
2026-10-02 09:35,2026-10-13,0,0,0,0,0,26000,0,0,0,0,0,N/A,N/A
2026-10-02 09:35,2026-10-13,0,0,0,0,0,26200,0,0,0,0,0,N/A,N/A
2026-10-02 09:35,2026-10-13,0,0,0,0,0,26400,0,0,0,0,0,N/A,N/A
2026-10-02 09:35,2026-10-13,0,0,0,0,0,26600,0,0,0,0,0,N/A,N/A
2026-10-02 09:35,2026-10-13,0,0,0,0,0,26800,0,0,0,0,0,N/A,N/A
2026-10-02 09:35,2026-10-13,0,0,0,0,0,27000,0,0,0,0,0,N/A,N/A
2026-10-02 09:35,2026-10-13,0,0,0,0,0,27200,0,0,0,0,0,N/A,N/A
2026-10-02 09:35,2026-10-13,0,0,0,0,0,27400,0,0,0,0,0,N/A,N/A
2026-10-02 09:35,2026-10-13,0,0,0,0,0,27600,0,0,0,0,0,N/A,N/A
2026-10-02 09:35,2026-10-13,0,0,0,0,0,27800,0,0,0,0,0,N/A,N/A
2026-10-02 09:35,2026-10-13,0,0,0,0,0,28000,0,0,0,0,0,N/A,N/A
2026-10-02 09:35,2026-10-13,0,0,0,0,0,28200,0,0,0,0,0,N/A,N/A
2026-10-02 09:35,2026-10-13,0,0,0,0,0,28400,0,0,0,0,0,N/A,N/A
2026-10-02 09:35,2026-10-13,0,0,0,0,0,28600,0,0,0,0,0,N/A,N/A
2026-10-02 09:35,2026-10-13,0,0,0,0,0,28800,0,0,0,0,0,N/A,N/A
2026-10-02 09:40,2026-10-13,1300,1300,1500,0,1365,21000,5006105,0,9.35,622050,1130675,Short Buildup,Short Buildup
2026-10-02 09:40,2026-10-13,0,0,0,0,0,21200,2147210,0,12.35,273585,398515,N/A,Short Buildup
2026-10-02 09:40,2026-10-13,130,130,1051.65,0,325,21400,2188420,0,18.1,-31135,318760,Short Buildup,Long Unwinding
2026-10-02 09:40,2026-10-13,65,65,899.8,0,195,21600,2310685,0,27.75,159965,391495,Short Buildup,Short Buildup
2026-10-02 09:40,2026-10-13,26455,26455,714.5,0,44850,21800,3033225,0,42.4,391560,741065,Short Buildup,Short Buildup
2026-10-02 09:40,2026-10-13,89245,60840,552,0,299585,22000,6709105,0,70.45,569400,1385410,Short Buildup,Short Buildup
2026-10-02 09:40,2026-10-13,130325,117390,398.7,0,741195,22200,3899935,0,114.15,27040,584545,Short Buildup,Short Buildup
2026-10-02 09:40,2026-10-13,504530,476840,264.15,0,3081000,22400,5681130,0,184.1,742560,1215565,Short Buildup,Short Buildup
2026-10-02 09:40,2026-10-13,687245,336895,163.05,0,5743205,22600,4563130,0,280.15,103350,574405,Short Buildup,Short Buildup
2026-10-02 09:40,2026-10-13,2174705,1145885,91.35,0,6679530,22800,1626105,0,403.55,-98020,706225,Short Buildup,Long Unwinding
2026-10-02 09:40,2026-10-13,2905565,1264965,47.55,0,10510110,23000,1144260,0,558.95,-36790,554450,Short Buildup,Long Unwinding
2026-10-02 09:40,2026-10-13,1666210,496145,25.15,0,4886570,23200,123110,0,731.7,-8190,186940,Short Buildup,Long Unwinding
2026-10-02 09:40,2026-10-13,879970,256425,13.65,0,3620565,23400,31655,0,934.8,4225,71175,Short Buildup,Short Buildup
2026-10-02 09:40,2026-10-13,677300,83265,7.95,0,2687165,23600,29770,0,1128.9,-10725,32045,Short Buildup,Long Unwinding
2026-10-02 09:40,2026-10-13,943865,-97695,5.5,0,3230110,23800,1495,0,1328.4,130,12090,Long Unwinding,Short Buildup
2026-10-02 09:40,2026-10-13,2905500,1900015,3.5,0,5536310,24000,52260,0,1523.1,37115,66950,Short Buildup,Short Buildup
2026-10-02 09:40,2026-10-13,905450,610220,2.2,0,2279875,24200,3120,0,1803.3,390,3770,Short Buildup,Short Buildup
2026-10-02 09:40,2026-10-13,576160,256360,1.4,0,1781065,24400,975,0,1480,-325,975,Short Buildup,Long Unwinding
2026-10-02 09:40,2026-10-13,501345,176345,1.25,0,1204905,24600,130,0,2206.3,0,1885,Short Buildup,N/A
2026-10-02 09:40,2026-10-13,73580,8645,1.15,0,193895,24800,130,0,2160,65,65,Short Buildup,Short Buildup
2026-10-02 09:40,2026-10-13,369785,173745,1.15,0,878085,25000,520,0,2530.8,195,1690,Short Buildup,Short Buildup
2026-10-02 09:40,2026-10-13,43615,36855,0.95,0,54470,25200,0,0,0,0,0,Short Buildup,N/A
2026-10-02 09:40,2026-10-13,274820,130845,0.95,0,319995,25400,65,0,2600,-65,0,Short Buildup,Long Unwinding
2026-10-02 09:40,2026-10-13,0,0,0,0,0,25600,0,0,0,0,0,N/A,N/A
2026-10-02 09:40,2026-10-13,0,0,0,0,0,25800,0,0,0,0,0,N/A,N/A
2026-10-02 09:40,2026-10-13,0,0,0,0,0,26000,0,0,0,0,0,N/A,N/A
2026-10-02 09:40,2026-10-13,0,0,0,0,0,26200,0,0,0,0,0,N/A,N/A
2026-10-02 09:40,2026-10-13,0,0,0,0,0,26400,0,0,0,0,0,N/A,N/A
2026-10-02 09:40,2026-10-13,0,0,0,0,0,26600,0,0,0,0,0,N/A,N/A
2026-10-02 09:40,2026-10-13,0,0,0,0,0,26800,0,0,0,0,0,N/A,N/A
2026-10-02 09:40,2026-10-13,0,0,0,0,0,27000,0,0,0,0,0,N/A,N/A
2026-10-02 09:40,2026-10-13,0,0,0,0,0,27200,0,0,0,0,0,N/A,N/A
2026-10-02 09:40,2026-10-13,0,0,0,0,0,27400,0,0,0,0,0,N/A,N/A
2026-10-02 09:40,2026-10-13,0,0,0,0,0,27600,0,0,0,0,0,N/A,N/A
2026-10-02 09:40,2026-10-13,0,0,0,0,0,27800,0,0,0,0,0,N/A,N/A
2026-10-02 09:40,2026-10-13,0,0,0,0,0,28000,0,0,0,0,0,N/A,N/A
2026-10-02 09:40,2026-10-13,0,0,0,0,0,28200,0,0,0,0,0,N/A,N/A
2026-10-02 09:40,2026-10-13,0,0,0,0,0,28400,0,0,0,0,0,N/A,N/A
2026-10-02 09:40,2026-10-13,0,0,0,0,0,28600,0,0,0,0,0,N/A,N/A
2026-10-02 09:40,2026-10-13,0,0,0,0,0,28800,0,0,0,0,0,N/A,N/A
2026-10-02 09:45,2026-10-13,1300,1300,1500,0,1365,21000,5006105,0,9.35,622050,1130675,Short Buildup,Short Buildup
2026-10-02 09:45,2026-10-13,0,0,0,0,0,21200,2147210,0,12.35,273585,398515,N/A,Short Buildup
2026-10-02 09:45,2026-10-13,130,130,1051.65,0,325,21400,2188420,0,18.1,-31135,318760,Short Buildup,Long Unwinding
2026-10-02 09:45,2026-10-13,65,65,899.8,0,195,21600,2310685,0,27.75,159965,391495,Short Buildup,Short Buildup
2026-10-02 09:45,2026-10-13,26455,26455,714.5,0,44850,21800,3033225,0,42.4,391560,741065,Short Buildup,Short Buildup
2026-10-02 09:45,2026-10-13,89245,60840,552,0,299585,22000,6709105,0,70.45,569400,1385410,Short Buildup,Short Buildup
2026-10-02 09:45,2026-10-13,130325,117390,398.7,0,741195,22200,3899935,0,114.15,27040,584545,Short Buildup,Short Buildup
2026-10-02 09:45,2026-10-13,504530,476840,264.15,0,3081000,22400,5681130,0,184.1,742560,1215565,Short Buildup,Short Buildup
2026-10-02 09:45,2026-10-13,687245,336895,163.05,0,5743205,22600,4563130,0,280.15,103350,574405,Short Buildup,Short Buildup
2026-10-02 09:45,2026-10-13,2174705,1145885,91.35,0,6679530,22800,1626105,0,403.55,-98020,706225,Short Buildup,Long Unwinding
2026-10-02 09:45,2026-10-13,2905565,1264965,47.55,0,10510110,23000,1144260,0,558.95,-36790,554450,Short Buildup,Long Unwinding
2026-10-02 09:45,2026-10-13,1666210,496145,25.15,0,4886570,23200,123110,0,731.7,-8190,186940,Short Buildup,Long Unwinding
2026-10-02 09:45,2026-10-13,879970,256425,13.65,0,3620565,23400,31655,0,934.8,4225,71175,Short Buildup,Short Buildup
2026-10-02 09:45,2026-10-13,677300,83265,7.95,0,2687165,23600,29770,0,1128.9,-10725,32045,Short Buildup,Long Unwinding
2026-10-02 09:45,2026-10-13,943865,-97695,5.5,0,3230110,23800,1495,0,1328.4,130,12090,Long Unwinding,Short Buildup
2026-10-02 09:45,2026-10-13,2905500,1900015,3.5,0,5536310,24000,52260,0,1523.1,37115,66950,Short Buildup,Short Buildup
2026-10-02 09:45,2026-10-13,905450,610220,2.2,0,2279875,24200,3120,0,1803.3,390,3770,Short Buildup,Short Buildup
2026-10-02 09:45,2026-10-13,576160,256360,1.4,0,1781065,24400,975,0,1480,-325,975,Short Buildup,Long Unwinding
2026-10-02 09:45,2026-10-13,501345,176345,1.25,0,1204905,24600,130,0,2206.3,0,1885,Short Buildup,N/A
2026-10-02 09:45,2026-10-13,73580,8645,1.15,0,193895,24800,130,0,2160,65,65,Short Buildup,Short Buildup
2026-10-02 09:45,2026-10-13,369785,173745,1.15,0,878085,25000,520,0,2530.8,195,1690,Short Buildup,Short Buildup
2026-10-02 09:45,2026-10-13,43615,36855,0.95,0,54470,25200,0,0,0,0,0,Short Buildup,N/A
2026-10-02 09:45,2026-10-13,274820,130845,0.95,0,319995,25400,65,0,2600,-65,0,Short Buildup,Long Unwinding
2026-10-02 09:45,2026-10-13,0,0,0,0,0,25600,0,0,0,0,0,N/A,N/A
2026-10-02 09:45,2026-10-13,0,0,0,0,0,25800,0,0,0,0,0,N/A,N/A
2026-10-02 09:45,2026-10-13,0,0,0,0,0,26000,0,0,0,0,0,N/A,N/A
2026-10-02 09:45,2026-10-13,0,0,0,0,0,26200,0,0,0,0,0,N/A,N/A
2026-10-02 09:45,2026-10-13,0,0,0,0,0,26400,0,0,0,0,0,N/A,N/A
2026-10-02 09:45,2026-10-13,0,0,0,0,0,26600,0,0,0,0,0,N/A,N/A
2026-10-02 09:45,2026-10-13,0,0,0,0,0,26800,0,0,0,0,0,N/A,N/A
2026-10-02 09:45,2026-10-13,0,0,0,0,0,27000,0,0,0,0,0,N/A,N/A
2026-10-02 09:45,2026-10-13,0,0,0,0,0,27200,0,0,0,0,0,N/A,N/A
2026-10-02 09:45,2026-10-13,0,0,0,0,0,27400,0,0,0,0,0,N/A,N/A
2026-10-02 09:45,2026-10-13,0,0,0,0,0,27600,0,0,0,0,0,N/A,N/A
2026-10-02 09:45,2026-10-13,0,0,0,0,0,27800,0,0,0,0,0,N/A,N/A
2026-10-02 09:45,2026-10-13,0,0,0,0,0,28000,0,0,0,0,0,N/A,N/A
2026-10-02 09:45,2026-10-13,0,0,0,0,0,28200,0,0,0,0,0,N/A,N/A
2026-10-02 09:45,2026-10-13,0,0,0,0,0,28400,0,0,0,0,0,N/A,N/A
2026-10-02 09:45,2026-10-13,0,0,0,0,0,28600,0,0,0,0,0,N/A,N/A
2026-10-02 09:45,2026-10-13,0,0,0,0,0,28800,0,0,0,0,0,N/A,N/A
2026-10-02 09:50,2026-10-13,1300,1300,1500,0,1365,21000,5006105,0,9.35,622050,1130675,Short Buildup,Short Buildup
2026-10-02 09:50,2026-10-13,0,0,0,0,0,21200,2147210,0,12.35,273585,398515,N/A,Short Buildup
2026-10-02 09:50,2026-10-13,130,130,1051.65,0,325,21400,2188420,0,18.1,-31135,318760,Short Buildup,Long Unwinding
2026-10-02 09:50,2026-10-13,65,65,899.8,0,195,21600,2310685,0,27.75,159965,391495,Short Buildup,Short Buildup
2026-10-02 09:50,2026-10-13,26455,26455,714.5,0,44850,21800,3033225,0,42.4,391560,741065,Short Buildup,Short Buildup
2026-10-02 09:50,2026-10-13,89245,60840,552,0,299585,22000,6709105,0,70.45,569400,1385410,Short Buildup,Short Buildup
2026-10-02 09:50,2026-10-13,130325,117390,398.7,0,741195,22200,3899935,0,114.15,27040,584545,Short Buildup,Short Buildup
2026-10-02 09:50,2026-10-13,504530,476840,264.15,0,3081000,22400,5681130,0,184.1,742560,1215565,Short Buildup,Short Buildup
2026-10-02 09:50,2026-10-13,687245,336895,163.05,0,5743205,22600,4563130,0,280.15,103350,574405,Short Buildup,Short Buildup
2026-10-02 09:50,2026-10-13,2174705,1145885,91.35,0,6679530,22800,1626105,0,403.55,-98020,706225,Short Buildup,Long Unwinding
2026-10-02 09:50,2026-10-13,2905565,1264965,47.55,0,10510110,23000,1144260,0,558.95,-36790,554450,Short Buildup,Long Unwinding
2026-10-02 09:50,2026-10-13,1666210,496145,25.15,0,4886570,23200,123110,0,731.7,-8190,186940,Short Buildup,Long Unwinding
2026-10-02 09:50,2026-10-13,879970,256425,13.65,0,3620565,23400,31655,0,934.8,4225,71175,Short Buildup,Short Buildup
2026-10-02 09:50,2026-10-13,677300,83265,7.95,0,2687165,23600,29770,0,1128.9,-10725,32045,Short Buildup,Long Unwinding
2026-10-02 09:50,2026-10-13,943865,-97695,5.5,0,3230110,23800,1495,0,1328.4,130,12090,Long Unwinding,Short Buildup
2026-10-02 09:50,2026-10-13,2905500,1900015,3.5,0,5536310,24000,52260,0,1523.1,37115,66950,Short Buildup,Short Buildup
2026-10-02 09:50,2026-10-13,905450,610220,2.2,0,2279875,24200,3120,0,1803.3,390,3770,Short Buildup,Short Buildup
2026-10-02 09:50,2026-10-13,576160,256360,1.4,0,1781065,24400,975,0,1480,-325,975,Short Buildup,Long Unwinding
2026-10-02 09:50,2026-10-13,501345,176345,1.25,0,1204905,24600,130,0,2206.3,0,1885,Short Buildup,N/A
2026-10-02 09:50,2026-10-13,73580,8645,1.15,0,193895,24800,130,0,2160,65,65,Short Buildup,Short Buildup
2026-10-02 09:50,2026-10-13,369785,173745,1.15,0,878085,25000,520,0,2530.8,195,1690,Short Buildup,Short Buildup
2026-10-02 09:50,2026-10-13,43615,36855,0.95,0,54470,25200,0,0,0,0,0,Short Buildup,N/A
2026-10-02 09:50,2026-10-13,274820,130845,0.95,0,319995,25400,65,0,2600,-65,0,Short Buildup,Long Unwinding
2026-10-02 09:50,2026-10-13,0,0,0,0,0,25600,0,0,0,0,0,N/A,N/A
2026-10-02 09:50,2026-10-13,0,0,0,0,0,25800,0,0,0,0,0,N/A,N/A
2026-10-02 09:50,2026-10-13,0,0,0,0,0,26000,0,0,0,0,0,N/A,N/A
2026-10-02 09:50,2026-10-13,0,0,0,0,0,26200,0,0,0,0,0,N/A,N/A
2026-10-02 09:50,2026-10-13,0,0,0,0,0,26400,0,0,0,0,0,N/A,N/A
2026-10-02 09:50,2026-10-13,0,0,0,0,0,26600,0,0,0,0,0,N/A,N/A
2026-10-02 09:50,2026-10-13,0,0,0,0,0,26800,0,0,0,0,0,N/A,N/A
2026-10-02 09:50,2026-10-13,0,0,0,0,0,27000,0,0,0,0,0,N/A,N/A
2026-10-02 09:50,2026-10-13,0,0,0,0,0,27200,0,0,0,0,0,N/A,N/A
2026-10-02 09:50,2026-10-13,0,0,0,0,0,27400,0,0,0,0,0,N/A,N/A
2026-10-02 09:50,2026-10-13,0,0,0,0,0,27600,0,0,0,0,0,N/A,N/A
2026-10-02 09:50,2026-10-13,0,0,0,0,0,27800,0,0,0,0,0,N/A,N/A
2026-10-02 09:50,2026-10-13,0,0,0,0,0,28000,0,0,0,0,0,N/A,N/A
2026-10-02 09:50,2026-10-13,0,0,0,0,0,28200,0,0,0,0,0,N/A,N/A
2026-10-02 09:50,2026-10-13,0,0,0,0,0,28400,0,0,0,0,0,N/A,N/A
2026-10-02 09:50,2026-10-13,0,0,0,0,0,28600,0,0,0,0,0,N/A,N/A
2026-10-02 09:50,2026-10-13,0,0,0,0,0,28800,0,0,0,0,0,N/A,N/A
2026-10-02 09:55,2026-10-13,1300,1300,1500,0,1365,21000,5006105,0,9.35,622050,1130675,Short Buildup,Short Buildup
2026-10-02 09:55,2026-10-13,0,0,0,0,0,21200,2147210,0,12.35,273585,398515,N/A,Short Buildup
2026-10-02 09:55,2026-10-13,130,130,1051.65,0,325,21400,2188420,0,18.1,-31135,318760,Short Buildup,Long Unwinding
2026-10-02 09:55,2026-10-13,65,65,899.8,0,195,21600,2310685,0,27.75,159965,391495,Short Buildup,Short Buildup
2026-10-02 09:55,2026-10-13,26455,26455,714.5,0,44850,21800,3033225,0,42.4,391560,741065,Short Buildup,Short Buildup
2026-10-02 09:55,2026-10-13,89245,60840,552,0,299585,22000,6709105,0,70.45,569400,1385410,Short Buildup,Short Buildup
2026-10-02 09:55,2026-10-13,130325,117390,398.7,0,741195,22200,3899935,0,114.15,27040,584545,Short Buildup,Short Buildup
2026-10-02 09:55,2026-10-13,504530,476840,264.15,0,3081000,22400,5681130,0,184.1,742560,1215565,Short Buildup,Short Buildup
2026-10-02 09:55,2026-10-13,687245,336895,163.05,0,5743205,22600,4563130,0,280.15,103350,574405,Short Buildup,Short Buildup
2026-10-02 09:55,2026-10-13,2174705,1145885,91.35,0,6679530,22800,1626105,0,403.55,-98020,706225,Short Buildup,Long Unwinding
2026-10-02 09:55,2026-10-13,2905565,1264965,47.55,0,10510110,23000,1144260,0,558.95,-36790,554450,Short Buildup,Long Unwinding
2026-10-02 09:55,2026-10-13,1666210,496145,25.15,0,4886570,23200,123110,0,731.7,-8190,186940,Short Buildup,Long Unwinding
2026-10-02 09:55,2026-10-13,879970,256425,13.65,0,3620565,23400,31655,0,934.8,4225,71175,Short Buildup,Short Buildup
2026-10-02 09:55,2026-10-13,677300,83265,7.95,0,2687165,23600,29770,0,1128.9,-10725,32045,Short Buildup,Long Unwinding
2026-10-02 09:55,2026-10-13,943865,-97695,5.5,0,3230110,23800,1495,0,1328.4,130,12090,Long Unwinding,Short Buildup
2026-10-02 09:55,2026-10-13,2905500,1900015,3.5,0,5536310,24000,52260,0,1523.1,37115,66950,Short Buildup,Short Buildup
2026-10-02 09:55,2026-10-13,905450,610220,2.2,0,2279875,24200,3120,0,1803.3,390,3770,Short Buildup,Short Buildup
2026-10-02 09:55,2026-10-13,576160,256360,1.4,0,1781065,24400,975,0,1480,-325,975,Short Buildup,Long Unwinding
2026-10-02 09:55,2026-10-13,501345,176345,1.25,0,1204905,24600,130,0,2206.3,0,1885,Short Buildup,N/A
2026-10-02 09:55,2026-10-13,73580,8645,1.15,0,193895,24800,130,0,2160,65,65,Short Buildup,Short Buildup
2026-10-02 09:55,2026-10-13,369785,173745,1.15,0,878085,25000,520,0,2530.8,195,1690,Short Buildup,Short Buildup
2026-10-02 09:55,2026-10-13,43615,36855,0.95,0,54470,25200,0,0,0,0,0,Short Buildup,N/A
2026-10-02 09:55,2026-10-13,274820,130845,0.95,0,319995,25400,65,0,2600,-65,0,Short Buildup,Long Unwinding
2026-10-02 09:55,2026-10-13,0,0,0,0,0,25600,0,0,0,0,0,N/A,N/A
2026-10-02 09:55,2026-10-13,0,0,0,0,0,25800,0,0,0,0,0,N/A,N/A
2026-10-02 09:55,2026-10-13,0,0,0,0,0,26000,0,0,0,0,0,N/A,N/A
2026-10-02 09:55,2026-10-13,0,0,0,0,0,26200,0,0,0,0,0,N/A,N/A
2026-10-02 09:55,2026-10-13,0,0,0,0,0,26400,0,0,0,0,0,N/A,N/A
2026-10-02 09:55,2026-10-13,0,0,0,0,0,26600,0,0,0,0,0,N/A,N/A
2026-10-02 09:55,2026-10-13,0,0,0,0,0,26800,0,0,0,0,0,N/A,N/A
2026-10-02 09:55,2026-10-13,0,0,0,0,0,27000,0,0,0,0,0,N/A,N/A
2026-10-02 09:55,2026-10-13,0,0,0,0,0,27200,0,0,0,0,0,N/A,N/A
2026-10-02 09:55,2026-10-13,0,0,0,0,0,27400,0,0,0,0,0,N/A,N/A
2026-10-02 09:55,2026-10-13,0,0,0,0,0,27600,0,0,0,0,0,N/A,N/A
2026-10-02 09:55,2026-10-13,0,0,0,0,0,27800,0,0,0,0,0,N/A,N/A
2026-10-02 09:55,2026-10-13,0,0,0,0,0,28000,0,0,0,0,0,N/A,N/A
2026-10-02 09:55,2026-10-13,0,0,0,0,0,28200,0,0,0,0,0,N/A,N/A
2026-10-02 09:55,2026-10-13,0,0,0,0,0,28400,0,0,0,0,0,N/A,N/A
2026-10-02 09:55,2026-10-13,0,0,0,0,0,28600,0,0,0,0,0,N/A,N/A
2026-10-02 09:55,2026-10-13,0,0,0,0,0,28800,0,0,0,0,0,N/A,N/A
2026-10-02 10:00,2026-10-13,1300,1300,1500,0,1365,21000,5006105,0,9.35,622050,1130675,Short Buildup,Short Buildup
2026-10-02 10:00,2026-10-13,0,0,0,0,0,21200,2147210,0,12.35,273585,398515,N/A,Short Buildup
2026-10-02 10:00,2026-10-13,130,130,1051.65,0,325,21400,2188420,0,18.1,-31135,318760,Short Buildup,Long Unwinding
2026-10-02 10:00,2026-10-13,65,65,899.8,0,195,21600,2310685,0,27.75,159965,391495,Short Buildup,Short Buildup
2026-10-02 10:00,2026-10-13,26455,26455,714.5,0,44850,21800,3033225,0,42.4,391560,741065,Short Buildup,Short Buildup
2026-10-02 10:00,2026-10-13,89245,60840,552,0,299585,22000,6709105,0,70.45,569400,1385410,Short Buildup,Short Buildup
2026-10-02 10:00,2026-10-13,130325,117390,398.7,0,741195,22200,3899935,0,114.15,27040,584545,Short Buildup,Short Buildup
2026-10-02 10:00,2026-10-13,504530,476840,264.15,0,3081000,22400,5681130,0,184.1,742560,1215565,Short Buildup,Short Buildup
2026-10-02 10:00,2026-10-13,687245,336895,163.05,0,5743205,22600,4563130,0,280.15,103350,574405,Short Buildup,Short Buildup
2026-10-02 10:00,2026-10-13,2174705,1145885,91.35,0,6679530,22800,1626105,0,403.55,-98020,706225,Short Buildup,Long Unwinding
2026-10-02 10:00,2026-10-13,2905565,1264965,47.55,0,10510110,23000,1144260,0,558.95,-36790,554450,Short Buildup,Long Unwinding
2026-10-02 10:00,2026-10-13,1666210,496145,25.15,0,4886570,23200,123110,0,731.7,-8190,186940,Short Buildup,Long Unwinding
2026-10-02 10:00,2026-10-13,879970,256425,13.65,0,3620565,23400,31655,0,934.8,4225,71175,Short Buildup,Short Buildup
2026-10-02 10:00,2026-10-13,677300,83265,7.95,0,2687165,23600,29770,0,1128.9,-10725,32045,Short Buildup,Long Unwinding
2026-10-02 10:00,2026-10-13,943865,-97695,5.5,0,3230110,23800,1495,0,1328.4,130,12090,Long Unwinding,Short Buildup
2026-10-02 10:00,2026-10-13,2905500,1900015,3.5,0,5536310,24000,52260,0,1523.1,37115,66950,Short Buildup,Short Buildup
2026-10-02 10:00,2026-10-13,905450,610220,2.2,0,2279875,24200,3120,0,1803.3,390,3770,Short Buildup,Short Buildup
2026-10-02 10:00,2026-10-13,576160,256360,1.4,0,1781065,24400,975,0,1480,-325,975,Short Buildup,Long Unwinding
2026-10-02 10:00,2026-10-13,501345,176345,1.25,0,1204905,24600,130,0,2206.3,0,1885,Short Buildup,N/A
2026-10-02 10:00,2026-10-13,73580,8645,1.15,0,193895,24800,130,0,2160,65,65,Short Buildup,Short Buildup
2026-10-02 10:00,2026-10-13,369785,173745,1.15,0,878085,25000,520,0,2530.8,195,1690,Short Buildup,Short Buildup
2026-10-02 10:00,2026-10-13,43615,36855,0.95,0,54470,25200,0,0,0,0,0,Short Buildup,N/A
2026-10-02 10:00,2026-10-13,274820,130845,0.95,0,319995,25400,65,0,2600,-65,0,Short Buildup,Long Unwinding
2026-10-02 10:00,2026-10-13,0,0,0,0,0,25600,0,0,0,0,0,N/A,N/A
2026-10-02 10:00,2026-10-13,0,0,0,0,0,25800,0,0,0,0,0,N/A,N/A
2026-10-02 10:00,2026-10-13,0,0,0,0,0,26000,0,0,0,0,0,N/A,N/A
2026-10-02 10:00,2026-10-13,0,0,0,0,0,26200,0,0,0,0,0,N/A,N/A
2026-10-02 10:00,2026-10-13,0,0,0,0,0,26400,0,0,0,0,0,N/A,N/A
2026-10-02 10:00,2026-10-13,0,0,0,0,0,26600,0,0,0,0,0,N/A,N/A
2026-10-02 10:00,2026-10-13,0,0,0,0,0,26800,0,0,0,0,0,N/A,N/A
2026-10-02 10:00,2026-10-13,0,0,0,0,0,27000,0,0,0,0,0,N/A,N/A
2026-10-02 10:00,2026-10-13,0,0,0,0,0,27200,0,0,0,0,0,N/A,N/A
2026-10-02 10:00,2026-10-13,0,0,0,0,0,27400,0,0,0,0,0,N/A,N/A
2026-10-02 10:00,2026-10-13,0,0,0,0,0,27600,0,0,0,0,0,N/A,N/A
2026-10-02 10:00,2026-10-13,0,0,0,0,0,27800,0,0,0,0,0,N/A,N/A
2026-10-02 10:00,2026-10-13,0,0,0,0,0,28000,0,0,0,0,0,N/A,N/A
2026-10-02 10:00,2026-10-13,0,0,0,0,0,28200,0,0,0,0,0,N/A,N/A
2026-10-02 10:00,2026-10-13,0,0,0,0,0,28400,0,0,0,0,0,N/A,N/A
2026-10-02 10:00,2026-10-13,0,0,0,0,0,28600,0,0,0,0,0,N/A,N/A
2026-10-02 10:00,2026-10-13,0,0,0,0,0,28800,0,0,0,0,0,N/A,N/A
2026-10-02 10:05,2026-10-13,1300,1300,1500,0,1365,21000,5006105,0,9.35,622050,1130675,Short Buildup,Short Buildup
2026-10-02 10:05,2026-10-13,0,0,0,0,0,21200,2147210,0,12.35,273585,398515,N/A,Short Buildup
2026-10-02 10:05,2026-10-13,130,130,1051.65,0,325,21400,2188420,0,18.1,-31135,318760,Short Buildup,Long Unwinding
2026-10-02 10:05,2026-10-13,65,65,899.8,0,195,21600,2310685,0,27.75,159965,391495,Short Buildup,Short Buildup
2026-10-02 10:05,2026-10-13,26455,26455,714.5,0,44850,21800,3033225,0,42.4,391560,741065,Short Buildup,Short Buildup
2026-10-02 10:05,2026-10-13,89245,60840,552,0,299585,22000,6709105,0,70.45,569400,1385410,Short Buildup,Short Buildup
2026-10-02 10:05,2026-10-13,130325,117390,398.7,0,741195,22200,3899935,0,114.15,27040,584545,Short Buildup,Short Buildup
2026-10-02 10:05,2026-10-13,504530,476840,264.15,0,3081000,22400,5681130,0,184.1,742560,1215565,Short Buildup,Short Buildup
2026-10-02 10:05,2026-10-13,687245,336895,163.05,0,5743205,22600,4563130,0,280.15,103350,574405,Short Buildup,Short Buildup
2026-10-02 10:05,2026-10-13,2174705,1145885,91.35,0,6679530,22800,1626105,0,403.55,-98020,706225,Short Buildup,Long Unwinding
2026-10-02 10:05,2026-10-13,2905565,1264965,47.55,0,10510110,23000,1144260,0,558.95,-36790,554450,Short Buildup,Long Unwinding
2026-10-02 10:05,2026-10-13,1666210,496145,25.15,0,4886570,23200,123110,0,731.7,-8190,186940,Short Buildup,Long Unwinding
2026-10-02 10:05,2026-10-13,879970,256425,13.65,0,3620565,23400,31655,0,934.8,4225,71175,Short Buildup,Short Buildup
2026-10-02 10:05,2026-10-13,677300,83265,7.95,0,2687165,23600,29770,0,1128.9,-10725,32045,Short Buildup,Long Unwinding
2026-10-02 10:05,2026-10-13,943865,-97695,5.5,0,3230110,23800,1495,0,1328.4,130,12090,Long Unwinding,Short Buildup
2026-10-02 10:05,2026-10-13,2905500,1900015,3.5,0,5536310,24000,52260,0,1523.1,37115,66950,Short Buildup,Short Buildup
2026-10-02 10:05,2026-10-13,905450,610220,2.2,0,2279875,24200,3120,0,1803.3,390,3770,Short Buildup,Short Buildup
2026-10-02 10:05,2026-10-13,576160,256360,1.4,0,1781065,24400,975,0,1480,-325,975,Short Buildup,Long Unwinding
2026-10-02 10:05,2026-10-13,501345,176345,1.25,0,1204905,24600,130,0,2206.3,0,1885,Short Buildup,N/A
2026-10-02 10:05,2026-10-13,73580,8645,1.15,0,193895,24800,130,0,2160,65,65,Short Buildup,Short Buildup
2026-10-02 10:05,2026-10-13,369785,173745,1.15,0,878085,25000,520,0,2530.8,195,1690,Short Buildup,Short Buildup
2026-10-02 10:05,2026-10-13,43615,36855,0.95,0,54470,25200,0,0,0,0,0,Short Buildup,N/A
2026-10-02 10:05,2026-10-13,274820,130845,0.95,0,319995,25400,65,0,2600,-65,0,Short Buildup,Long Unwinding
2026-10-02 10:05,2026-10-13,0,0,0,0,0,25600,0,0,0,0,0,N/A,N/A
2026-10-02 10:05,2026-10-13,0,0,0,0,0,25800,0,0,0,0,0,N/A,N/A
2026-10-02 10:05,2026-10-13,0,0,0,0,0,26000,0,0,0,0,0,N/A,N/A
2026-10-02 10:05,2026-10-13,0,0,0,0,0,26200,0,0,0,0,0,N/A,N/A
2026-10-02 10:05,2026-10-13,0,0,0,0,0,26400,0,0,0,0,0,N/A,N/A
2026-10-02 10:05,2026-10-13,0,0,0,0,0,26600,0,0,0,0,0,N/A,N/A
2026-10-02 10:05,2026-10-13,0,0,0,0,0,26800,0,0,0,0,0,N/A,N/A
2026-10-02 10:05,2026-10-13,0,0,0,0,0,27000,0,0,0,0,0,N/A,N/A
2026-10-02 10:05,2026-10-13,0,0,0,0,0,27200,0,0,0,0,0,N/A,N/A
2026-10-02 10:05,2026-10-13,0,0,0,0,0,27400,0,0,0,0,0,N/A,N/A
2026-10-02 10:05,2026-10-13,0,0,0,0,0,27600,0,0,0,0,0,N/A,N/A
2026-10-02 10:05,2026-10-13,0,0,0,0,0,27800,0,0,0,0,0,N/A,N/A
2026-10-02 10:05,2026-10-13,0,0,0,0,0,28000,0,0,0,0,0,N/A,N/A
2026-10-02 10:05,2026-10-13,0,0,0,0,0,28200,0,0,0,0,0,N/A,N/A
2026-10-02 10:05,2026-10-13,0,0,0,0,0,28400,0,0,0,0,0,N/A,N/A
2026-10-02 10:05,2026-10-13,0,0,0,0,0,28600,0,0,0,0,0,N/A,N/A
2026-10-02 10:05,2026-10-13,0,0,0,0,0,28800,0,0,0,0,0,N/A,N/A
2026-10-02 10:10,2026-10-13,1300,1300,1500,0,1365,21000,5006105,0,9.35,622050,1130675,Short Buildup,Short Buildup
2026-10-02 10:10,2026-10-13,0,0,0,0,0,21200,2147210,0,12.35,273585,398515,N/A,Short Buildup
2026-10-02 10:10,2026-10-13,130,130,1051.65,0,325,21400,2188420,0,18.1,-31135,318760,Short Buildup,Long Unwinding
2026-10-02 10:10,2026-10-13,65,65,899.8,0,195,21600,2310685,0,27.75,159965,391495,Short Buildup,Short Buildup
2026-10-02 10:10,2026-10-13,26455,26455,714.5,0,44850,21800,3033225,0,42.4,391560,741065,Short Buildup,Short Buildup
2026-10-02 10:10,2026-10-13,89245,60840,552,0,299585,22000,6709105,0,70.45,569400,1385410,Short Buildup,Short Buildup
2026-10-02 10:10,2026-10-13,130325,117390,398.7,0,741195,22200,3899935,0,114.15,27040,584545,Short Buildup,Short Buildup
2026-10-02 10:10,2026-10-13,504530,476840,264.15,0,3081000,22400,5681130,0,184.1,742560,1215565,Short Buildup,Short Buildup
2026-10-02 10:10,2026-10-13,687245,336895,163.05,0,5743205,22600,4563130,0,280.15,103350,574405,Short Buildup,Short Buildup
2026-10-02 10:10,2026-10-13,2174705,1145885,91.35,0,6679530,22800,1626105,0,403.55,-98020,706225,Short Buildup,Long Unwinding
2026-10-02 10:10,2026-10-13,2905565,1264965,47.55,0,10510110,23000,1144260,0,558.95,-36790,554450,Short Buildup,Long Unwinding
2026-10-02 10:10,2026-10-13,1666210,496145,25.15,0,4886570,23200,123110,0,731.7,-8190,186940,Short Buildup,Long Unwinding
2026-10-02 10:10,2026-10-13,879970,256425,13.65,0,3620565,23400,31655,0,934.8,4225,71175,Short Buildup,Short Buildup
2026-10-02 10:10,2026-10-13,677300,83265,7.95,0,2687165,23600,29770,0,1128.9,-10725,32045,Short Buildup,Long Unwinding
2026-10-02 10:10,2026-10-13,943865,-97695,5.5,0,3230110,23800,1495,0,1328.4,130,12090,Long Unwinding,Short Buildup
2026-10-02 10:10,2026-10-13,2905500,1900015,3.5,0,5536310,24000,52260,0,1523.1,37115,66950,Short Buildup,Short Buildup
2026-10-02 10:10,2026-10-13,905450,610220,2.2,0,2279875,24200,3120,0,1803.3,390,3770,Short Buildup,Short Buildup
2026-10-02 10:10,2026-10-13,576160,256360,1.4,0,1781065,24400,975,0,1480,-325,975,Short Buildup,Long Unwinding
2026-10-02 10:10,2026-10-13,501345,176345,1.25,0,1204905,24600,130,0,2206.3,0,1885,Short Buildup,N/A
2026-10-02 10:10,2026-10-13,73580,8645,1.15,0,193895,24800,130,0,2160,65,65,Short Buildup,Short Buildup
2026-10-02 10:10,2026-10-13,369785,173745,1.15,0,878085,25000,520,0,2530.8,195,1690,Short Buildup,Short Buildup
2026-10-02 10:10,2026-10-13,43615,36855,0.95,0,54470,25200,0,0,0,0,0,Short Buildup,N/A
2026-10-02 10:10,2026-10-13,274820,130845,0.95,0,319995,25400,65,0,2600,-65,0,Short Buildup,Long Unwinding
2026-10-02 10:10,2026-10-13,0,0,0,0,0,25600,0,0,0,0,0,N/A,N/A
2026-10-02 10:10,2026-10-13,0,0,0,0,0,25800,0,0,0,0,0,N/A,N/A
2026-10-02 10:10,2026-10-13,0,0,0,0,0,26000,0,0,0,0,0,N/A,N/A
2026-10-02 10:10,2026-10-13,0,0,0,0,0,26200,0,0,0,0,0,N/A,N/A
2026-10-02 10:10,2026-10-13,0,0,0,0,0,26400,0,0,0,0,0,N/A,N/A
2026-10-02 10:10,2026-10-13,0,0,0,0,0,26600,0,0,0,0,0,N/A,N/A
2026-10-02 10:10,2026-10-13,0,0,0,0,0,26800,0,0,0,0,0,N/A,N/A
2026-10-02 10:10,2026-10-13,0,0,0,0,0,27000,0,0,0,0,0,N/A,N/A
2026-10-02 10:10,2026-10-13,0,0,0,0,0,27200,0,0,0,0,0,N/A,N/A
2026-10-02 10:10,2026-10-13,0,0,0,0,0,27400,0,0,0,0,0,N/A,N/A
2026-10-02 10:10,2026-10-13,0,0,0,0,0,27600,0,0,0,0,0,N/A,N/A
2026-10-02 10:10,2026-10-13,0,0,0,0,0,27800,0,0,0,0,0,N/A,N/A
2026-10-02 10:10,2026-10-13,0,0,0,0,0,28000,0,0,0,0,0,N/A,N/A
2026-10-02 10:10,2026-10-13,0,0,0,0,0,28200,0,0,0,0,0,N/A,N/A
2026-10-02 10:10,2026-10-13,0,0,0,0,0,28400,0,0,0,0,0,N/A,N/A
2026-10-02 10:10,2026-10-13,0,0,0,0,0,28600,0,0,0,0,0,N/A,N/A
2026-10-02 10:10,2026-10-13,0,0,0,0,0,28800,0,0,0,0,0,N/A,N/A
2026-10-02 10:16,2026-10-13,1300,1300,1500,0,1365,21000,5006105,0,9.35,622050,1130675,Short Buildup,Short Buildup
2026-10-02 10:16,2026-10-13,0,0,0,0,0,21200,2147210,0,12.35,273585,398515,N/A,Short Buildup
2026-10-02 10:16,2026-10-13,130,130,1051.65,0,325,21400,2188420,0,18.1,-31135,318760,Short Buildup,Long Unwinding
2026-10-02 10:16,2026-10-13,65,65,899.8,0,195,21600,2310685,0,27.75,159965,391495,Short Buildup,Short Buildup
2026-10-02 10:16,2026-10-13,26455,26455,714.5,0,44850,21800,3033225,0,42.4,391560,741065,Short Buildup,Short Buildup
2026-10-02 10:16,2026-10-13,89245,60840,552,0,299585,22000,6709105,0,70.45,569400,1385410,Short Buildup,Short Buildup
2026-10-02 10:16,2026-10-13,130325,117390,398.7,0,741195,22200,3899935,0,114.15,27040,584545,Short Buildup,Short Buildup
2026-10-02 10:16,2026-10-13,504530,476840,264.15,0,3081000,22400,5681130,0,184.1,742560,1215565,Short Buildup,Short Buildup
2026-10-02 10:16,2026-10-13,687245,336895,163.05,0,5743205,22600,4563130,0,280.15,103350,574405,Short Buildup,Short Buildup
2026-10-02 10:16,2026-10-13,2174705,1145885,91.35,0,6679530,22800,1626105,0,403.55,-98020,706225,Short Buildup,Long Unwinding
2026-10-02 10:16,2026-10-13,2905565,1264965,47.55,0,10510110,23000,1144260,0,558.95,-36790,554450,Short Buildup,Long Unwinding
2026-10-02 10:16,2026-10-13,1666210,496145,25.15,0,4886570,23200,123110,0,731.7,-8190,186940,Short Buildup,Long Unwinding
2026-10-02 10:16,2026-10-13,879970,256425,13.65,0,3620565,23400,31655,0,934.8,4225,71175,Short Buildup,Short Buildup
2026-10-02 10:16,2026-10-13,677300,83265,7.95,0,2687165,23600,29770,0,1128.9,-10725,32045,Short Buildup,Long Unwinding
2026-10-02 10:16,2026-10-13,943865,-97695,5.5,0,3230110,23800,1495,0,1328.4,130,12090,Long Unwinding,Short Buildup
2026-10-02 10:16,2026-10-13,2905500,1900015,3.5,0,5536310,24000,52260,0,1523.1,37115,66950,Short Buildup,Short Buildup
2026-10-02 10:16,2026-10-13,905450,610220,2.2,0,2279875,24200,3120,0,1803.3,390,3770,Short Buildup,Short Buildup
2026-10-02 10:16,2026-10-13,576160,256360,1.4,0,1781065,24400,975,0,1480,-325,975,Short Buildup,Long Unwinding
2026-10-02 10:16,2026-10-13,501345,176345,1.25,0,1204905,24600,130,0,2206.3,0,1885,Short Buildup,N/A
2026-10-02 10:16,2026-10-13,73580,8645,1.15,0,193895,24800,130,0,2160,65,65,Short Buildup,Short Buildup
2026-10-02 10:16,2026-10-13,369785,173745,1.15,0,878085,25000,520,0,2530.8,195,1690,Short Buildup,Short Buildup
2026-10-02 10:16,2026-10-13,43615,36855,0.95,0,54470,25200,0,0,0,0,0,Short Buildup,N/A
2026-10-02 10:16,2026-10-13,274820,130845,0.95,0,319995,25400,65,0,2600,-65,0,Short Buildup,Long Unwinding
2026-10-02 10:16,2026-10-13,0,0,0,0,0,25600,0,0,0,0,0,N/A,N/A
2026-10-02 10:16,2026-10-13,0,0,0,0,0,25800,0,0,0,0,0,N/A,N/A
2026-10-02 10:16,2026-10-13,0,0,0,0,0,26000,0,0,0,0,0,N/A,N/A
2026-10-02 10:16,2026-10-13,0,0,0,0,0,26200,0,0,0,0,0,N/A,N/A
2026-10-02 10:16,2026-10-13,0,0,0,0,0,26400,0,0,0,0,0,N/A,N/A
2026-10-02 10:16,2026-10-13,0,0,0,0,0,26600,0,0,0,0,0,N/A,N/A
2026-10-02 10:16,2026-10-13,0,0,0,0,0,26800,0,0,0,0,0,N/A,N/A
2026-10-02 10:16,2026-10-13,0,0,0,0,0,27000,0,0,0,0,0,N/A,N/A
2026-10-02 10:16,2026-10-13,0,0,0,0,0,27200,0,0,0,0,0,N/A,N/A
2026-10-02 10:16,2026-10-13,0,0,0,0,0,27400,0,0,0,0,0,N/A,N/A
2026-10-02 10:16,2026-10-13,0,0,0,0,0,27600,0,0,0,0,0,N/A,N/A
2026-10-02 10:16,2026-10-13,0,0,0,0,0,27800,0,0,0,0,0,N/A,N/A
2026-10-02 10:16,2026-10-13,0,0,0,0,0,28000,0,0,0,0,0,N/A,N/A
2026-10-02 10:16,2026-10-13,0,0,0,0,0,28200,0,0,0,0,0,N/A,N/A
2026-10-02 10:16,2026-10-13,0,0,0,0,0,28400,0,0,0,0,0,N/A,N/A
2026-10-02 10:16,2026-10-13,0,0,0,0,0,28600,0,0,0,0,0,N/A,N/A
2026-10-02 10:16,2026-10-13,0,0,0,0,0,28800,0,0,0,0,0,N/A,N/A
2026-10-02 10:20,2026-10-13,1300,1300,1500,0,1365,21000,5006105,0,9.35,622050,1130675,Short Buildup,Short Buildup
2026-10-02 10:20,2026-10-13,0,0,0,0,0,21200,2147210,0,12.35,273585,398515,N/A,Short Buildup
2026-10-02 10:20,2026-10-13,130,130,1051.65,0,325,21400,2188420,0,18.1,-31135,318760,Short Buildup,Long Unwinding
2026-10-02 10:20,2026-10-13,65,65,899.8,0,195,21600,2310685,0,27.75,159965,391495,Short Buildup,Short Buildup
2026-10-02 10:20,2026-10-13,26455,26455,714.5,0,44850,21800,3033225,0,42.4,391560,741065,Short Buildup,Short Buildup
2026-10-02 10:20,2026-10-13,89245,60840,552,0,299585,22000,6709105,0,70.45,569400,1385410,Short Buildup,Short Buildup
2026-10-02 10:20,2026-10-13,130325,117390,398.7,0,741195,22200,3899935,0,114.15,27040,584545,Short Buildup,Short Buildup
2026-10-02 10:20,2026-10-13,504530,476840,264.15,0,3081000,22400,5681130,0,184.1,742560,1215565,Short Buildup,Short Buildup
2026-10-02 10:20,2026-10-13,687245,336895,163.05,0,5743205,22600,4563130,0,280.15,103350,574405,Short Buildup,Short Buildup
2026-10-02 10:20,2026-10-13,2174705,1145885,91.35,0,6679530,22800,1626105,0,403.55,-98020,706225,Short Buildup,Long Unwinding
2026-10-02 10:20,2026-10-13,2905565,1264965,47.55,0,10510110,23000,1144260,0,558.95,-36790,554450,Short Buildup,Long Unwinding
2026-10-02 10:20,2026-10-13,1666210,496145,25.15,0,4886570,23200,123110,0,731.7,-8190,186940,Short Buildup,Long Unwinding
2026-10-02 10:20,2026-10-13,879970,256425,13.65,0,3620565,23400,31655,0,934.8,4225,71175,Short Buildup,Short Buildup
2026-10-02 10:20,2026-10-13,677300,83265,7.95,0,2687165,23600,29770,0,1128.9,-10725,32045,Short Buildup,Long Unwinding
2026-10-02 10:20,2026-10-13,943865,-97695,5.5,0,3230110,23800,1495,0,1328.4,130,12090,Long Unwinding,Short Buildup
2026-10-02 10:20,2026-10-13,2905500,1900015,3.5,0,5536310,24000,52260,0,1523.1,37115,66950,Short Buildup,Short Buildup
2026-10-02 10:20,2026-10-13,905450,610220,2.2,0,2279875,24200,3120,0,1803.3,390,3770,Short Buildup,Short Buildup
2026-10-02 10:20,2026-10-13,576160,256360,1.4,0,1781065,24400,975,0,1480,-325,975,Short Buildup,Long Unwinding
2026-10-02 10:20,2026-10-13,501345,176345,1.25,0,1204905,24600,130,0,2206.3,0,1885,Short Buildup,N/A
2026-10-02 10:20,2026-10-13,73580,8645,1.15,0,193895,24800,130,0,2160,65,65,Short Buildup,Short Buildup
2026-10-02 10:20,2026-10-13,369785,173745,1.15,0,878085,25000,520,0,2530.8,195,1690,Short Buildup,Short Buildup
2026-10-02 10:20,2026-10-13,43615,36855,0.95,0,54470,25200,0,0,0,0,0,Short Buildup,N/A
2026-10-02 10:20,2026-10-13,274820,130845,0.95,0,319995,25400,65,0,2600,-65,0,Short Buildup,Long Unwinding
2026-10-02 10:20,2026-10-13,0,0,0,0,0,25600,0,0,0,0,0,N/A,N/A
2026-10-02 10:20,2026-10-13,0,0,0,0,0,25800,0,0,0,0,0,N/A,N/A
2026-10-02 10:20,2026-10-13,0,0,0,0,0,26000,0,0,0,0,0,N/A,N/A
2026-10-02 10:20,2026-10-13,0,0,0,0,0,26200,0,0,0,0,0,N/A,N/A
2026-10-02 10:20,2026-10-13,0,0,0,0,0,26400,0,0,0,0,0,N/A,N/A
2026-10-02 10:20,2026-10-13,0,0,0,0,0,26600,0,0,0,0,0,N/A,N/A
2026-10-02 10:20,2026-10-13,0,0,0,0,0,26800,0,0,0,0,0,N/A,N/A
2026-10-02 10:20,2026-10-13,0,0,0,0,0,27000,0,0,0,0,0,N/A,N/A
2026-10-02 10:20,2026-10-13,0,0,0,0,0,27200,0,0,0,0,0,N/A,N/A
2026-10-02 10:20,2026-10-13,0,0,0,0,0,27400,0,0,0,0,0,N/A,N/A
2026-10-02 10:20,2026-10-13,0,0,0,0,0,27600,0,0,0,0,0,N/A,N/A
2026-10-02 10:20,2026-10-13,0,0,0,0,0,27800,0,0,0,0,0,N/A,N/A
2026-10-02 10:20,2026-10-13,0,0,0,0,0,28000,0,0,0,0,0,N/A,N/A
2026-10-02 10:20,2026-10-13,0,0,0,0,0,28200,0,0,0,0,0,N/A,N/A
2026-10-02 10:20,2026-10-13,0,0,0,0,0,28400,0,0,0,0,0,N/A,N/A
2026-10-02 10:20,2026-10-13,0,0,0,0,0,28600,0,0,0,0,0,N/A,N/A
2026-10-02 10:20,2026-10-13,0,0,0,0,0,28800,0,0,0,0,0,N/A,N/A
2026-10-02 10:25,2026-10-13,1300,1300,1500,0,1365,21000,5006105,0,9.35,622050,1130675,Short Buildup,Short Buildup
2026-10-02 10:25,2026-10-13,0,0,0,0,0,21200,2147210,0,12.35,273585,398515,N/A,Short Buildup
2026-10-02 10:25,2026-10-13,130,130,1051.65,0,325,21400,2188420,0,18.1,-31135,318760,Short Buildup,Long Unwinding
2026-10-02 10:25,2026-10-13,65,65,899.8,0,195,21600,2310685,0,27.75,159965,391495,Short Buildup,Short Buildup
2026-10-02 10:25,2026-10-13,26455,26455,714.5,0,44850,21800,3033225,0,42.4,391560,741065,Short Buildup,Short Buildup
2026-10-02 10:25,2026-10-13,89245,60840,552,0,299585,22000,6709105,0,70.45,569400,1385410,Short Buildup,Short Buildup
2026-10-02 10:25,2026-10-13,130325,117390,398.7,0,741195,22200,3899935,0,114.15,27040,584545,Short Buildup,Short Buildup
2026-10-02 10:25,2026-10-13,504530,476840,264.15,0,3081000,22400,5681130,0,184.1,742560,1215565,Short Buildup,Short Buildup
2026-10-02 10:25,2026-10-13,687245,336895,163.05,0,5743205,22600,4563130,0,280.15,103350,574405,Short Buildup,Short Buildup
2026-10-02 10:25,2026-10-13,2174705,1145885,91.35,0,6679530,22800,1626105,0,403.55,-98020,706225,Short Buildup,Long Unwinding
2026-10-02 10:25,2026-10-13,2905565,1264965,47.55,0,10510110,23000,1144260,0,558.95,-36790,554450,Short Buildup,Long Unwinding
2026-10-02 10:25,2026-10-13,1666210,496145,25.15,0,4886570,23200,123110,0,731.7,-8190,186940,Short Buildup,Long Unwinding
2026-10-02 10:25,2026-10-13,879970,256425,13.65,0,3620565,23400,31655,0,934.8,4225,71175,Short Buildup,Short Buildup
2026-10-02 10:25,2026-10-13,677300,83265,7.95,0,2687165,23600,29770,0,1128.9,-10725,32045,Short Buildup,Long Unwinding
2026-10-02 10:25,2026-10-13,943865,-97695,5.5,0,3230110,23800,1495,0,1328.4,130,12090,Long Unwinding,Short Buildup
2026-10-02 10:25,2026-10-13,2905500,1900015,3.5,0,5536310,24000,52260,0,1523.1,37115,66950,Short Buildup,Short Buildup
2026-10-02 10:25,2026-10-13,905450,610220,2.2,0,2279875,24200,3120,0,1803.3,390,3770,Short Buildup,Short Buildup
2026-10-02 10:25,2026-10-13,576160,256360,1.4,0,1781065,24400,975,0,1480,-325,975,Short Buildup,Long Unwinding
2026-10-02 10:25,2026-10-13,501345,176345,1.25,0,1204905,24600,130,0,2206.3,0,1885,Short Buildup,N/A
2026-10-02 10:25,2026-10-13,73580,8645,1.15,0,193895,24800,130,0,2160,65,65,Short Buildup,Short Buildup
2026-10-02 10:25,2026-10-13,369785,173745,1.15,0,878085,25000,520,0,2530.8,195,1690,Short Buildup,Short Buildup
2026-10-02 10:25,2026-10-13,43615,36855,0.95,0,54470,25200,0,0,0,0,0,Short Buildup,N/A
2026-10-02 10:25,2026-10-13,274820,130845,0.95,0,319995,25400,65,0,2600,-65,0,Short Buildup,Long Unwinding
2026-10-02 10:25,2026-10-13,0,0,0,0,0,25600,0,0,0,0,0,N/A,N/A
2026-10-02 10:25,2026-10-13,0,0,0,0,0,25800,0,0,0,0,0,N/A,N/A
2026-10-02 10:25,2026-10-13,0,0,0,0,0,26000,0,0,0,0,0,N/A,N/A
2026-10-02 10:25,2026-10-13,0,0,0,0,0,26200,0,0,0,0,0,N/A,N/A
2026-10-02 10:25,2026-10-13,0,0,0,0,0,26400,0,0,0,0,0,N/A,N/A
2026-10-02 10:25,2026-10-13,0,0,0,0,0,26600,0,0,0,0,0,N/A,N/A
2026-10-02 10:25,2026-10-13,0,0,0,0,0,26800,0,0,0,0,0,N/A,N/A
2026-10-02 10:25,2026-10-13,0,0,0,0,0,27000,0,0,0,0,0,N/A,N/A
2026-10-02 10:25,2026-10-13,0,0,0,0,0,27200,0,0,0,0,0,N/A,N/A
2026-10-02 10:25,2026-10-13,0,0,0,0,0,27400,0,0,0,0,0,N/A,N/A
2026-10-02 10:25,2026-10-13,0,0,0,0,0,27600,0,0,0,0,0,N/A,N/A
2026-10-02 10:25,2026-10-13,0,0,0,0,0,27800,0,0,0,0,0,N/A,N/A
2026-10-02 10:25,2026-10-13,0,0,0,0,0,28000,0,0,0,0,0,N/A,N/A
2026-10-02 10:25,2026-10-13,0,0,0,0,0,28200,0,0,0,0,0,N/A,N/A
2026-10-02 10:25,2026-10-13,0,0,0,0,0,28400,0,0,0,0,0,N/A,N/A
2026-10-02 10:25,2026-10-13,0,0,0,0,0,28600,0,0,0,0,0,N/A,N/A
2026-10-02 10:25,2026-10-13,0,0,0,0,0,28800,0,0,0,0,0,N/A,N/A
2026-10-02 10:30,2026-10-13,1300,1300,1500,0,1365,21000,5006105,0,9.35,622050,1130675,Short Buildup,Short Buildup
2026-10-02 10:30,2026-10-13,0,0,0,0,0,21200,2147210,0,12.35,273585,398515,N/A,Short Buildup
2026-10-02 10:30,2026-10-13,130,130,1051.65,0,325,21400,2188420,0,18.1,-31135,318760,Short Buildup,Long Unwinding
2026-10-02 10:30,2026-10-13,65,65,899.8,0,195,21600,2310685,0,27.75,159965,391495,Short Buildup,Short Buildup
2026-10-02 10:30,2026-10-13,26455,26455,714.5,0,44850,21800,3033225,0,42.4,391560,741065,Short Buildup,Short Buildup
2026-10-02 10:30,2026-10-13,89245,60840,552,0,299585,22000,6709105,0,70.45,569400,1385410,Short Buildup,Short Buildup
2026-10-02 10:30,2026-10-13,130325,117390,398.7,0,741195,22200,3899935,0,114.15,27040,584545,Short Buildup,Short Buildup
2026-10-02 10:30,2026-10-13,504530,476840,264.15,0,3081000,22400,5681130,0,184.1,742560,1215565,Short Buildup,Short Buildup
2026-10-02 10:30,2026-10-13,687245,336895,163.05,0,5743205,22600,4563130,0,280.15,103350,574405,Short Buildup,Short Buildup
2026-10-02 10:30,2026-10-13,2174705,1145885,91.35,0,6679530,22800,1626105,0,403.55,-98020,706225,Short Buildup,Long Unwinding
2026-10-02 10:30,2026-10-13,2905565,1264965,47.55,0,10510110,23000,1144260,0,558.95,-36790,554450,Short Buildup,Long Unwinding
2026-10-02 10:30,2026-10-13,1666210,496145,25.15,0,4886570,23200,123110,0,731.7,-8190,186940,Short Buildup,Long Unwinding
2026-10-02 10:30,2026-10-13,879970,256425,13.65,0,3620565,23400,31655,0,934.8,4225,71175,Short Buildup,Short Buildup
2026-10-02 10:30,2026-10-13,677300,83265,7.95,0,2687165,23600,29770,0,1128.9,-10725,32045,Short Buildup,Long Unwinding
2026-10-02 10:30,2026-10-13,943865,-97695,5.5,0,3230110,23800,1495,0,1328.4,130,12090,Long Unwinding,Short Buildup
2026-10-02 10:30,2026-10-13,2905500,1900015,3.5,0,5536310,24000,52260,0,1523.1,37115,66950,Short Buildup,Short Buildup
2026-10-02 10:30,2026-10-13,905450,610220,2.2,0,2279875,24200,3120,0,1803.3,390,3770,Short Buildup,Short Buildup
2026-10-02 10:30,2026-10-13,576160,256360,1.4,0,1781065,24400,975,0,1480,-325,975,Short Buildup,Long Unwinding
2026-10-02 10:30,2026-10-13,501345,176345,1.25,0,1204905,24600,130,0,2206.3,0,1885,Short Buildup,N/A
2026-10-02 10:30,2026-10-13,73580,8645,1.15,0,193895,24800,130,0,2160,65,65,Short Buildup,Short Buildup
2026-10-02 10:30,2026-10-13,369785,173745,1.15,0,878085,25000,520,0,2530.8,195,1690,Short Buildup,Short Buildup
2026-10-02 10:30,2026-10-13,43615,36855,0.95,0,54470,25200,0,0,0,0,0,Short Buildup,N/A
2026-10-02 10:30,2026-10-13,274820,130845,0.95,0,319995,25400,65,0,2600,-65,0,Short Buildup,Long Unwinding
2026-10-02 10:30,2026-10-13,0,0,0,0,0,25600,0,0,0,0,0,N/A,N/A
2026-10-02 10:30,2026-10-13,0,0,0,0,0,25800,0,0,0,0,0,N/A,N/A
2026-10-02 10:30,2026-10-13,0,0,0,0,0,26000,0,0,0,0,0,N/A,N/A
2026-10-02 10:30,2026-10-13,0,0,0,0,0,26200,0,0,0,0,0,N/A,N/A
2026-10-02 10:30,2026-10-13,0,0,0,0,0,26400,0,0,0,0,0,N/A,N/A
2026-10-02 10:30,2026-10-13,0,0,0,0,0,26600,0,0,0,0,0,N/A,N/A
2026-10-02 10:30,2026-10-13,0,0,0,0,0,26800,0,0,0,0,0,N/A,N/A
2026-10-02 10:30,2026-10-13,0,0,0,0,0,27000,0,0,0,0,0,N/A,N/A
2026-10-02 10:30,2026-10-13,0,0,0,0,0,27200,0,0,0,0,0,N/A,N/A
2026-10-02 10:30,2026-10-13,0,0,0,0,0,27400,0,0,0,0,0,N/A,N/A
2026-10-02 10:30,2026-10-13,0,0,0,0,0,27600,0,0,0,0,0,N/A,N/A
2026-10-02 10:30,2026-10-13,0,0,0,0,0,27800,0,0,0,0,0,N/A,N/A
2026-10-02 10:30,2026-10-13,0,0,0,0,0,28000,0,0,0,0,0,N/A,N/A
2026-10-02 10:30,2026-10-13,0,0,0,0,0,28200,0,0,0,0,0,N/A,N/A
2026-10-02 10:30,2026-10-13,0,0,0,0,0,28400,0,0,0,0,0,N/A,N/A
2026-10-02 10:30,2026-10-13,0,0,0,0,0,28600,0,0,0,0,0,N/A,N/A
2026-10-02 10:30,2026-10-13,0,0,0,0,0,28800,0,0,0,0,0,N/A,N/A
2026-10-02 10:35,2026-10-13,1300,1300,1500,0,1365,21000,5006105,0,9.35,622050,1130675,Short Buildup,Short Buildup
2026-10-02 10:35,2026-10-13,0,0,0,0,0,21200,2147210,0,12.35,273585,398515,N/A,Short Buildup
2026-10-02 10:35,2026-10-13,130,130,1051.65,0,325,21400,2188420,0,18.1,-31135,318760,Short Buildup,Long Unwinding
2026-10-02 10:35,2026-10-13,65,65,899.8,0,195,21600,2310685,0,27.75,159965,391495,Short Buildup,Short Buildup
2026-10-02 10:35,2026-10-13,26455,26455,714.5,0,44850,21800,3033225,0,42.4,391560,741065,Short Buildup,Short Buildup
2026-10-02 10:35,2026-10-13,89245,60840,552,0,299585,22000,6709105,0,70.45,569400,1385410,Short Buildup,Short Buildup
2026-10-02 10:35,2026-10-13,130325,117390,398.7,0,741195,22200,3899935,0,114.15,27040,584545,Short Buildup,Short Buildup
2026-10-02 10:35,2026-10-13,504530,476840,264.15,0,3081000,22400,5681130,0,184.1,742560,1215565,Short Buildup,Short Buildup
2026-10-02 10:35,2026-10-13,687245,336895,163.05,0,5743205,22600,4563130,0,280.15,103350,574405,Short Buildup,Short Buildup
2026-10-02 10:35,2026-10-13,2174705,1145885,91.35,0,6679530,22800,1626105,0,403.55,-98020,706225,Short Buildup,Long Unwinding
2026-10-02 10:35,2026-10-13,2905565,1264965,47.55,0,10510110,23000,1144260,0,558.95,-36790,554450,Short Buildup,Long Unwinding
2026-10-02 10:35,2026-10-13,1666210,496145,25.15,0,4886570,23200,123110,0,731.7,-8190,186940,Short Buildup,Long Unwinding
2026-10-02 10:35,2026-10-13,879970,256425,13.65,0,3620565,23400,31655,0,934.8,4225,71175,Short Buildup,Short Buildup
2026-10-02 10:35,2026-10-13,677300,83265,7.95,0,2687165,23600,29770,0,1128.9,-10725,32045,Short Buildup,Long Unwinding
2026-10-02 10:35,2026-10-13,943865,-97695,5.5,0,3230110,23800,1495,0,1328.4,130,12090,Long Unwinding,Short Buildup
2026-10-02 10:35,2026-10-13,2905500,1900015,3.5,0,5536310,24000,52260,0,1523.1,37115,66950,Short Buildup,Short Buildup
2026-10-02 10:35,2026-10-13,905450,610220,2.2,0,2279875,24200,3120,0,1803.3,390,3770,Short Buildup,Short Buildup
2026-10-02 10:35,2026-10-13,576160,256360,1.4,0,1781065,24400,975,0,1480,-325,975,Short Buildup,Long Unwinding
2026-10-02 10:35,2026-10-13,501345,176345,1.25,0,1204905,24600,130,0,2206.3,0,1885,Short Buildup,N/A
2026-10-02 10:35,2026-10-13,73580,8645,1.15,0,193895,24800,130,0,2160,65,65,Short Buildup,Short Buildup
2026-10-02 10:35,2026-10-13,369785,173745,1.15,0,878085,25000,520,0,2530.8,195,1690,Short Buildup,Short Buildup
2026-10-02 10:35,2026-10-13,43615,36855,0.95,0,54470,25200,0,0,0,0,0,Short Buildup,N/A
2026-10-02 10:35,2026-10-13,274820,130845,0.95,0,319995,25400,65,0,2600,-65,0,Short Buildup,Long Unwinding
2026-10-02 10:35,2026-10-13,0,0,0,0,0,25600,0,0,0,0,0,N/A,N/A
2026-10-02 10:35,2026-10-13,0,0,0,0,0,25800,0,0,0,0,0,N/A,N/A
2026-10-02 10:35,2026-10-13,0,0,0,0,0,26000,0,0,0,0,0,N/A,N/A
2026-10-02 10:35,2026-10-13,0,0,0,0,0,26200,0,0,0,0,0,N/A,N/A
2026-10-02 10:35,2026-10-13,0,0,0,0,0,26400,0,0,0,0,0,N/A,N/A
2026-10-02 10:35,2026-10-13,0,0,0,0,0,26600,0,0,0,0,0,N/A,N/A
2026-10-02 10:35,2026-10-13,0,0,0,0,0,26800,0,0,0,0,0,N/A,N/A
2026-10-02 10:35,2026-10-13,0,0,0,0,0,27000,0,0,0,0,0,N/A,N/A
2026-10-02 10:35,2026-10-13,0,0,0,0,0,27200,0,0,0,0,0,N/A,N/A
2026-10-02 10:35,2026-10-13,0,0,0,0,0,27400,0,0,0,0,0,N/A,N/A
2026-10-02 10:35,2026-10-13,0,0,0,0,0,27600,0,0,0,0,0,N/A,N/A
2026-10-02 10:35,2026-10-13,0,0,0,0,0,27800,0,0,0,0,0,N/A,N/A
2026-10-02 10:35,2026-10-13,0,0,0,0,0,28000,0,0,0,0,0,N/A,N/A
2026-10-02 10:35,2026-10-13,0,0,0,0,0,28200,0,0,0,0,0,N/A,N/A
2026-10-02 10:35,2026-10-13,0,0,0,0,0,28400,0,0,0,0,0,N/A,N/A
2026-10-02 10:35,2026-10-13,0,0,0,0,0,28600,0,0,0,0,0,N/A,N/A
2026-10-02 10:35,2026-10-13,0,0,0,0,0,28800,0,0,0,0,0,N/A,N/A
2026-10-02 10:40,2026-10-13,1300,1300,1500,0,1365,21000,5006105,0,9.35,622050,1130675,Short Buildup,Short Buildup
2026-10-02 10:40,2026-10-13,0,0,0,0,0,21200,2147210,0,12.35,273585,398515,N/A,Short Buildup
2026-10-02 10:40,2026-10-13,130,130,1051.65,0,325,21400,2188420,0,18.1,-31135,318760,Short Buildup,Long Unwinding
2026-10-02 10:40,2026-10-13,65,65,899.8,0,195,21600,2310685,0,27.75,159965,391495,Short Buildup,Short Buildup
2026-10-02 10:40,2026-10-13,26455,26455,714.5,0,44850,21800,3033225,0,42.4,391560,741065,Short Buildup,Short Buildup
2026-10-02 10:40,2026-10-13,89245,60840,552,0,299585,22000,6709105,0,70.45,569400,1385410,Short Buildup,Short Buildup
2026-10-02 10:40,2026-10-13,130325,117390,398.7,0,741195,22200,3899935,0,114.15,27040,584545,Short Buildup,Short Buildup
2026-10-02 10:40,2026-10-13,504530,476840,264.15,0,3081000,22400,5681130,0,184.1,742560,1215565,Short Buildup,Short Buildup
2026-10-02 10:40,2026-10-13,687245,336895,163.05,0,5743205,22600,4563130,0,280.15,103350,574405,Short Buildup,Short Buildup
2026-10-02 10:40,2026-10-13,2174705,1145885,91.35,0,6679530,22800,1626105,0,403.55,-98020,706225,Short Buildup,Long Unwinding
2026-10-02 10:40,2026-10-13,2905565,1264965,47.55,0,10510110,23000,1144260,0,558.95,-36790,554450,Short Buildup,Long Unwinding
2026-10-02 10:40,2026-10-13,1666210,496145,25.15,0,4886570,23200,123110,0,731.7,-8190,186940,Short Buildup,Long Unwinding
2026-10-02 10:40,2026-10-13,879970,256425,13.65,0,3620565,23400,31655,0,934.8,4225,71175,Short Buildup,Short Buildup
2026-10-02 10:40,2026-10-13,677300,83265,7.95,0,2687165,23600,29770,0,1128.9,-10725,32045,Short Buildup,Long Unwinding
2026-10-02 10:40,2026-10-13,943865,-97695,5.5,0,3230110,23800,1495,0,1328.4,130,12090,Long Unwinding,Short Buildup
2026-10-02 10:40,2026-10-13,2905500,1900015,3.5,0,5536310,24000,52260,0,1523.1,37115,66950,Short Buildup,Short Buildup
2026-10-02 10:40,2026-10-13,905450,610220,2.2,0,2279875,24200,3120,0,1803.3,390,3770,Short Buildup,Short Buildup
2026-10-02 10:40,2026-10-13,576160,256360,1.4,0,1781065,24400,975,0,1480,-325,975,Short Buildup,Long Unwinding
2026-10-02 10:40,2026-10-13,501345,176345,1.25,0,1204905,24600,130,0,2206.3,0,1885,Short Buildup,N/A
2026-10-02 10:40,2026-10-13,73580,8645,1.15,0,193895,24800,130,0,2160,65,65,Short Buildup,Short Buildup
2026-10-02 10:40,2026-10-13,369785,173745,1.15,0,878085,25000,520,0,2530.8,195,1690,Short Buildup,Short Buildup
2026-10-02 10:40,2026-10-13,43615,36855,0.95,0,54470,25200,0,0,0,0,0,Short Buildup,N/A
2026-10-02 10:40,2026-10-13,274820,130845,0.95,0,319995,25400,65,0,2600,-65,0,Short Buildup,Long Unwinding
2026-10-02 10:40,2026-10-13,0,0,0,0,0,25600,0,0,0,0,0,N/A,N/A
2026-10-02 10:40,2026-10-13,0,0,0,0,0,25800,0,0,0,0,0,N/A,N/A
2026-10-02 10:40,2026-10-13,0,0,0,0,0,26000,0,0,0,0,0,N/A,N/A
2026-10-02 10:40,2026-10-13,0,0,0,0,0,26200,0,0,0,0,0,N/A,N/A
2026-10-02 10:40,2026-10-13,0,0,0,0,0,26400,0,0,0,0,0,N/A,N/A
2026-10-02 10:40,2026-10-13,0,0,0,0,0,26600,0,0,0,0,0,N/A,N/A
2026-10-02 10:40,2026-10-13,0,0,0,0,0,26800,0,0,0,0,0,N/A,N/A
2026-10-02 10:40,2026-10-13,0,0,0,0,0,27000,0,0,0,0,0,N/A,N/A
2026-10-02 10:40,2026-10-13,0,0,0,0,0,27200,0,0,0,0,0,N/A,N/A
2026-10-02 10:40,2026-10-13,0,0,0,0,0,27400,0,0,0,0,0,N/A,N/A
2026-10-02 10:40,2026-10-13,0,0,0,0,0,27600,0,0,0,0,0,N/A,N/A
2026-10-02 10:40,2026-10-13,0,0,0,0,0,27800,0,0,0,0,0,N/A,N/A
2026-10-02 10:40,2026-10-13,0,0,0,0,0,28000,0,0,0,0,0,N/A,N/A
2026-10-02 10:40,2026-10-13,0,0,0,0,0,28200,0,0,0,0,0,N/A,N/A
2026-10-02 10:40,2026-10-13,0,0,0,0,0,28400,0,0,0,0,0,N/A,N/A
2026-10-02 10:40,2026-10-13,0,0,0,0,0,28600,0,0,0,0,0,N/A,N/A
2026-10-02 10:40,2026-10-13,0,0,0,0,0,28800,0,0,0,0,0,N/A,N/A
2026-10-02 10:45,2026-10-13,1300,1300,1500,0,1365,21000,5006105,0,9.35,622050,1130675,Short Buildup,Short Buildup
2026-10-02 10:45,2026-10-13,0,0,0,0,0,21200,2147210,0,12.35,273585,398515,N/A,Short Buildup
2026-10-02 10:45,2026-10-13,130,130,1051.65,0,325,21400,2188420,0,18.1,-31135,318760,Short Buildup,Long Unwinding
2026-10-02 10:45,2026-10-13,65,65,899.8,0,195,21600,2310685,0,27.75,159965,391495,Short Buildup,Short Buildup
2026-10-02 10:45,2026-10-13,26455,26455,714.5,0,44850,21800,3033225,0,42.4,391560,741065,Short Buildup,Short Buildup
2026-10-02 10:45,2026-10-13,89245,60840,552,0,299585,22000,6709105,0,70.45,569400,1385410,Short Buildup,Short Buildup
2026-10-02 10:45,2026-10-13,130325,117390,398.7,0,741195,22200,3899935,0,114.15,27040,584545,Short Buildup,Short Buildup
2026-10-02 10:45,2026-10-13,504530,476840,264.15,0,3081000,22400,5681130,0,184.1,742560,1215565,Short Buildup,Short Buildup
2026-10-02 10:45,2026-10-13,687245,336895,163.05,0,5743205,22600,4563130,0,280.15,103350,574405,Short Buildup,Short Buildup
2026-10-02 10:45,2026-10-13,2174705,1145885,91.35,0,6679530,22800,1626105,0,403.55,-98020,706225,Short Buildup,Long Unwinding
2026-10-02 10:45,2026-10-13,2905565,1264965,47.55,0,10510110,23000,1144260,0,558.95,-36790,554450,Short Buildup,Long Unwinding
2026-10-02 10:45,2026-10-13,1666210,496145,25.15,0,4886570,23200,123110,0,731.7,-8190,186940,Short Buildup,Long Unwinding
2026-10-02 10:45,2026-10-13,879970,256425,13.65,0,3620565,23400,31655,0,934.8,4225,71175,Short Buildup,Short Buildup
2026-10-02 10:45,2026-10-13,677300,83265,7.95,0,2687165,23600,29770,0,1128.9,-10725,32045,Short Buildup,Long Unwinding
2026-10-02 10:45,2026-10-13,943865,-97695,5.5,0,3230110,23800,1495,0,1328.4,130,12090,Long Unwinding,Short Buildup
2026-10-02 10:45,2026-10-13,2905500,1900015,3.5,0,5536310,24000,52260,0,1523.1,37115,66950,Short Buildup,Short Buildup
2026-10-02 10:45,2026-10-13,905450,610220,2.2,0,2279875,24200,3120,0,1803.3,390,3770,Short Buildup,Short Buildup
2026-10-02 10:45,2026-10-13,576160,256360,1.4,0,1781065,24400,975,0,1480,-325,975,Short Buildup,Long Unwinding
2026-10-02 10:45,2026-10-13,501345,176345,1.25,0,1204905,24600,130,0,2206.3,0,1885,Short Buildup,N/A
2026-10-02 10:45,2026-10-13,73580,8645,1.15,0,193895,24800,130,0,2160,65,65,Short Buildup,Short Buildup
2026-10-02 10:45,2026-10-13,369785,173745,1.15,0,878085,25000,520,0,2530.8,195,1690,Short Buildup,Short Buildup
2026-10-02 10:45,2026-10-13,43615,36855,0.95,0,54470,25200,0,0,0,0,0,Short Buildup,N/A
2026-10-02 10:45,2026-10-13,274820,130845,0.95,0,319995,25400,65,0,2600,-65,0,Short Buildup,Long Unwinding
2026-10-02 10:45,2026-10-13,0,0,0,0,0,25600,0,0,0,0,0,N/A,N/A
2026-10-02 10:45,2026-10-13,0,0,0,0,0,25800,0,0,0,0,0,N/A,N/A
2026-10-02 10:45,2026-10-13,0,0,0,0,0,26000,0,0,0,0,0,N/A,N/A
2026-10-02 10:45,2026-10-13,0,0,0,0,0,26200,0,0,0,0,0,N/A,N/A
2026-10-02 10:45,2026-10-13,0,0,0,0,0,26400,0,0,0,0,0,N/A,N/A
2026-10-02 10:45,2026-10-13,0,0,0,0,0,26600,0,0,0,0,0,N/A,N/A
2026-10-02 10:45,2026-10-13,0,0,0,0,0,26800,0,0,0,0,0,N/A,N/A
2026-10-02 10:45,2026-10-13,0,0,0,0,0,27000,0,0,0,0,0,N/A,N/A
2026-10-02 10:45,2026-10-13,0,0,0,0,0,27200,0,0,0,0,0,N/A,N/A
2026-10-02 10:45,2026-10-13,0,0,0,0,0,27400,0,0,0,0,0,N/A,N/A
2026-10-02 10:45,2026-10-13,0,0,0,0,0,27600,0,0,0,0,0,N/A,N/A
2026-10-02 10:45,2026-10-13,0,0,0,0,0,27800,0,0,0,0,0,N/A,N/A
2026-10-02 10:45,2026-10-13,0,0,0,0,0,28000,0,0,0,0,0,N/A,N/A
2026-10-02 10:45,2026-10-13,0,0,0,0,0,28200,0,0,0,0,0,N/A,N/A
2026-10-02 10:45,2026-10-13,0,0,0,0,0,28400,0,0,0,0,0,N/A,N/A
2026-10-02 10:45,2026-10-13,0,0,0,0,0,28600,0,0,0,0,0,N/A,N/A
2026-10-02 10:45,2026-10-13,0,0,0,0,0,28800,0,0,0,0,0,N/A,N/A
2026-10-02 10:50,2026-10-13,1300,1300,1500,0,1365,21000,5006105,0,9.35,622050,1130675,Short Buildup,Short Buildup
2026-10-02 10:50,2026-10-13,0,0,0,0,0,21200,2147210,0,12.35,273585,398515,N/A,Short Buildup
2026-10-02 10:50,2026-10-13,130,130,1051.65,0,325,21400,2188420,0,18.1,-31135,318760,Short Buildup,Long Unwinding
2026-10-02 10:50,2026-10-13,65,65,899.8,0,195,21600,2310685,0,27.75,159965,391495,Short Buildup,Short Buildup
2026-10-02 10:50,2026-10-13,26455,26455,714.5,0,44850,21800,3033225,0,42.4,391560,741065,Short Buildup,Short Buildup
2026-10-02 10:50,2026-10-13,89245,60840,552,0,299585,22000,6709105,0,70.45,569400,1385410,Short Buildup,Short Buildup
2026-10-02 10:50,2026-10-13,130325,117390,398.7,0,741195,22200,3899935,0,114.15,27040,584545,Short Buildup,Short Buildup
2026-10-02 10:50,2026-10-13,504530,476840,264.15,0,3081000,22400,5681130,0,184.1,742560,1215565,Short Buildup,Short Buildup
2026-10-02 10:50,2026-10-13,687245,336895,163.05,0,5743205,22600,4563130,0,280.15,103350,574405,Short Buildup,Short Buildup
2026-10-02 10:50,2026-10-13,2174705,1145885,91.35,0,6679530,22800,1626105,0,403.55,-98020,706225,Short Buildup,Long Unwinding
2026-10-02 10:50,2026-10-13,2905565,1264965,47.55,0,10510110,23000,1144260,0,558.95,-36790,554450,Short Buildup,Long Unwinding
2026-10-02 10:50,2026-10-13,1666210,496145,25.15,0,4886570,23200,123110,0,731.7,-8190,186940,Short Buildup,Long Unwinding
2026-10-02 10:50,2026-10-13,879970,256425,13.65,0,3620565,23400,31655,0,934.8,4225,71175,Short Buildup,Short Buildup
2026-10-02 10:50,2026-10-13,677300,83265,7.95,0,2687165,23600,29770,0,1128.9,-10725,32045,Short Buildup,Long Unwinding
2026-10-02 10:50,2026-10-13,943865,-97695,5.5,0,3230110,23800,1495,0,1328.4,130,12090,Long Unwinding,Short Buildup
2026-10-02 10:50,2026-10-13,2905500,1900015,3.5,0,5536310,24000,52260,0,1523.1,37115,66950,Short Buildup,Short Buildup
2026-10-02 10:50,2026-10-13,905450,610220,2.2,0,2279875,24200,3120,0,1803.3,390,3770,Short Buildup,Short Buildup
2026-10-02 10:50,2026-10-13,576160,256360,1.4,0,1781065,24400,975,0,1480,-325,975,Short Buildup,Long Unwinding
2026-10-02 10:50,2026-10-13,501345,176345,1.25,0,1204905,24600,130,0,2206.3,0,1885,Short Buildup,N/A
2026-10-02 10:50,2026-10-13,73580,8645,1.15,0,193895,24800,130,0,2160,65,65,Short Buildup,Short Buildup
2026-10-02 10:50,2026-10-13,369785,173745,1.15,0,878085,25000,520,0,2530.8,195,1690,Short Buildup,Short Buildup
2026-10-02 10:50,2026-10-13,43615,36855,0.95,0,54470,25200,0,0,0,0,0,Short Buildup,N/A
2026-10-02 10:50,2026-10-13,274820,130845,0.95,0,319995,25400,65,0,2600,-65,0,Short Buildup,Long Unwinding
2026-10-02 10:50,2026-10-13,0,0,0,0,0,25600,0,0,0,0,0,N/A,N/A
2026-10-02 10:50,2026-10-13,0,0,0,0,0,25800,0,0,0,0,0,N/A,N/A
2026-10-02 10:50,2026-10-13,0,0,0,0,0,26000,0,0,0,0,0,N/A,N/A
2026-10-02 10:50,2026-10-13,0,0,0,0,0,26200,0,0,0,0,0,N/A,N/A
2026-10-02 10:50,2026-10-13,0,0,0,0,0,26400,0,0,0,0,0,N/A,N/A
2026-10-02 10:50,2026-10-13,0,0,0,0,0,26600,0,0,0,0,0,N/A,N/A
2026-10-02 10:50,2026-10-13,0,0,0,0,0,26800,0,0,0,0,0,N/A,N/A
2026-10-02 10:50,2026-10-13,0,0,0,0,0,27000,0,0,0,0,0,N/A,N/A
2026-10-02 10:50,2026-10-13,0,0,0,0,0,27200,0,0,0,0,0,N/A,N/A
2026-10-02 10:50,2026-10-13,0,0,0,0,0,27400,0,0,0,0,0,N/A,N/A
2026-10-02 10:50,2026-10-13,0,0,0,0,0,27600,0,0,0,0,0,N/A,N/A
2026-10-02 10:50,2026-10-13,0,0,0,0,0,27800,0,0,0,0,0,N/A,N/A
2026-10-02 10:50,2026-10-13,0,0,0,0,0,28000,0,0,0,0,0,N/A,N/A
2026-10-02 10:50,2026-10-13,0,0,0,0,0,28200,0,0,0,0,0,N/A,N/A
2026-10-02 10:50,2026-10-13,0,0,0,0,0,28400,0,0,0,0,0,N/A,N/A
2026-10-02 10:50,2026-10-13,0,0,0,0,0,28600,0,0,0,0,0,N/A,N/A
2026-10-02 10:50,2026-10-13,0,0,0,0,0,28800,0,0,0,0,0,N/A,N/A
2026-10-02 10:55,2026-10-13,1300,1300,1500,0,1365,21000,5006105,0,9.35,622050,1130675,Short Buildup,Short Buildup
2026-10-02 10:55,2026-10-13,0,0,0,0,0,21200,2147210,0,12.35,273585,398515,N/A,Short Buildup
2026-10-02 10:55,2026-10-13,130,130,1051.65,0,325,21400,2188420,0,18.1,-31135,318760,Short Buildup,Long Unwinding
2026-10-02 10:55,2026-10-13,65,65,899.8,0,195,21600,2310685,0,27.75,159965,391495,Short Buildup,Short Buildup
2026-10-02 10:55,2026-10-13,26455,26455,714.5,0,44850,21800,3033225,0,42.4,391560,741065,Short Buildup,Short Buildup
2026-10-02 10:55,2026-10-13,89245,60840,552,0,299585,22000,6709105,0,70.45,569400,1385410,Short Buildup,Short Buildup
2026-10-02 10:55,2026-10-13,130325,117390,398.7,0,741195,22200,3899935,0,114.15,27040,584545,Short Buildup,Short Buildup
2026-10-02 10:55,2026-10-13,504530,476840,264.15,0,3081000,22400,5681130,0,184.1,742560,1215565,Short Buildup,Short Buildup
2026-10-02 10:55,2026-10-13,687245,336895,163.05,0,5743205,22600,4563130,0,280.15,103350,574405,Short Buildup,Short Buildup
2026-10-02 10:55,2026-10-13,2174705,1145885,91.35,0,6679530,22800,1626105,0,403.55,-98020,706225,Short Buildup,Long Unwinding
2026-10-02 10:55,2026-10-13,2905565,1264965,47.55,0,10510110,23000,1144260,0,558.95,-36790,554450,Short Buildup,Long Unwinding
2026-10-02 10:55,2026-10-13,1666210,496145,25.15,0,4886570,23200,123110,0,731.7,-8190,186940,Short Buildup,Long Unwinding
2026-10-02 10:55,2026-10-13,879970,256425,13.65,0,3620565,23400,31655,0,934.8,4225,71175,Short Buildup,Short Buildup
2026-10-02 10:55,2026-10-13,677300,83265,7.95,0,2687165,23600,29770,0,1128.9,-10725,32045,Short Buildup,Long Unwinding
2026-10-02 10:55,2026-10-13,943865,-97695,5.5,0,3230110,23800,1495,0,1328.4,130,12090,Long Unwinding,Short Buildup
2026-10-02 10:55,2026-10-13,2905500,1900015,3.5,0,5536310,24000,52260,0,1523.1,37115,66950,Short Buildup,Short Buildup
2026-10-02 10:55,2026-10-13,905450,610220,2.2,0,2279875,24200,3120,0,1803.3,390,3770,Short Buildup,Short Buildup
2026-10-02 10:55,2026-10-13,576160,256360,1.4,0,1781065,24400,975,0,1480,-325,975,Short Buildup,Long Unwinding
2026-10-02 10:55,2026-10-13,501345,176345,1.25,0,1204905,24600,130,0,2206.3,0,1885,Short Buildup,N/A
2026-10-02 10:55,2026-10-13,73580,8645,1.15,0,193895,24800,130,0,2160,65,65,Short Buildup,Short Buildup
2026-10-02 10:55,2026-10-13,369785,173745,1.15,0,878085,25000,520,0,2530.8,195,1690,Short Buildup,Short Buildup
2026-10-02 10:55,2026-10-13,43615,36855,0.95,0,54470,25200,0,0,0,0,0,Short Buildup,N/A
2026-10-02 10:55,2026-10-13,274820,130845,0.95,0,319995,25400,65,0,2600,-65,0,Short Buildup,Long Unwinding
2026-10-02 10:55,2026-10-13,0,0,0,0,0,25600,0,0,0,0,0,N/A,N/A
2026-10-02 10:55,2026-10-13,0,0,0,0,0,25800,0,0,0,0,0,N/A,N/A
2026-10-02 10:55,2026-10-13,0,0,0,0,0,26000,0,0,0,0,0,N/A,N/A
2026-10-02 10:55,2026-10-13,0,0,0,0,0,26200,0,0,0,0,0,N/A,N/A
2026-10-02 10:55,2026-10-13,0,0,0,0,0,26400,0,0,0,0,0,N/A,N/A
2026-10-02 10:55,2026-10-13,0,0,0,0,0,26600,0,0,0,0,0,N/A,N/A
2026-10-02 10:55,2026-10-13,0,0,0,0,0,26800,0,0,0,0,0,N/A,N/A
2026-10-02 10:55,2026-10-13,0,0,0,0,0,27000,0,0,0,0,0,N/A,N/A
2026-10-02 10:55,2026-10-13,0,0,0,0,0,27200,0,0,0,0,0,N/A,N/A
2026-10-02 10:55,2026-10-13,0,0,0,0,0,27400,0,0,0,0,0,N/A,N/A
2026-10-02 10:55,2026-10-13,0,0,0,0,0,27600,0,0,0,0,0,N/A,N/A
2026-10-02 10:55,2026-10-13,0,0,0,0,0,27800,0,0,0,0,0,N/A,N/A
2026-10-02 10:55,2026-10-13,0,0,0,0,0,28000,0,0,0,0,0,N/A,N/A
2026-10-02 10:55,2026-10-13,0,0,0,0,0,28200,0,0,0,0,0,N/A,N/A
2026-10-02 10:55,2026-10-13,0,0,0,0,0,28400,0,0,0,0,0,N/A,N/A
2026-10-02 10:55,2026-10-13,0,0,0,0,0,28600,0,0,0,0,0,N/A,N/A
2026-10-02 10:55,2026-10-13,0,0,0,0,0,28800,0,0,0,0,0,N/A,N/A
2026-10-02 11:00,2026-10-13,1300,1300,1500,0,1365,21000,5006105,0,9.35,622050,1130675,Short Buildup,Short Buildup
2026-10-02 11:00,2026-10-13,0,0,0,0,0,21200,2147210,0,12.35,273585,398515,N/A,Short Buildup
2026-10-02 11:00,2026-10-13,130,130,1051.65,0,325,21400,2188420,0,18.1,-31135,318760,Short Buildup,Long Unwinding
2026-10-02 11:00,2026-10-13,65,65,899.8,0,195,21600,2310685,0,27.75,159965,391495,Short Buildup,Short Buildup
2026-10-02 11:00,2026-10-13,26455,26455,714.5,0,44850,21800,3033225,0,42.4,391560,741065,Short Buildup,Short Buildup
2026-10-02 11:00,2026-10-13,89245,60840,552,0,299585,22000,6709105,0,70.45,569400,1385410,Short Buildup,Short Buildup
2026-10-02 11:00,2026-10-13,130325,117390,398.7,0,741195,22200,3899935,0,114.15,27040,584545,Short Buildup,Short Buildup
2026-10-02 11:00,2026-10-13,504530,476840,264.15,0,3081000,22400,5681130,0,184.1,742560,1215565,Short Buildup,Short Buildup
2026-10-02 11:00,2026-10-13,687245,336895,163.05,0,5743205,22600,4563130,0,280.15,103350,574405,Short Buildup,Short Buildup
2026-10-02 11:00,2026-10-13,2174705,1145885,91.35,0,6679530,22800,1626105,0,403.55,-98020,706225,Short Buildup,Long Unwinding
2026-10-02 11:00,2026-10-13,2905565,1264965,47.55,0,10510110,23000,1144260,0,558.95,-36790,554450,Short Buildup,Long Unwinding
2026-10-02 11:00,2026-10-13,1666210,496145,25.15,0,4886570,23200,123110,0,731.7,-8190,186940,Short Buildup,Long Unwinding
2026-10-02 11:00,2026-10-13,879970,256425,13.65,0,3620565,23400,31655,0,934.8,4225,71175,Short Buildup,Short Buildup
2026-10-02 11:00,2026-10-13,677300,83265,7.95,0,2687165,23600,29770,0,1128.9,-10725,32045,Short Buildup,Long Unwinding
2026-10-02 11:00,2026-10-13,943865,-97695,5.5,0,3230110,23800,1495,0,1328.4,130,12090,Long Unwinding,Short Buildup
2026-10-02 11:00,2026-10-13,2905500,1900015,3.5,0,5536310,24000,52260,0,1523.1,37115,66950,Short Buildup,Short Buildup
2026-10-02 11:00,2026-10-13,905450,610220,2.2,0,2279875,24200,3120,0,1803.3,390,3770,Short Buildup,Short Buildup
2026-10-02 11:00,2026-10-13,576160,256360,1.4,0,1781065,24400,975,0,1480,-325,975,Short Buildup,Long Unwinding
2026-10-02 11:00,2026-10-13,501345,176345,1.25,0,1204905,24600,130,0,2206.3,0,1885,Short Buildup,N/A
2026-10-02 11:00,2026-10-13,73580,8645,1.15,0,193895,24800,130,0,2160,65,65,Short Buildup,Short Buildup
2026-10-02 11:00,2026-10-13,369785,173745,1.15,0,878085,25000,520,0,2530.8,195,1690,Short Buildup,Short Buildup
2026-10-02 11:00,2026-10-13,43615,36855,0.95,0,54470,25200,0,0,0,0,0,Short Buildup,N/A
2026-10-02 11:00,2026-10-13,274820,130845,0.95,0,319995,25400,65,0,2600,-65,0,Short Buildup,Long Unwinding
2026-10-02 11:00,2026-10-13,0,0,0,0,0,25600,0,0,0,0,0,N/A,N/A
2026-10-02 11:00,2026-10-13,0,0,0,0,0,25800,0,0,0,0,0,N/A,N/A
2026-10-02 11:00,2026-10-13,0,0,0,0,0,26000,0,0,0,0,0,N/A,N/A
2026-10-02 11:00,2026-10-13,0,0,0,0,0,26200,0,0,0,0,0,N/A,N/A
2026-10-02 11:00,2026-10-13,0,0,0,0,0,26400,0,0,0,0,0,N/A,N/A
2026-10-02 11:00,2026-10-13,0,0,0,0,0,26600,0,0,0,0,0,N/A,N/A
2026-10-02 11:00,2026-10-13,0,0,0,0,0,26800,0,0,0,0,0,N/A,N/A
2026-10-02 11:00,2026-10-13,0,0,0,0,0,27000,0,0,0,0,0,N/A,N/A
2026-10-02 11:00,2026-10-13,0,0,0,0,0,27200,0,0,0,0,0,N/A,N/A
2026-10-02 11:00,2026-10-13,0,0,0,0,0,27400,0,0,0,0,0,N/A,N/A
2026-10-02 11:00,2026-10-13,0,0,0,0,0,27600,0,0,0,0,0,N/A,N/A
2026-10-02 11:00,2026-10-13,0,0,0,0,0,27800,0,0,0,0,0,N/A,N/A
2026-10-02 11:00,2026-10-13,0,0,0,0,0,28000,0,0,0,0,0,N/A,N/A
2026-10-02 11:00,2026-10-13,0,0,0,0,0,28200,0,0,0,0,0,N/A,N/A
2026-10-02 11:00,2026-10-13,0,0,0,0,0,28400,0,0,0,0,0,N/A,N/A
2026-10-02 11:00,2026-10-13,0,0,0,0,0,28600,0,0,0,0,0,N/A,N/A
2026-10-02 11:00,2026-10-13,0,0,0,0,0,28800,0,0,0,0,0,N/A,N/A
2026-10-02 11:05,2026-10-13,1300,1300,1500,0,1365,21000,5006105,0,9.35,622050,1130675,Short Buildup,Short Buildup
2026-10-02 11:05,2026-10-13,0,0,0,0,0,21200,2147210,0,12.35,273585,398515,N/A,Short Buildup
2026-10-02 11:05,2026-10-13,130,130,1051.65,0,325,21400,2188420,0,18.1,-31135,318760,Short Buildup,Long Unwinding
2026-10-02 11:05,2026-10-13,65,65,899.8,0,195,21600,2310685,0,27.75,159965,391495,Short Buildup,Short Buildup
2026-10-02 11:05,2026-10-13,26455,26455,714.5,0,44850,21800,3033225,0,42.4,391560,741065,Short Buildup,Short Buildup
2026-10-02 11:05,2026-10-13,89245,60840,552,0,299585,22000,6709105,0,70.45,569400,1385410,Short Buildup,Short Buildup
2026-10-02 11:05,2026-10-13,130325,117390,398.7,0,741195,22200,3899935,0,114.15,27040,584545,Short Buildup,Short Buildup
2026-10-02 11:05,2026-10-13,504530,476840,264.15,0,3081000,22400,5681130,0,184.1,742560,1215565,Short Buildup,Short Buildup
2026-10-02 11:05,2026-10-13,687245,336895,163.05,0,5743205,22600,4563130,0,280.15,103350,574405,Short Buildup,Short Buildup
2026-10-02 11:05,2026-10-13,2174705,1145885,91.35,0,6679530,22800,1626105,0,403.55,-98020,706225,Short Buildup,Long Unwinding
2026-10-02 11:05,2026-10-13,2905565,1264965,47.55,0,10510110,23000,1144260,0,558.95,-36790,554450,Short Buildup,Long Unwinding
2026-10-02 11:05,2026-10-13,1666210,496145,25.15,0,4886570,23200,123110,0,731.7,-8190,186940,Short Buildup,Long Unwinding
2026-10-02 11:05,2026-10-13,879970,256425,13.65,0,3620565,23400,31655,0,934.8,4225,71175,Short Buildup,Short Buildup
2026-10-02 11:05,2026-10-13,677300,83265,7.95,0,2687165,23600,29770,0,1128.9,-10725,32045,Short Buildup,Long Unwinding
2026-10-02 11:05,2026-10-13,943865,-97695,5.5,0,3230110,23800,1495,0,1328.4,130,12090,Long Unwinding,Short Buildup
2026-10-02 11:05,2026-10-13,2905500,1900015,3.5,0,5536310,24000,52260,0,1523.1,37115,66950,Short Buildup,Short Buildup
2026-10-02 11:05,2026-10-13,905450,610220,2.2,0,2279875,24200,3120,0,1803.3,390,3770,Short Buildup,Short Buildup
2026-10-02 11:05,2026-10-13,576160,256360,1.4,0,1781065,24400,975,0,1480,-325,975,Short Buildup,Long Unwinding
2026-10-02 11:05,2026-10-13,501345,176345,1.25,0,1204905,24600,130,0,2206.3,0,1885,Short Buildup,N/A
2026-10-02 11:05,2026-10-13,73580,8645,1.15,0,193895,24800,130,0,2160,65,65,Short Buildup,Short Buildup
2026-10-02 11:05,2026-10-13,369785,173745,1.15,0,878085,25000,520,0,2530.8,195,1690,Short Buildup,Short Buildup
2026-10-02 11:05,2026-10-13,43615,36855,0.95,0,54470,25200,0,0,0,0,0,Short Buildup,N/A
2026-10-02 11:05,2026-10-13,274820,130845,0.95,0,319995,25400,65,0,2600,-65,0,Short Buildup,Long Unwinding
2026-10-02 11:05,2026-10-13,0,0,0,0,0,25600,0,0,0,0,0,N/A,N/A
2026-10-02 11:05,2026-10-13,0,0,0,0,0,25800,0,0,0,0,0,N/A,N/A
2026-10-02 11:05,2026-10-13,0,0,0,0,0,26000,0,0,0,0,0,N/A,N/A
2026-10-02 11:05,2026-10-13,0,0,0,0,0,26200,0,0,0,0,0,N/A,N/A
2026-10-02 11:05,2026-10-13,0,0,0,0,0,26400,0,0,0,0,0,N/A,N/A
2026-10-02 11:05,2026-10-13,0,0,0,0,0,26600,0,0,0,0,0,N/A,N/A
2026-10-02 11:05,2026-10-13,0,0,0,0,0,26800,0,0,0,0,0,N/A,N/A
2026-10-02 11:05,2026-10-13,0,0,0,0,0,27000,0,0,0,0,0,N/A,N/A
2026-10-02 11:05,2026-10-13,0,0,0,0,0,27200,0,0,0,0,0,N/A,N/A
2026-10-02 11:05,2026-10-13,0,0,0,0,0,27400,0,0,0,0,0,N/A,N/A
2026-10-02 11:05,2026-10-13,0,0,0,0,0,27600,0,0,0,0,0,N/A,N/A
2026-10-02 11:05,2026-10-13,0,0,0,0,0,27800,0,0,0,0,0,N/A,N/A
2026-10-02 11:05,2026-10-13,0,0,0,0,0,28000,0,0,0,0,0,N/A,N/A
2026-10-02 11:05,2026-10-13,0,0,0,0,0,28200,0,0,0,0,0,N/A,N/A
2026-10-02 11:05,2026-10-13,0,0,0,0,0,28400,0,0,0,0,0,N/A,N/A
2026-10-02 11:05,2026-10-13,0,0,0,0,0,28600,0,0,0,0,0,N/A,N/A
2026-10-02 11:05,2026-10-13,0,0,0,0,0,28800,0,0,0,0,0,N/A,N/A
2026-10-02 11:10,2026-10-13,1300,1300,1500,0,1365,21000,5006105,0,9.35,622050,1130675,Short Buildup,Short Buildup
2026-10-02 11:10,2026-10-13,0,0,0,0,0,21200,2147210,0,12.35,273585,398515,N/A,Short Buildup
2026-10-02 11:10,2026-10-13,130,130,1051.65,0,325,21400,2188420,0,18.1,-31135,318760,Short Buildup,Long Unwinding
2026-10-02 11:10,2026-10-13,65,65,899.8,0,195,21600,2310685,0,27.75,159965,391495,Short Buildup,Short Buildup
2026-10-02 11:10,2026-10-13,26455,26455,714.5,0,44850,21800,3033225,0,42.4,391560,741065,Short Buildup,Short Buildup
2026-10-02 11:10,2026-10-13,89245,60840,552,0,299585,22000,6709105,0,70.45,569400,1385410,Short Buildup,Short Buildup
2026-10-02 11:10,2026-10-13,130325,117390,398.7,0,741195,22200,3899935,0,114.15,27040,584545,Short Buildup,Short Buildup
2026-10-02 11:10,2026-10-13,504530,476840,264.15,0,3081000,22400,5681130,0,184.1,742560,1215565,Short Buildup,Short Buildup
2026-10-02 11:10,2026-10-13,687245,336895,163.05,0,5743205,22600,4563130,0,280.15,103350,574405,Short Buildup,Short Buildup
2026-10-02 11:10,2026-10-13,2174705,1145885,91.35,0,6679530,22800,1626105,0,403.55,-98020,706225,Short Buildup,Long Unwinding
2026-10-02 11:10,2026-10-13,2905565,1264965,47.55,0,10510110,23000,1144260,0,558.95,-36790,554450,Short Buildup,Long Unwinding
2026-10-02 11:10,2026-10-13,1666210,496145,25.15,0,4886570,23200,123110,0,731.7,-8190,186940,Short Buildup,Long Unwinding
2026-10-02 11:10,2026-10-13,879970,256425,13.65,0,3620565,23400,31655,0,934.8,4225,71175,Short Buildup,Short Buildup
2026-10-02 11:10,2026-10-13,677300,83265,7.95,0,2687165,23600,29770,0,1128.9,-10725,32045,Short Buildup,Long Unwinding
2026-10-02 11:10,2026-10-13,943865,-97695,5.5,0,3230110,23800,1495,0,1328.4,130,12090,Long Unwinding,Short Buildup
2026-10-02 11:10,2026-10-13,2905500,1900015,3.5,0,5536310,24000,52260,0,1523.1,37115,66950,Short Buildup,Short Buildup
2026-10-02 11:10,2026-10-13,905450,610220,2.2,0,2279875,24200,3120,0,1803.3,390,3770,Short Buildup,Short Buildup
2026-10-02 11:10,2026-10-13,576160,256360,1.4,0,1781065,24400,975,0,1480,-325,975,Short Buildup,Long Unwinding
2026-10-02 11:10,2026-10-13,501345,176345,1.25,0,1204905,24600,130,0,2206.3,0,1885,Short Buildup,N/A
2026-10-02 11:10,2026-10-13,73580,8645,1.15,0,193895,24800,130,0,2160,65,65,Short Buildup,Short Buildup
2026-10-02 11:10,2026-10-13,369785,173745,1.15,0,878085,25000,520,0,2530.8,195,1690,Short Buildup,Short Buildup
2026-10-02 11:10,2026-10-13,43615,36855,0.95,0,54470,25200,0,0,0,0,0,Short Buildup,N/A
2026-10-02 11:10,2026-10-13,274820,130845,0.95,0,319995,25400,65,0,2600,-65,0,Short Buildup,Long Unwinding
2026-10-02 11:10,2026-10-13,0,0,0,0,0,25600,0,0,0,0,0,N/A,N/A
2026-10-02 11:10,2026-10-13,0,0,0,0,0,25800,0,0,0,0,0,N/A,N/A
2026-10-02 11:10,2026-10-13,0,0,0,0,0,26000,0,0,0,0,0,N/A,N/A
2026-10-02 11:10,2026-10-13,0,0,0,0,0,26200,0,0,0,0,0,N/A,N/A
2026-10-02 11:10,2026-10-13,0,0,0,0,0,26400,0,0,0,0,0,N/A,N/A
2026-10-02 11:10,2026-10-13,0,0,0,0,0,26600,0,0,0,0,0,N/A,N/A
2026-10-02 11:10,2026-10-13,0,0,0,0,0,26800,0,0,0,0,0,N/A,N/A
2026-10-02 11:10,2026-10-13,0,0,0,0,0,27000,0,0,0,0,0,N/A,N/A
2026-10-02 11:10,2026-10-13,0,0,0,0,0,27200,0,0,0,0,0,N/A,N/A
2026-10-02 11:10,2026-10-13,0,0,0,0,0,27400,0,0,0,0,0,N/A,N/A
2026-10-02 11:10,2026-10-13,0,0,0,0,0,27600,0,0,0,0,0,N/A,N/A
2026-10-02 11:10,2026-10-13,0,0,0,0,0,27800,0,0,0,0,0,N/A,N/A
2026-10-02 11:10,2026-10-13,0,0,0,0,0,28000,0,0,0,0,0,N/A,N/A
2026-10-02 11:10,2026-10-13,0,0,0,0,0,28200,0,0,0,0,0,N/A,N/A
2026-10-02 11:10,2026-10-13,0,0,0,0,0,28400,0,0,0,0,0,N/A,N/A
2026-10-02 11:10,2026-10-13,0,0,0,0,0,28600,0,0,0,0,0,N/A,N/A
2026-10-02 11:10,2026-10-13,0,0,0,0,0,28800,0,0,0,0,0,N/A,N/A
2026-10-02 11:15,2026-10-13,1300,1300,1500,0,1365,21000,5006105,0,9.35,622050,1130675,Short Buildup,Short Buildup
2026-10-02 11:15,2026-10-13,0,0,0,0,0,21200,2147210,0,12.35,273585,398515,N/A,Short Buildup
2026-10-02 11:15,2026-10-13,130,130,1051.65,0,325,21400,2188420,0,18.1,-31135,318760,Short Buildup,Long Unwinding
2026-10-02 11:15,2026-10-13,65,65,899.8,0,195,21600,2310685,0,27.75,159965,391495,Short Buildup,Short Buildup
2026-10-02 11:15,2026-10-13,26455,26455,714.5,0,44850,21800,3033225,0,42.4,391560,741065,Short Buildup,Short Buildup
2026-10-02 11:15,2026-10-13,89245,60840,552,0,299585,22000,6709105,0,70.45,569400,1385410,Short Buildup,Short Buildup
2026-10-02 11:15,2026-10-13,130325,117390,398.7,0,741195,22200,3899935,0,114.15,27040,584545,Short Buildup,Short Buildup
2026-10-02 11:15,2026-10-13,504530,476840,264.15,0,3081000,22400,5681130,0,184.1,742560,1215565,Short Buildup,Short Buildup
2026-10-02 11:15,2026-10-13,687245,336895,163.05,0,5743205,22600,4563130,0,280.15,103350,574405,Short Buildup,Short Buildup
2026-10-02 11:15,2026-10-13,2174705,1145885,91.35,0,6679530,22800,1626105,0,403.55,-98020,706225,Short Buildup,Long Unwinding
2026-10-02 11:15,2026-10-13,2905565,1264965,47.55,0,10510110,23000,1144260,0,558.95,-36790,554450,Short Buildup,Long Unwinding
2026-10-02 11:15,2026-10-13,1666210,496145,25.15,0,4886570,23200,123110,0,731.7,-8190,186940,Short Buildup,Long Unwinding
2026-10-02 11:15,2026-10-13,879970,256425,13.65,0,3620565,23400,31655,0,934.8,4225,71175,Short Buildup,Short Buildup
2026-10-02 11:15,2026-10-13,677300,83265,7.95,0,2687165,23600,29770,0,1128.9,-10725,32045,Short Buildup,Long Unwinding
2026-10-02 11:15,2026-10-13,943865,-97695,5.5,0,3230110,23800,1495,0,1328.4,130,12090,Long Unwinding,Short Buildup
2026-10-02 11:15,2026-10-13,2905500,1900015,3.5,0,5536310,24000,52260,0,1523.1,37115,66950,Short Buildup,Short Buildup
2026-10-02 11:15,2026-10-13,905450,610220,2.2,0,2279875,24200,3120,0,1803.3,390,3770,Short Buildup,Short Buildup
2026-10-02 11:15,2026-10-13,576160,256360,1.4,0,1781065,24400,975,0,1480,-325,975,Short Buildup,Long Unwinding
2026-10-02 11:15,2026-10-13,501345,176345,1.25,0,1204905,24600,130,0,2206.3,0,1885,Short Buildup,N/A
2026-10-02 11:15,2026-10-13,73580,8645,1.15,0,193895,24800,130,0,2160,65,65,Short Buildup,Short Buildup
2026-10-02 11:15,2026-10-13,369785,173745,1.15,0,878085,25000,520,0,2530.8,195,1690,Short Buildup,Short Buildup
2026-10-02 11:15,2026-10-13,43615,36855,0.95,0,54470,25200,0,0,0,0,0,Short Buildup,N/A
2026-10-02 11:15,2026-10-13,274820,130845,0.95,0,319995,25400,65,0,2600,-65,0,Short Buildup,Long Unwinding
2026-10-02 11:15,2026-10-13,0,0,0,0,0,25600,0,0,0,0,0,N/A,N/A
2026-10-02 11:15,2026-10-13,0,0,0,0,0,25800,0,0,0,0,0,N/A,N/A
2026-10-02 11:15,2026-10-13,0,0,0,0,0,26000,0,0,0,0,0,N/A,N/A
2026-10-02 11:15,2026-10-13,0,0,0,0,0,26200,0,0,0,0,0,N/A,N/A
2026-10-02 11:15,2026-10-13,0,0,0,0,0,26400,0,0,0,0,0,N/A,N/A
2026-10-02 11:15,2026-10-13,0,0,0,0,0,26600,0,0,0,0,0,N/A,N/A
2026-10-02 11:15,2026-10-13,0,0,0,0,0,26800,0,0,0,0,0,N/A,N/A
2026-10-02 11:15,2026-10-13,0,0,0,0,0,27000,0,0,0,0,0,N/A,N/A
2026-10-02 11:15,2026-10-13,0,0,0,0,0,27200,0,0,0,0,0,N/A,N/A
2026-10-02 11:15,2026-10-13,0,0,0,0,0,27400,0,0,0,0,0,N/A,N/A
2026-10-02 11:15,2026-10-13,0,0,0,0,0,27600,0,0,0,0,0,N/A,N/A
2026-10-02 11:15,2026-10-13,0,0,0,0,0,27800,0,0,0,0,0,N/A,N/A
2026-10-02 11:15,2026-10-13,0,0,0,0,0,28000,0,0,0,0,0,N/A,N/A
2026-10-02 11:15,2026-10-13,0,0,0,0,0,28200,0,0,0,0,0,N/A,N/A
2026-10-02 11:15,2026-10-13,0,0,0,0,0,28400,0,0,0,0,0,N/A,N/A
2026-10-02 11:15,2026-10-13,0,0,0,0,0,28600,0,0,0,0,0,N/A,N/A
2026-10-02 11:15,2026-10-13,0,0,0,0,0,28800,0,0,0,0,0,N/A,N/A
2026-10-02 11:20,2026-10-13,1300,1300,1500,0,1365,21000,5006105,0,9.35,622050,1130675,Short Buildup,Short Buildup
2026-10-02 11:20,2026-10-13,0,0,0,0,0,21200,2147210,0,12.35,273585,398515,N/A,Short Buildup
2026-10-02 11:20,2026-10-13,130,130,1051.65,0,325,21400,2188420,0,18.1,-31135,318760,Short Buildup,Long Unwinding
2026-10-02 11:20,2026-10-13,65,65,899.8,0,195,21600,2310685,0,27.75,159965,391495,Short Buildup,Short Buildup
2026-10-02 11:20,2026-10-13,26455,26455,714.5,0,44850,21800,3033225,0,42.4,391560,741065,Short Buildup,Short Buildup
2026-10-02 11:20,2026-10-13,89245,60840,552,0,299585,22000,6709105,0,70.45,569400,1385410,Short Buildup,Short Buildup
2026-10-02 11:20,2026-10-13,130325,117390,398.7,0,741195,22200,3899935,0,114.15,27040,584545,Short Buildup,Short Buildup
2026-10-02 11:20,2026-10-13,504530,476840,264.15,0,3081000,22400,5681130,0,184.1,742560,1215565,Short Buildup,Short Buildup
2026-10-02 11:20,2026-10-13,687245,336895,163.05,0,5743205,22600,4563130,0,280.15,103350,574405,Short Buildup,Short Buildup
2026-10-02 11:20,2026-10-13,2174705,1145885,91.35,0,6679530,22800,1626105,0,403.55,-98020,706225,Short Buildup,Long Unwinding
2026-10-02 11:20,2026-10-13,2905565,1264965,47.55,0,10510110,23000,1144260,0,558.95,-36790,554450,Short Buildup,Long Unwinding
2026-10-02 11:20,2026-10-13,1666210,496145,25.15,0,4886570,23200,123110,0,731.7,-8190,186940,Short Buildup,Long Unwinding
2026-10-02 11:20,2026-10-13,879970,256425,13.65,0,3620565,23400,31655,0,934.8,4225,71175,Short Buildup,Short Buildup
2026-10-02 11:20,2026-10-13,677300,83265,7.95,0,2687165,23600,29770,0,1128.9,-10725,32045,Short Buildup,Long Unwinding
2026-10-02 11:20,2026-10-13,943865,-97695,5.5,0,3230110,23800,1495,0,1328.4,130,12090,Long Unwinding,Short Buildup
2026-10-02 11:20,2026-10-13,2905500,1900015,3.5,0,5536310,24000,52260,0,1523.1,37115,66950,Short Buildup,Short Buildup
2026-10-02 11:20,2026-10-13,905450,610220,2.2,0,2279875,24200,3120,0,1803.3,390,3770,Short Buildup,Short Buildup
2026-10-02 11:20,2026-10-13,576160,256360,1.4,0,1781065,24400,975,0,1480,-325,975,Short Buildup,Long Unwinding
2026-10-02 11:20,2026-10-13,501345,176345,1.25,0,1204905,24600,130,0,2206.3,0,1885,Short Buildup,N/A
2026-10-02 11:20,2026-10-13,73580,8645,1.15,0,193895,24800,130,0,2160,65,65,Short Buildup,Short Buildup
2026-10-02 11:20,2026-10-13,369785,173745,1.15,0,878085,25000,520,0,2530.8,195,1690,Short Buildup,Short Buildup
2026-10-02 11:20,2026-10-13,43615,36855,0.95,0,54470,25200,0,0,0,0,0,Short Buildup,N/A
2026-10-02 11:20,2026-10-13,274820,130845,0.95,0,319995,25400,65,0,2600,-65,0,Short Buildup,Long Unwinding
2026-10-02 11:20,2026-10-13,0,0,0,0,0,25600,0,0,0,0,0,N/A,N/A
2026-10-02 11:20,2026-10-13,0,0,0,0,0,25800,0,0,0,0,0,N/A,N/A
2026-10-02 11:20,2026-10-13,0,0,0,0,0,26000,0,0,0,0,0,N/A,N/A
2026-10-02 11:20,2026-10-13,0,0,0,0,0,26200,0,0,0,0,0,N/A,N/A
2026-10-02 11:20,2026-10-13,0,0,0,0,0,26400,0,0,0,0,0,N/A,N/A
2026-10-02 11:20,2026-10-13,0,0,0,0,0,26600,0,0,0,0,0,N/A,N/A
2026-10-02 11:20,2026-10-13,0,0,0,0,0,26800,0,0,0,0,0,N/A,N/A
2026-10-02 11:20,2026-10-13,0,0,0,0,0,27000,0,0,0,0,0,N/A,N/A
2026-10-02 11:20,2026-10-13,0,0,0,0,0,27200,0,0,0,0,0,N/A,N/A
2026-10-02 11:20,2026-10-13,0,0,0,0,0,27400,0,0,0,0,0,N/A,N/A
2026-10-02 11:20,2026-10-13,0,0,0,0,0,27600,0,0,0,0,0,N/A,N/A
2026-10-02 11:20,2026-10-13,0,0,0,0,0,27800,0,0,0,0,0,N/A,N/A
2026-10-02 11:20,2026-10-13,0,0,0,0,0,28000,0,0,0,0,0,N/A,N/A
2026-10-02 11:20,2026-10-13,0,0,0,0,0,28200,0,0,0,0,0,N/A,N/A
2026-10-02 11:20,2026-10-13,0,0,0,0,0,28400,0,0,0,0,0,N/A,N/A
2026-10-02 11:20,2026-10-13,0,0,0,0,0,28600,0,0,0,0,0,N/A,N/A
2026-10-02 11:20,2026-10-13,0,0,0,0,0,28800,0,0,0,0,0,N/A,N/A
2026-10-02 11:25,2026-10-13,1300,1300,1500,0,1365,21000,5006105,0,9.35,622050,1130675,Short Buildup,Short Buildup
2026-10-02 11:25,2026-10-13,0,0,0,0,0,21200,2147210,0,12.35,273585,398515,N/A,Short Buildup
2026-10-02 11:25,2026-10-13,130,130,1051.65,0,325,21400,2188420,0,18.1,-31135,318760,Short Buildup,Long Unwinding
2026-10-02 11:25,2026-10-13,65,65,899.8,0,195,21600,2310685,0,27.75,159965,391495,Short Buildup,Short Buildup
2026-10-02 11:25,2026-10-13,26455,26455,714.5,0,44850,21800,3033225,0,42.4,391560,741065,Short Buildup,Short Buildup
2026-10-02 11:25,2026-10-13,89245,60840,552,0,299585,22000,6709105,0,70.45,569400,1385410,Short Buildup,Short Buildup
2026-10-02 11:25,2026-10-13,130325,117390,398.7,0,741195,22200,3899935,0,114.15,27040,584545,Short Buildup,Short Buildup
2026-10-02 11:25,2026-10-13,504530,476840,264.15,0,3081000,22400,5681130,0,184.1,742560,1215565,Short Buildup,Short Buildup
2026-10-02 11:25,2026-10-13,687245,336895,163.05,0,5743205,22600,4563130,0,280.15,103350,574405,Short Buildup,Short Buildup
2026-10-02 11:25,2026-10-13,2174705,1145885,91.35,0,6679530,22800,1626105,0,403.55,-98020,706225,Short Buildup,Long Unwinding
2026-10-02 11:25,2026-10-13,2905565,1264965,47.55,0,10510110,23000,1144260,0,558.95,-36790,554450,Short Buildup,Long Unwinding
2026-10-02 11:25,2026-10-13,1666210,496145,25.15,0,4886570,23200,123110,0,731.7,-8190,186940,Short Buildup,Long Unwinding
2026-10-02 11:25,2026-10-13,879970,256425,13.65,0,3620565,23400,31655,0,934.8,4225,71175,Short Buildup,Short Buildup
2026-10-02 11:25,2026-10-13,677300,83265,7.95,0,2687165,23600,29770,0,1128.9,-10725,32045,Short Buildup,Long Unwinding
2026-10-02 11:25,2026-10-13,943865,-97695,5.5,0,3230110,23800,1495,0,1328.4,130,12090,Long Unwinding,Short Buildup
2026-10-02 11:25,2026-10-13,2905500,1900015,3.5,0,5536310,24000,52260,0,1523.1,37115,66950,Short Buildup,Short Buildup
2026-10-02 11:25,2026-10-13,905450,610220,2.2,0,2279875,24200,3120,0,1803.3,390,3770,Short Buildup,Short Buildup
2026-10-02 11:25,2026-10-13,576160,256360,1.4,0,1781065,24400,975,0,1480,-325,975,Short Buildup,Long Unwinding
2026-10-02 11:25,2026-10-13,501345,176345,1.25,0,1204905,24600,130,0,2206.3,0,1885,Short Buildup,N/A
2026-10-02 11:25,2026-10-13,73580,8645,1.15,0,193895,24800,130,0,2160,65,65,Short Buildup,Short Buildup
2026-10-02 11:25,2026-10-13,369785,173745,1.15,0,878085,25000,520,0,2530.8,195,1690,Short Buildup,Short Buildup
2026-10-02 11:25,2026-10-13,43615,36855,0.95,0,54470,25200,0,0,0,0,0,Short Buildup,N/A
2026-10-02 11:25,2026-10-13,274820,130845,0.95,0,319995,25400,65,0,2600,-65,0,Short Buildup,Long Unwinding
2026-10-02 11:25,2026-10-13,0,0,0,0,0,25600,0,0,0,0,0,N/A,N/A
2026-10-02 11:25,2026-10-13,0,0,0,0,0,25800,0,0,0,0,0,N/A,N/A
2026-10-02 11:25,2026-10-13,0,0,0,0,0,26000,0,0,0,0,0,N/A,N/A
2026-10-02 11:25,2026-10-13,0,0,0,0,0,26200,0,0,0,0,0,N/A,N/A
2026-10-02 11:25,2026-10-13,0,0,0,0,0,26400,0,0,0,0,0,N/A,N/A
2026-10-02 11:25,2026-10-13,0,0,0,0,0,26600,0,0,0,0,0,N/A,N/A
2026-10-02 11:25,2026-10-13,0,0,0,0,0,26800,0,0,0,0,0,N/A,N/A
2026-10-02 11:25,2026-10-13,0,0,0,0,0,27000,0,0,0,0,0,N/A,N/A
2026-10-02 11:25,2026-10-13,0,0,0,0,0,27200,0,0,0,0,0,N/A,N/A
2026-10-02 11:25,2026-10-13,0,0,0,0,0,27400,0,0,0,0,0,N/A,N/A
2026-10-02 11:25,2026-10-13,0,0,0,0,0,27600,0,0,0,0,0,N/A,N/A
2026-10-02 11:25,2026-10-13,0,0,0,0,0,27800,0,0,0,0,0,N/A,N/A
2026-10-02 11:25,2026-10-13,0,0,0,0,0,28000,0,0,0,0,0,N/A,N/A
2026-10-02 11:25,2026-10-13,0,0,0,0,0,28200,0,0,0,0,0,N/A,N/A
2026-10-02 11:25,2026-10-13,0,0,0,0,0,28400,0,0,0,0,0,N/A,N/A
2026-10-02 11:25,2026-10-13,0,0,0,0,0,28600,0,0,0,0,0,N/A,N/A
2026-10-02 11:25,2026-10-13,0,0,0,0,0,28800,0,0,0,0,0,N/A,N/A
2026-10-02 11:30,2026-10-13,1300,1300,1500,0,1365,21000,5006105,0,9.35,622050,1130675,Short Buildup,Short Buildup
2026-10-02 11:30,2026-10-13,0,0,0,0,0,21200,2147210,0,12.35,273585,398515,N/A,Short Buildup
2026-10-02 11:30,2026-10-13,130,130,1051.65,0,325,21400,2188420,0,18.1,-31135,318760,Short Buildup,Long Unwinding
2026-10-02 11:30,2026-10-13,65,65,899.8,0,195,21600,2310685,0,27.75,159965,391495,Short Buildup,Short Buildup
2026-10-02 11:30,2026-10-13,26455,26455,714.5,0,44850,21800,3033225,0,42.4,391560,741065,Short Buildup,Short Buildup
2026-10-02 11:30,2026-10-13,89245,60840,552,0,299585,22000,6709105,0,70.45,569400,1385410,Short Buildup,Short Buildup
2026-10-02 11:30,2026-10-13,130325,117390,398.7,0,741195,22200,3899935,0,114.15,27040,584545,Short Buildup,Short Buildup
2026-10-02 11:30,2026-10-13,504530,476840,264.15,0,3081000,22400,5681130,0,184.1,742560,1215565,Short Buildup,Short Buildup
2026-10-02 11:30,2026-10-13,687245,336895,163.05,0,5743205,22600,4563130,0,280.15,103350,574405,Short Buildup,Short Buildup
2026-10-02 11:30,2026-10-13,2174705,1145885,91.35,0,6679530,22800,1626105,0,403.55,-98020,706225,Short Buildup,Long Unwinding
2026-10-02 11:30,2026-10-13,2905565,1264965,47.55,0,10510110,23000,1144260,0,558.95,-36790,554450,Short Buildup,Long Unwinding
2026-10-02 11:30,2026-10-13,1666210,496145,25.15,0,4886570,23200,123110,0,731.7,-8190,186940,Short Buildup,Long Unwinding
2026-10-02 11:30,2026-10-13,879970,256425,13.65,0,3620565,23400,31655,0,934.8,4225,71175,Short Buildup,Short Buildup
2026-10-02 11:30,2026-10-13,677300,83265,7.95,0,2687165,23600,29770,0,1128.9,-10725,32045,Short Buildup,Long Unwinding
2026-10-02 11:30,2026-10-13,943865,-97695,5.5,0,3230110,23800,1495,0,1328.4,130,12090,Long Unwinding,Short Buildup
2026-10-02 11:30,2026-10-13,2905500,1900015,3.5,0,5536310,24000,52260,0,1523.1,37115,66950,Short Buildup,Short Buildup
2026-10-02 11:30,2026-10-13,905450,610220,2.2,0,2279875,24200,3120,0,1803.3,390,3770,Short Buildup,Short Buildup
2026-10-02 11:30,2026-10-13,576160,256360,1.4,0,1781065,24400,975,0,1480,-325,975,Short Buildup,Long Unwinding
2026-10-02 11:30,2026-10-13,501345,176345,1.25,0,1204905,24600,130,0,2206.3,0,1885,Short Buildup,N/A
2026-10-02 11:30,2026-10-13,73580,8645,1.15,0,193895,24800,130,0,2160,65,65,Short Buildup,Short Buildup
2026-10-02 11:30,2026-10-13,369785,173745,1.15,0,878085,25000,520,0,2530.8,195,1690,Short Buildup,Short Buildup
2026-10-02 11:30,2026-10-13,43615,36855,0.95,0,54470,25200,0,0,0,0,0,Short Buildup,N/A
2026-10-02 11:30,2026-10-13,274820,130845,0.95,0,319995,25400,65,0,2600,-65,0,Short Buildup,Long Unwinding
2026-10-02 11:30,2026-10-13,0,0,0,0,0,25600,0,0,0,0,0,N/A,N/A
2026-10-02 11:30,2026-10-13,0,0,0,0,0,25800,0,0,0,0,0,N/A,N/A
2026-10-02 11:30,2026-10-13,0,0,0,0,0,26000,0,0,0,0,0,N/A,N/A
2026-10-02 11:30,2026-10-13,0,0,0,0,0,26200,0,0,0,0,0,N/A,N/A
2026-10-02 11:30,2026-10-13,0,0,0,0,0,26400,0,0,0,0,0,N/A,N/A
2026-10-02 11:30,2026-10-13,0,0,0,0,0,26600,0,0,0,0,0,N/A,N/A
2026-10-02 11:30,2026-10-13,0,0,0,0,0,26800,0,0,0,0,0,N/A,N/A
2026-10-02 11:30,2026-10-13,0,0,0,0,0,27000,0,0,0,0,0,N/A,N/A
2026-10-02 11:30,2026-10-13,0,0,0,0,0,27200,0,0,0,0,0,N/A,N/A
2026-10-02 11:30,2026-10-13,0,0,0,0,0,27400,0,0,0,0,0,N/A,N/A
2026-10-02 11:30,2026-10-13,0,0,0,0,0,27600,0,0,0,0,0,N/A,N/A
2026-10-02 11:30,2026-10-13,0,0,0,0,0,27800,0,0,0,0,0,N/A,N/A
2026-10-02 11:30,2026-10-13,0,0,0,0,0,28000,0,0,0,0,0,N/A,N/A
2026-10-02 11:30,2026-10-13,0,0,0,0,0,28200,0,0,0,0,0,N/A,N/A
2026-10-02 11:30,2026-10-13,0,0,0,0,0,28400,0,0,0,0,0,N/A,N/A
2026-10-02 11:30,2026-10-13,0,0,0,0,0,28600,0,0,0,0,0,N/A,N/A
2026-10-02 11:30,2026-10-13,0,0,0,0,0,28800,0,0,0,0,0,N/A,N/A
2026-10-02 11:35,2026-10-13,1300,1300,1500,0,1365,21000,5006105,0,9.35,622050,1130675,Short Buildup,Short Buildup
2026-10-02 11:35,2026-10-13,0,0,0,0,0,21200,2147210,0,12.35,273585,398515,N/A,Short Buildup
2026-10-02 11:35,2026-10-13,130,130,1051.65,0,325,21400,2188420,0,18.1,-31135,318760,Short Buildup,Long Unwinding
2026-10-02 11:35,2026-10-13,65,65,899.8,0,195,21600,2310685,0,27.75,159965,391495,Short Buildup,Short Buildup
2026-10-02 11:35,2026-10-13,26455,26455,714.5,0,44850,21800,3033225,0,42.4,391560,741065,Short Buildup,Short Buildup
2026-10-02 11:35,2026-10-13,89245,60840,552,0,299585,22000,6709105,0,70.45,569400,1385410,Short Buildup,Short Buildup
2026-10-02 11:35,2026-10-13,130325,117390,398.7,0,741195,22200,3899935,0,114.15,27040,584545,Short Buildup,Short Buildup
2026-10-02 11:35,2026-10-13,504530,476840,264.15,0,3081000,22400,5681130,0,184.1,742560,1215565,Short Buildup,Short Buildup
2026-10-02 11:35,2026-10-13,687245,336895,163.05,0,5743205,22600,4563130,0,280.15,103350,574405,Short Buildup,Short Buildup
2026-10-02 11:35,2026-10-13,2174705,1145885,91.35,0,6679530,22800,1626105,0,403.55,-98020,706225,Short Buildup,Long Unwinding
2026-10-02 11:35,2026-10-13,2905565,1264965,47.55,0,10510110,23000,1144260,0,558.95,-36790,554450,Short Buildup,Long Unwinding
2026-10-02 11:35,2026-10-13,1666210,496145,25.15,0,4886570,23200,123110,0,731.7,-8190,186940,Short Buildup,Long Unwinding
2026-10-02 11:35,2026-10-13,879970,256425,13.65,0,3620565,23400,31655,0,934.8,4225,71175,Short Buildup,Short Buildup
2026-10-02 11:35,2026-10-13,677300,83265,7.95,0,2687165,23600,29770,0,1128.9,-10725,32045,Short Buildup,Long Unwinding
2026-10-02 11:35,2026-10-13,943865,-97695,5.5,0,3230110,23800,1495,0,1328.4,130,12090,Long Unwinding,Short Buildup
2026-10-02 11:35,2026-10-13,2905500,1900015,3.5,0,5536310,24000,52260,0,1523.1,37115,66950,Short Buildup,Short Buildup
2026-10-02 11:35,2026-10-13,905450,610220,2.2,0,2279875,24200,3120,0,1803.3,390,3770,Short Buildup,Short Buildup
2026-10-02 11:35,2026-10-13,576160,256360,1.4,0,1781065,24400,975,0,1480,-325,975,Short Buildup,Long Unwinding
2026-10-02 11:35,2026-10-13,501345,176345,1.25,0,1204905,24600,130,0,2206.3,0,1885,Short Buildup,N/A
2026-10-02 11:35,2026-10-13,73580,8645,1.15,0,193895,24800,130,0,2160,65,65,Short Buildup,Short Buildup
2026-10-02 11:35,2026-10-13,369785,173745,1.15,0,878085,25000,520,0,2530.8,195,1690,Short Buildup,Short Buildup
2026-10-02 11:35,2026-10-13,43615,36855,0.95,0,54470,25200,0,0,0,0,0,Short Buildup,N/A
2026-10-02 11:35,2026-10-13,274820,130845,0.95,0,319995,25400,65,0,2600,-65,0,Short Buildup,Long Unwinding
2026-10-02 11:35,2026-10-13,0,0,0,0,0,25600,0,0,0,0,0,N/A,N/A
2026-10-02 11:35,2026-10-13,0,0,0,0,0,25800,0,0,0,0,0,N/A,N/A
2026-10-02 11:35,2026-10-13,0,0,0,0,0,26000,0,0,0,0,0,N/A,N/A
2026-10-02 11:35,2026-10-13,0,0,0,0,0,26200,0,0,0,0,0,N/A,N/A
2026-10-02 11:35,2026-10-13,0,0,0,0,0,26400,0,0,0,0,0,N/A,N/A
2026-10-02 11:35,2026-10-13,0,0,0,0,0,26600,0,0,0,0,0,N/A,N/A
2026-10-02 11:35,2026-10-13,0,0,0,0,0,26800,0,0,0,0,0,N/A,N/A
2026-10-02 11:35,2026-10-13,0,0,0,0,0,27000,0,0,0,0,0,N/A,N/A
2026-10-02 11:35,2026-10-13,0,0,0,0,0,27200,0,0,0,0,0,N/A,N/A
2026-10-02 11:35,2026-10-13,0,0,0,0,0,27400,0,0,0,0,0,N/A,N/A
2026-10-02 11:35,2026-10-13,0,0,0,0,0,27600,0,0,0,0,0,N/A,N/A
2026-10-02 11:35,2026-10-13,0,0,0,0,0,27800,0,0,0,0,0,N/A,N/A
2026-10-02 11:35,2026-10-13,0,0,0,0,0,28000,0,0,0,0,0,N/A,N/A
2026-10-02 11:35,2026-10-13,0,0,0,0,0,28200,0,0,0,0,0,N/A,N/A
2026-10-02 11:35,2026-10-13,0,0,0,0,0,28400,0,0,0,0,0,N/A,N/A
2026-10-02 11:35,2026-10-13,0,0,0,0,0,28600,0,0,0,0,0,N/A,N/A
2026-10-02 11:35,2026-10-13,0,0,0,0,0,28800,0,0,0,0,0,N/A,N/A
2026-10-02 11:40,2026-10-13,1300,1300,1500,0,1365,21000,5006105,0,9.35,622050,1130675,Short Buildup,Short Buildup
2026-10-02 11:40,2026-10-13,0,0,0,0,0,21200,2147210,0,12.35,273585,398515,N/A,Short Buildup
2026-10-02 11:40,2026-10-13,130,130,1051.65,0,325,21400,2188420,0,18.1,-31135,318760,Short Buildup,Long Unwinding
2026-10-02 11:40,2026-10-13,65,65,899.8,0,195,21600,2310685,0,27.75,159965,391495,Short Buildup,Short Buildup
2026-10-02 11:40,2026-10-13,26455,26455,714.5,0,44850,21800,3033225,0,42.4,391560,741065,Short Buildup,Short Buildup
2026-10-02 11:40,2026-10-13,89245,60840,552,0,299585,22000,6709105,0,70.45,569400,1385410,Short Buildup,Short Buildup
2026-10-02 11:40,2026-10-13,130325,117390,398.7,0,741195,22200,3899935,0,114.15,27040,584545,Short Buildup,Short Buildup
2026-10-02 11:40,2026-10-13,504530,476840,264.15,0,3081000,22400,5681130,0,184.1,742560,1215565,Short Buildup,Short Buildup
2026-10-02 11:40,2026-10-13,687245,336895,163.05,0,5743205,22600,4563130,0,280.15,103350,574405,Short Buildup,Short Buildup
2026-10-02 11:40,2026-10-13,2174705,1145885,91.35,0,6679530,22800,1626105,0,403.55,-98020,706225,Short Buildup,Long Unwinding
2026-10-02 11:40,2026-10-13,2905565,1264965,47.55,0,10510110,23000,1144260,0,558.95,-36790,554450,Short Buildup,Long Unwinding
2026-10-02 11:40,2026-10-13,1666210,496145,25.15,0,4886570,23200,123110,0,731.7,-8190,186940,Short Buildup,Long Unwinding
2026-10-02 11:40,2026-10-13,879970,256425,13.65,0,3620565,23400,31655,0,934.8,4225,71175,Short Buildup,Short Buildup
2026-10-02 11:40,2026-10-13,677300,83265,7.95,0,2687165,23600,29770,0,1128.9,-10725,32045,Short Buildup,Long Unwinding
2026-10-02 11:40,2026-10-13,943865,-97695,5.5,0,3230110,23800,1495,0,1328.4,130,12090,Long Unwinding,Short Buildup
2026-10-02 11:40,2026-10-13,2905500,1900015,3.5,0,5536310,24000,52260,0,1523.1,37115,66950,Short Buildup,Short Buildup
2026-10-02 11:40,2026-10-13,905450,610220,2.2,0,2279875,24200,3120,0,1803.3,390,3770,Short Buildup,Short Buildup
2026-10-02 11:40,2026-10-13,576160,256360,1.4,0,1781065,24400,975,0,1480,-325,975,Short Buildup,Long Unwinding
2026-10-02 11:40,2026-10-13,501345,176345,1.25,0,1204905,24600,130,0,2206.3,0,1885,Short Buildup,N/A
2026-10-02 11:40,2026-10-13,73580,8645,1.15,0,193895,24800,130,0,2160,65,65,Short Buildup,Short Buildup
2026-10-02 11:40,2026-10-13,369785,173745,1.15,0,878085,25000,520,0,2530.8,195,1690,Short Buildup,Short Buildup
2026-10-02 11:40,2026-10-13,43615,36855,0.95,0,54470,25200,0,0,0,0,0,Short Buildup,N/A
2026-10-02 11:40,2026-10-13,274820,130845,0.95,0,319995,25400,65,0,2600,-65,0,Short Buildup,Long Unwinding
2026-10-02 11:40,2026-10-13,0,0,0,0,0,25600,0,0,0,0,0,N/A,N/A
2026-10-02 11:40,2026-10-13,0,0,0,0,0,25800,0,0,0,0,0,N/A,N/A
2026-10-02 11:40,2026-10-13,0,0,0,0,0,26000,0,0,0,0,0,N/A,N/A
2026-10-02 11:40,2026-10-13,0,0,0,0,0,26200,0,0,0,0,0,N/A,N/A
2026-10-02 11:40,2026-10-13,0,0,0,0,0,26400,0,0,0,0,0,N/A,N/A
2026-10-02 11:40,2026-10-13,0,0,0,0,0,26600,0,0,0,0,0,N/A,N/A
2026-10-02 11:40,2026-10-13,0,0,0,0,0,26800,0,0,0,0,0,N/A,N/A
2026-10-02 11:40,2026-10-13,0,0,0,0,0,27000,0,0,0,0,0,N/A,N/A
2026-10-02 11:40,2026-10-13,0,0,0,0,0,27200,0,0,0,0,0,N/A,N/A
2026-10-02 11:40,2026-10-13,0,0,0,0,0,27400,0,0,0,0,0,N/A,N/A
2026-10-02 11:40,2026-10-13,0,0,0,0,0,27600,0,0,0,0,0,N/A,N/A
2026-10-02 11:40,2026-10-13,0,0,0,0,0,27800,0,0,0,0,0,N/A,N/A
2026-10-02 11:40,2026-10-13,0,0,0,0,0,28000,0,0,0,0,0,N/A,N/A
2026-10-02 11:40,2026-10-13,0,0,0,0,0,28200,0,0,0,0,0,N/A,N/A
2026-10-02 11:40,2026-10-13,0,0,0,0,0,28400,0,0,0,0,0,N/A,N/A
2026-10-02 11:40,2026-10-13,0,0,0,0,0,28600,0,0,0,0,0,N/A,N/A
2026-10-02 11:40,2026-10-13,0,0,0,0,0,28800,0,0,0,0,0,N/A,N/A
2026-10-02 11:45,2026-10-13,1300,1300,1500,0,1365,21000,5006105,0,9.35,622050,1130675,Short Buildup,Short Buildup
2026-10-02 11:45,2026-10-13,0,0,0,0,0,21200,2147210,0,12.35,273585,398515,N/A,Short Buildup
2026-10-02 11:45,2026-10-13,130,130,1051.65,0,325,21400,2188420,0,18.1,-31135,318760,Short Buildup,Long Unwinding
2026-10-02 11:45,2026-10-13,65,65,899.8,0,195,21600,2310685,0,27.75,159965,391495,Short Buildup,Short Buildup
2026-10-02 11:45,2026-10-13,26455,26455,714.5,0,44850,21800,3033225,0,42.4,391560,741065,Short Buildup,Short Buildup
2026-10-02 11:45,2026-10-13,89245,60840,552,0,299585,22000,6709105,0,70.45,569400,1385410,Short Buildup,Short Buildup
2026-10-02 11:45,2026-10-13,130325,117390,398.7,0,741195,22200,3899935,0,114.15,27040,584545,Short Buildup,Short Buildup
2026-10-02 11:45,2026-10-13,504530,476840,264.15,0,3081000,22400,5681130,0,184.1,742560,1215565,Short Buildup,Short Buildup
2026-10-02 11:45,2026-10-13,687245,336895,163.05,0,5743205,22600,4563130,0,280.15,103350,574405,Short Buildup,Short Buildup
2026-10-02 11:45,2026-10-13,2174705,1145885,91.35,0,6679530,22800,1626105,0,403.55,-98020,706225,Short Buildup,Long Unwinding
2026-10-02 11:45,2026-10-13,2905565,1264965,47.55,0,10510110,23000,1144260,0,558.95,-36790,554450,Short Buildup,Long Unwinding
2026-10-02 11:45,2026-10-13,1666210,496145,25.15,0,4886570,23200,123110,0,731.7,-8190,186940,Short Buildup,Long Unwinding
2026-10-02 11:45,2026-10-13,879970,256425,13.65,0,3620565,23400,31655,0,934.8,4225,71175,Short Buildup,Short Buildup
2026-10-02 11:45,2026-10-13,677300,83265,7.95,0,2687165,23600,29770,0,1128.9,-10725,32045,Short Buildup,Long Unwinding
2026-10-02 11:45,2026-10-13,943865,-97695,5.5,0,3230110,23800,1495,0,1328.4,130,12090,Long Unwinding,Short Buildup
2026-10-02 11:45,2026-10-13,2905500,1900015,3.5,0,5536310,24000,52260,0,1523.1,37115,66950,Short Buildup,Short Buildup
2026-10-02 11:45,2026-10-13,905450,610220,2.2,0,2279875,24200,3120,0,1803.3,390,3770,Short Buildup,Short Buildup
2026-10-02 11:45,2026-10-13,576160,256360,1.4,0,1781065,24400,975,0,1480,-325,975,Short Buildup,Long Unwinding
2026-10-02 11:45,2026-10-13,501345,176345,1.25,0,1204905,24600,130,0,2206.3,0,1885,Short Buildup,N/A
2026-10-02 11:45,2026-10-13,73580,8645,1.15,0,193895,24800,130,0,2160,65,65,Short Buildup,Short Buildup
2026-10-02 11:45,2026-10-13,369785,173745,1.15,0,878085,25000,520,0,2530.8,195,1690,Short Buildup,Short Buildup
2026-10-02 11:45,2026-10-13,43615,36855,0.95,0,54470,25200,0,0,0,0,0,Short Buildup,N/A
2026-10-02 11:45,2026-10-13,274820,130845,0.95,0,319995,25400,65,0,2600,-65,0,Short Buildup,Long Unwinding
2026-10-02 11:45,2026-10-13,0,0,0,0,0,25600,0,0,0,0,0,N/A,N/A
2026-10-02 11:45,2026-10-13,0,0,0,0,0,25800,0,0,0,0,0,N/A,N/A
2026-10-02 11:45,2026-10-13,0,0,0,0,0,26000,0,0,0,0,0,N/A,N/A
2026-10-02 11:45,2026-10-13,0,0,0,0,0,26200,0,0,0,0,0,N/A,N/A
2026-10-02 11:45,2026-10-13,0,0,0,0,0,26400,0,0,0,0,0,N/A,N/A
2026-10-02 11:45,2026-10-13,0,0,0,0,0,26600,0,0,0,0,0,N/A,N/A
2026-10-02 11:45,2026-10-13,0,0,0,0,0,26800,0,0,0,0,0,N/A,N/A
2026-10-02 11:45,2026-10-13,0,0,0,0,0,27000,0,0,0,0,0,N/A,N/A
2026-10-02 11:45,2026-10-13,0,0,0,0,0,27200,0,0,0,0,0,N/A,N/A
2026-10-02 11:45,2026-10-13,0,0,0,0,0,27400,0,0,0,0,0,N/A,N/A
2026-10-02 11:45,2026-10-13,0,0,0,0,0,27600,0,0,0,0,0,N/A,N/A
2026-10-02 11:45,2026-10-13,0,0,0,0,0,27800,0,0,0,0,0,N/A,N/A
2026-10-02 11:45,2026-10-13,0,0,0,0,0,28000,0,0,0,0,0,N/A,N/A
2026-10-02 11:45,2026-10-13,0,0,0,0,0,28200,0,0,0,0,0,N/A,N/A
2026-10-02 11:45,2026-10-13,0,0,0,0,0,28400,0,0,0,0,0,N/A,N/A
2026-10-02 11:45,2026-10-13,0,0,0,0,0,28600,0,0,0,0,0,N/A,N/A
2026-10-02 11:45,2026-10-13,0,0,0,0,0,28800,0,0,0,0,0,N/A,N/A
2026-10-02 11:50,2026-10-13,1300,1300,1500,0,1365,21000,5006105,0,9.35,622050,1130675,Short Buildup,Short Buildup
2026-10-02 11:50,2026-10-13,0,0,0,0,0,21200,2147210,0,12.35,273585,398515,N/A,Short Buildup
2026-10-02 11:50,2026-10-13,130,130,1051.65,0,325,21400,2188420,0,18.1,-31135,318760,Short Buildup,Long Unwinding
2026-10-02 11:50,2026-10-13,65,65,899.8,0,195,21600,2310685,0,27.75,159965,391495,Short Buildup,Short Buildup
2026-10-02 11:50,2026-10-13,26455,26455,714.5,0,44850,21800,3033225,0,42.4,391560,741065,Short Buildup,Short Buildup
2026-10-02 11:50,2026-10-13,89245,60840,552,0,299585,22000,6709105,0,70.45,569400,1385410,Short Buildup,Short Buildup
2026-10-02 11:50,2026-10-13,130325,117390,398.7,0,741195,22200,3899935,0,114.15,27040,584545,Short Buildup,Short Buildup
2026-10-02 11:50,2026-10-13,504530,476840,264.15,0,3081000,22400,5681130,0,184.1,742560,1215565,Short Buildup,Short Buildup
2026-10-02 11:50,2026-10-13,687245,336895,163.05,0,5743205,22600,4563130,0,280.15,103350,574405,Short Buildup,Short Buildup
2026-10-02 11:50,2026-10-13,2174705,1145885,91.35,0,6679530,22800,1626105,0,403.55,-98020,706225,Short Buildup,Long Unwinding
2026-10-02 11:50,2026-10-13,2905565,1264965,47.55,0,10510110,23000,1144260,0,558.95,-36790,554450,Short Buildup,Long Unwinding
2026-10-02 11:50,2026-10-13,1666210,496145,25.15,0,4886570,23200,123110,0,731.7,-8190,186940,Short Buildup,Long Unwinding
2026-10-02 11:50,2026-10-13,879970,256425,13.65,0,3620565,23400,31655,0,934.8,4225,71175,Short Buildup,Short Buildup
2026-10-02 11:50,2026-10-13,677300,83265,7.95,0,2687165,23600,29770,0,1128.9,-10725,32045,Short Buildup,Long Unwinding
2026-10-02 11:50,2026-10-13,943865,-97695,5.5,0,3230110,23800,1495,0,1328.4,130,12090,Long Unwinding,Short Buildup
2026-10-02 11:50,2026-10-13,2905500,1900015,3.5,0,5536310,24000,52260,0,1523.1,37115,66950,Short Buildup,Short Buildup
2026-10-02 11:50,2026-10-13,905450,610220,2.2,0,2279875,24200,3120,0,1803.3,390,3770,Short Buildup,Short Buildup
2026-10-02 11:50,2026-10-13,576160,256360,1.4,0,1781065,24400,975,0,1480,-325,975,Short Buildup,Long Unwinding
2026-10-02 11:50,2026-10-13,501345,176345,1.25,0,1204905,24600,130,0,2206.3,0,1885,Short Buildup,N/A
2026-10-02 11:50,2026-10-13,73580,8645,1.15,0,193895,24800,130,0,2160,65,65,Short Buildup,Short Buildup
2026-10-02 11:50,2026-10-13,369785,173745,1.15,0,878085,25000,520,0,2530.8,195,1690,Short Buildup,Short Buildup
2026-10-02 11:50,2026-10-13,43615,36855,0.95,0,54470,25200,0,0,0,0,0,Short Buildup,N/A
2026-10-02 11:50,2026-10-13,274820,130845,0.95,0,319995,25400,65,0,2600,-65,0,Short Buildup,Long Unwinding
2026-10-02 11:50,2026-10-13,0,0,0,0,0,25600,0,0,0,0,0,N/A,N/A
2026-10-02 11:50,2026-10-13,0,0,0,0,0,25800,0,0,0,0,0,N/A,N/A
2026-10-02 11:50,2026-10-13,0,0,0,0,0,26000,0,0,0,0,0,N/A,N/A
2026-10-02 11:50,2026-10-13,0,0,0,0,0,26200,0,0,0,0,0,N/A,N/A
2026-10-02 11:50,2026-10-13,0,0,0,0,0,26400,0,0,0,0,0,N/A,N/A
2026-10-02 11:50,2026-10-13,0,0,0,0,0,26600,0,0,0,0,0,N/A,N/A
2026-10-02 11:50,2026-10-13,0,0,0,0,0,26800,0,0,0,0,0,N/A,N/A
2026-10-02 11:50,2026-10-13,0,0,0,0,0,27000,0,0,0,0,0,N/A,N/A
2026-10-02 11:50,2026-10-13,0,0,0,0,0,27200,0,0,0,0,0,N/A,N/A
2026-10-02 11:50,2026-10-13,0,0,0,0,0,27400,0,0,0,0,0,N/A,N/A
2026-10-02 11:50,2026-10-13,0,0,0,0,0,27600,0,0,0,0,0,N/A,N/A
2026-10-02 11:50,2026-10-13,0,0,0,0,0,27800,0,0,0,0,0,N/A,N/A
2026-10-02 11:50,2026-10-13,0,0,0,0,0,28000,0,0,0,0,0,N/A,N/A
2026-10-02 11:50,2026-10-13,0,0,0,0,0,28200,0,0,0,0,0,N/A,N/A
2026-10-02 11:50,2026-10-13,0,0,0,0,0,28400,0,0,0,0,0,N/A,N/A
2026-10-02 11:50,2026-10-13,0,0,0,0,0,28600,0,0,0,0,0,N/A,N/A
2026-10-02 11:50,2026-10-13,0,0,0,0,0,28800,0,0,0,0,0,N/A,N/A
2026-10-02 11:55,2026-10-13,1300,1300,1500,0,1365,21000,5006105,0,9.35,622050,1130675,Short Buildup,Short Buildup
2026-10-02 11:55,2026-10-13,0,0,0,0,0,21200,2147210,0,12.35,273585,398515,N/A,Short Buildup
2026-10-02 11:55,2026-10-13,130,130,1051.65,0,325,21400,2188420,0,18.1,-31135,318760,Short Buildup,Long Unwinding
2026-10-02 11:55,2026-10-13,65,65,899.8,0,195,21600,2310685,0,27.75,159965,391495,Short Buildup,Short Buildup
2026-10-02 11:55,2026-10-13,26455,26455,714.5,0,44850,21800,3033225,0,42.4,391560,741065,Short Buildup,Short Buildup
2026-10-02 11:55,2026-10-13,89245,60840,552,0,299585,22000,6709105,0,70.45,569400,1385410,Short Buildup,Short Buildup
2026-10-02 11:55,2026-10-13,130325,117390,398.7,0,741195,22200,3899935,0,114.15,27040,584545,Short Buildup,Short Buildup
2026-10-02 11:55,2026-10-13,504530,476840,264.15,0,3081000,22400,5681130,0,184.1,742560,1215565,Short Buildup,Short Buildup
2026-10-02 11:55,2026-10-13,687245,336895,163.05,0,5743205,22600,4563130,0,280.15,103350,574405,Short Buildup,Short Buildup
2026-10-02 11:55,2026-10-13,2174705,1145885,91.35,0,6679530,22800,1626105,0,403.55,-98020,706225,Short Buildup,Long Unwinding
2026-10-02 11:55,2026-10-13,2905565,1264965,47.55,0,10510110,23000,1144260,0,558.95,-36790,554450,Short Buildup,Long Unwinding
2026-10-02 11:55,2026-10-13,1666210,496145,25.15,0,4886570,23200,123110,0,731.7,-8190,186940,Short Buildup,Long Unwinding
2026-10-02 11:55,2026-10-13,879970,256425,13.65,0,3620565,23400,31655,0,934.8,4225,71175,Short Buildup,Short Buildup
2026-10-02 11:55,2026-10-13,677300,83265,7.95,0,2687165,23600,29770,0,1128.9,-10725,32045,Short Buildup,Long Unwinding
2026-10-02 11:55,2026-10-13,943865,-97695,5.5,0,3230110,23800,1495,0,1328.4,130,12090,Long Unwinding,Short Buildup
2026-10-02 11:55,2026-10-13,2905500,1900015,3.5,0,5536310,24000,52260,0,1523.1,37115,66950,Short Buildup,Short Buildup
2026-10-02 11:55,2026-10-13,905450,610220,2.2,0,2279875,24200,3120,0,1803.3,390,3770,Short Buildup,Short Buildup
2026-10-02 11:55,2026-10-13,576160,256360,1.4,0,1781065,24400,975,0,1480,-325,975,Short Buildup,Long Unwinding
2026-10-02 11:55,2026-10-13,501345,176345,1.25,0,1204905,24600,130,0,2206.3,0,1885,Short Buildup,N/A
2026-10-02 11:55,2026-10-13,73580,8645,1.15,0,193895,24800,130,0,2160,65,65,Short Buildup,Short Buildup
2026-10-02 11:55,2026-10-13,369785,173745,1.15,0,878085,25000,520,0,2530.8,195,1690,Short Buildup,Short Buildup
2026-10-02 11:55,2026-10-13,43615,36855,0.95,0,54470,25200,0,0,0,0,0,Short Buildup,N/A
2026-10-02 11:55,2026-10-13,274820,130845,0.95,0,319995,25400,65,0,2600,-65,0,Short Buildup,Long Unwinding
2026-10-02 11:55,2026-10-13,0,0,0,0,0,25600,0,0,0,0,0,N/A,N/A
2026-10-02 11:55,2026-10-13,0,0,0,0,0,25800,0,0,0,0,0,N/A,N/A
2026-10-02 11:55,2026-10-13,0,0,0,0,0,26000,0,0,0,0,0,N/A,N/A
2026-10-02 11:55,2026-10-13,0,0,0,0,0,26200,0,0,0,0,0,N/A,N/A
2026-10-02 11:55,2026-10-13,0,0,0,0,0,26400,0,0,0,0,0,N/A,N/A
2026-10-02 11:55,2026-10-13,0,0,0,0,0,26600,0,0,0,0,0,N/A,N/A
2026-10-02 11:55,2026-10-13,0,0,0,0,0,26800,0,0,0,0,0,N/A,N/A
2026-10-02 11:55,2026-10-13,0,0,0,0,0,27000,0,0,0,0,0,N/A,N/A
2026-10-02 11:55,2026-10-13,0,0,0,0,0,27200,0,0,0,0,0,N/A,N/A
2026-10-02 11:55,2026-10-13,0,0,0,0,0,27400,0,0,0,0,0,N/A,N/A
2026-10-02 11:55,2026-10-13,0,0,0,0,0,27600,0,0,0,0,0,N/A,N/A
2026-10-02 11:55,2026-10-13,0,0,0,0,0,27800,0,0,0,0,0,N/A,N/A
2026-10-02 11:55,2026-10-13,0,0,0,0,0,28000,0,0,0,0,0,N/A,N/A
2026-10-02 11:55,2026-10-13,0,0,0,0,0,28200,0,0,0,0,0,N/A,N/A
2026-10-02 11:55,2026-10-13,0,0,0,0,0,28400,0,0,0,0,0,N/A,N/A
2026-10-02 11:55,2026-10-13,0,0,0,0,0,28600,0,0,0,0,0,N/A,N/A
2026-10-02 11:55,2026-10-13,0,0,0,0,0,28800,0,0,0,0,0,N/A,N/A
