timestamp_ist,expiry,ce_oi,ce_chg_oi,ce_ltp,ce_iv,ce_volume,strike,pe_volume,pe_iv,pe_ltp,pe_chg_oi,pe_oi,ce_buildup,pe_buildup
2026-10-02 09:15,2026-10-06,4160,2210,1446.3,0,3640,21000,49981620,0,1.8,2314130,5712915,N/A,N/A
2026-10-02 09:15,2026-10-06,0,0,0,0,0,21200,27361945,0,2.15,599690,1966445,N/A,N/A
2026-10-02 09:15,2026-10-06,1365,455,1071.95,0,1040,21400,33698015,0,3.3,1302665,3189095,N/A,N/A
2026-10-02 09:15,2026-10-06,3640,1625,834.5,0,11050,21600,42423420,0,4.75,1563575,3059940,N/A,N/A
2026-10-02 09:15,2026-10-06,41600,25155,661.9,0,152425,21800,67213250,0,8,2254200,5577000,N/A,N/A
2026-10-02 09:15,2026-10-06,776425,358995,472.5,0,4854200,22000,138225100,0,19,2877550,10766795,N/A,N/A
2026-10-02 09:15,2026-10-06,863655,738530,297.3,0,19214325,22200,143638300,0,45.1,2326025,6582355,N/A,N/A
2026-10-02 09:15,2026-10-06,3635255,3375255,156.95,0,108326660,22400,176899450,0,103.6,1539915,4369625,N/A,N/A
2026-10-02 09:15,2026-10-06,6140420,3016520,65.85,0,206398270,22600,145398695,0,211.8,-3159585,2630290,N/A,N/A
2026-10-02 09:15,2026-10-06,9154275,922545,25.1,0,122405855,22800,16041740,0,370.35,-1590420,1834105,N/A,N/A
2026-10-02 09:15,2026-10-06,14017445,2291120,10.75,0,116966460,23000,4112810,0,557.65,-646230,1689025,N/A,N/A
2026-10-02 09:15,2026-10-06,9492795,2168725,5.65,0,66838070,23200,654615,0,752.45,-143000,463840,N/A,N/A
2026-10-02 09:15,2026-10-06,5134350,423150,3.3,0,61153300,23400,305045,0,943.9,-86775,551590,N/A,N/A
2026-10-02 09:15,2026-10-06,4624230,-1598740,2.05,0,67658305,23600,57135,0,1149.3,-23010,161265,N/A,N/A
2026-10-02 09:15,2026-10-06,4186520,727740,1.5,0,28642705,23800,24310,0,1347,-15470,103935,N/A,N/A
2026-10-02 09:15,2026-10-06,11296870,2121210,1.2,0,50184680,24000,67405,0,1544.05,-36985,494000,N/A,N/A
2026-10-02 09:15,2026-10-06,2525770,-767650,0.9,0,10577450,24200,21190,0,1722.4,-14755,88790,N/A,N/A
2026-10-02 09:15,2026-10-06,1678300,-723450,0.65,0,5651945,24400,12870,0,1958.1,-11700,55315,N/A,N/A
2026-10-02 09:15,2026-10-06,1221610,-952835,0.65,0,4063930,24600,2210,0,2165.75,-1950,17550,N/A,N/A
2026-10-02 09:15,2026-10-06,388570,-490685,0.55,0,2396355,24800,13780,0,2371.5,-9100,11310,N/A,N/A
2026-10-02 09:15,2026-10-06,2143635,-112775,0.55,0,4829630,25000,16510,0,2551,-15080,99775,N/A,N/A
2026-10-02 09:15,2026-10-06,276185,-6175,0.4,0,833170,25200,520,0,2550,0,520,N/A,N/A
2026-10-02 09:15,2026-10-06,43030,-31330,0.45,0,334100,25400,520,0,2800,0,1560,N/A,N/A
2026-10-02 09:15,2026-10-06,140660,-73840,0.45,0,619645,25600,130,0,2443.05,-130,0,N/A,N/A
2026-10-02 09:15,2026-10-06,558545,58435,0.4,0,1309815,25800,8970,0,2733.5,0,10075,N/A,N/A
2026-10-02 09:15,2026-10-06,0,0,0,0,0,26000,0,0,0,0,0,N/A,N/A
2026-10-02 09:15,2026-10-06,0,0,0,0,0,26200,0,0,0,0,0,N/A,N/A
2026-10-02 09:15,2026-10-06,0,0,0,0,0,26400,0,0,0,0,0,N/A,N/A
2026-10-02 09:15,2026-10-06,0,0,0,0,0,26600,0,0,0,0,0,N/A,N/A
2026-10-02 09:15,2026-10-06,0,0,0,0,0,26800,0,0,0,0,0,N/A,N/A
2026-10-02 09:15,2026-10-06,0,0,0,0,0,27000,0,0,0,0,0,N/A,N/A
2026-10-02 09:15,2026-10-06,0,0,0,0,0,27200,0,0,0,0,0,N/A,N/A
2026-10-02 09:15,2026-10-06,0,0,0,0,0,27400,0,0,0,0,0,N/A,N/A
2026-10-02 09:15,2026-10-06,0,0,0,0,0,27600,0,0,0,0,0,N/A,N/A
2026-10-02 09:15,2026-10-06,0,0,0,0,0,27800,0,0,0,0,0,N/A,N/A
2026-10-02 09:15,2026-10-06,0,0,0,0,0,28000,0,0,0,0,0,N/A,N/A
2026-10-02 09:15,2026-10-06,0,0,0,0,0,28200,0,0,0,0,0,N/A,N/A
2026-10-02 09:15,2026-10-06,0,0,0,0,0,28400,0,0,0,0,0,N/A,N/A
2026-10-02 09:15,2026-10-06,0,0,0,0,0,28600,0,0,0,0,0,N/A,N/A
2026-10-02 09:15,2026-10-06,0,0,0,0,0,28800,0,0,0,0,0,N/A,N/A
2026-10-02 09:15,2026-10-06,0,0,0,0,0,29000,0,0,0,0,0,N/A,N/A
2026-10-02 09:15,2026-10-06,0,0,0,0,0,29200,0,0,0,0,0,N/A,N/A
2026-10-02 09:21,2026-10-06,4160,2210,1446.3,0,3640,21000,49981620,0,1.8,2314130,5712915,Short Buildup,Short Buildup
2026-10-02 09:21,2026-10-06,0,0,0,0,0,21200,27361945,0,2.15,599690,1966445,N/A,Short Buildup
2026-10-02 09:21,2026-10-06,1365,455,1071.95,0,1040,21400,33698015,0,3.3,1302665,3189095,Short Buildup,Short Buildup
2026-10-02 09:21,2026-10-06,3640,1625,834.5,0,11050,21600,42423420,0,4.75,1563575,3059940,Short Buildup,Short Buildup
2026-10-02 09:21,2026-10-06,41600,25155,661.9,0,152425,21800,67213250,0,8,2254200,5577000,Short Buildup,Short Buildup
2026-10-02 09:21,2026-10-06,776425,358995,472.5,0,4854200,22000,138225100,0,19,2877550,10766795,Short Buildup,Short Buildup
2026-10-02 09:21,2026-10-06,863655,738530,297.3,0,19214325,22200,143638300,0,45.1,2326025,6582355,Short Buildup,Short Buildup
2026-10-02 09:21,2026-10-06,3635255,3375255,156.95,0,108326660,22400,176899450,0,103.6,1539915,4369625,Short Buildup,Short Buildup
2026-10-02 09:21,2026-10-06,6140420,3016520,65.85,0,206398270,22600,145398695,0,211.8,-3159585,2630290,Short Buildup,Long Unwinding
2026-10-02 09:21,2026-10-06,9154275,922545,25.1,0,122405855,22800,16041740,0,370.35,-1590420,1834105,Short Buildup,Long Unwinding
2026-10-02 09:21,2026-10-06,14017445,2291120,10.75,0,116966460,23000,4112810,0,557.65,-646230,1689025,Short Buildup,Long Unwinding
2026-10-02 09:21,2026-10-06,9492795,2168725,5.65,0,66838070,23200,654615,0,752.45,-143000,463840,Short Buildup,Long Unwinding
2026-10-02 09:21,2026-10-06,5134350,423150,3.3,0,61153300,23400,305045,0,943.9,-86775,551590,Short Buildup,Long Unwinding
2026-10-02 09:21,2026-10-06,4624230,-1598740,2.05,0,67658305,23600,57135,0,1149.3,-23010,161265,Long Unwinding,Long Unwinding
2026-10-02 09:21,2026-10-06,4186520,727740,1.5,0,28642705,23800,24310,0,1347,-15470,103935,Short Buildup,Long Unwinding
2026-10-02 09:21,2026-10-06,11296870,2121210,1.2,0,50184680,24000,67405,0,1544.05,-36985,494000,Short Buildup,Long Unwinding
2026-10-02 09:21,2026-10-06,2525770,-767650,0.9,0,10577450,24200,21190,0,1722.4,-14755,88790,Long Unwinding,Long Unwinding
2026-10-02 09:21,2026-10-06,1678300,-723450,0.65,0,5651945,24400,12870,0,1958.1,-11700,55315,Long Unwinding,Long Unwinding
2026-10-02 09:21,2026-10-06,1221610,-952835,0.65,0,4063930,24600,2210,0,2165.75,-1950,17550,Long Unwinding,Long Unwinding
2026-10-02 09:21,2026-10-06,388570,-490685,0.55,0,2396355,24800,13780,0,2371.5,-9100,11310,Long Unwinding,Long Unwinding
2026-10-02 09:21,2026-10-06,2143635,-112775,0.55,0,4829630,25000,16510,0,2551,-15080,99775,Long Unwinding,Long Unwinding
2026-10-02 09:21,2026-10-06,276185,-6175,0.4,0,833170,25200,520,0,2550,0,520,Long Unwinding,N/A
2026-10-02 09:21,2026-10-06,43030,-31330,0.45,0,334100,25400,520,0,2800,0,1560,Long Unwinding,N/A
2026-10-02 09:21,2026-10-06,140660,-73840,0.45,0,619645,25600,130,0,2443.05,-130,0,Long Unwinding,Long Unwinding
2026-10-02 09:21,2026-10-06,558545,58435,0.4,0,1309815,25800,8970,0,2733.5,0,10075,Short Buildup,N/A
2026-10-02 09:21,2026-10-06,0,0,0,0,0,26000,0,0,0,0,0,N/A,N/A
2026-10-02 09:21,2026-10-06,0,0,0,0,0,26200,0,0,0,0,0,N/A,N/A
2026-10-02 09:21,2026-10-06,0,0,0,0,0,26400,0,0,0,0,0,N/A,N/A
2026-10-02 09:21,2026-10-06,0,0,0,0,0,26600,0,0,0,0,0,N/A,N/A
2026-10-02 09:21,2026-10-06,0,0,0,0,0,26800,0,0,0,0,0,N/A,N/A
2026-10-02 09:21,2026-10-06,0,0,0,0,0,27000,0,0,0,0,0,N/A,N/A
2026-10-02 09:21,2026-10-06,0,0,0,0,0,27200,0,0,0,0,0,N/A,N/A
2026-10-02 09:21,2026-10-06,0,0,0,0,0,27400,0,0,0,0,0,N/A,N/A
2026-10-02 09:21,2026-10-06,0,0,0,0,0,27600,0,0,0,0,0,N/A,N/A
2026-10-02 09:21,2026-10-06,0,0,0,0,0,27800,0,0,0,0,0,N/A,N/A
2026-10-02 09:21,2026-10-06,0,0,0,0,0,28000,0,0,0,0,0,N/A,N/A
2026-10-02 09:21,2026-10-06,0,0,0,0,0,28200,0,0,0,0,0,N/A,N/A
2026-10-02 09:21,2026-10-06,0,0,0,0,0,28400,0,0,0,0,0,N/A,N/A
2026-10-02 09:21,2026-10-06,0,0,0,0,0,28600,0,0,0,0,0,N/A,N/A
2026-10-02 09:21,2026-10-06,0,0,0,0,0,28800,0,0,0,0,0,N/A,N/A
2026-10-02 09:21,2026-10-06,0,0,0,0,0,29000,0,0,0,0,0,N/A,N/A
2026-10-02 09:21,2026-10-06,0,0,0,0,0,29200,0,0,0,0,0,N/A,N/A
2026-10-02 09:25,2026-10-06,4160,2210,1446.3,0,3640,21000,49981620,0,1.8,2314130,5712915,Short Buildup,Short Buildup
2026-10-02 09:25,2026-10-06,0,0,0,0,0,21200,27361945,0,2.15,599690,1966445,N/A,Short Buildup
2026-10-02 09:25,2026-10-06,1365,455,1071.95,0,1040,21400,33698015,0,3.3,1302665,3189095,Short Buildup,Short Buildup
2026-10-02 09:25,2026-10-06,3640,1625,834.5,0,11050,21600,42423420,0,4.75,1563575,3059940,Short Buildup,Short Buildup
2026-10-02 09:25,2026-10-06,41600,25155,661.9,0,152425,21800,67213250,0,8,2254200,5577000,Short Buildup,Short Buildup
2026-10-02 09:25,2026-10-06,776425,358995,472.5,0,4854200,22000,138225100,0,19,2877550,10766795,Short Buildup,Short Buildup
2026-10-02 09:25,2026-10-06,863655,738530,297.3,0,19214325,22200,143638300,0,45.1,2326025,6582355,Short Buildup,Short Buildup
2026-10-02 09:25,2026-10-06,3635255,3375255,156.95,0,108326660,22400,176899450,0,103.6,1539915,4369625,Short Buildup,Short Buildup
2026-10-02 09:25,2026-10-06,6140420,3016520,65.85,0,206398270,22600,145398695,0,211.8,-3159585,2630290,Short Buildup,Long Unwinding
2026-10-02 09:25,2026-10-06,9154275,922545,25.1,0,122405855,22800,16041740,0,370.35,-1590420,1834105,Short Buildup,Long Unwinding
2026-10-02 09:25,2026-10-06,14017445,2291120,10.75,0,116966460,23000,4112810,0,557.65,-646230,1689025,Short Buildup,Long Unwinding
2026-10-02 09:25,2026-10-06,9492795,2168725,5.65,0,66838070,23200,654615,0,752.45,-143000,463840,Short Buildup,Long Unwinding
2026-10-02 09:25,2026-10-06,5134350,423150,3.3,0,61153300,23400,305045,0,943.9,-86775,551590,Short Buildup,Long Unwinding
2026-10-02 09:25,2026-10-06,4624230,-1598740,2.05,0,67658305,23600,57135,0,1149.3,-23010,161265,Long Unwinding,Long Unwinding
2026-10-02 09:25,2026-10-06,4186520,727740,1.5,0,28642705,23800,24310,0,1347,-15470,103935,Short Buildup,Long Unwinding
2026-10-02 09:25,2026-10-06,11296870,2121210,1.2,0,50184680,24000,67405,0,1544.05,-36985,494000,Short Buildup,Long Unwinding
2026-10-02 09:25,2026-10-06,2525770,-767650,0.9,0,10577450,24200,21190,0,1722.4,-14755,88790,Long Unwinding,Long Unwinding
2026-10-02 09:25,2026-10-06,1678300,-723450,0.65,0,5651945,24400,12870,0,1958.1,-11700,55315,Long Unwinding,Long Unwinding
2026-10-02 09:25,2026-10-06,1221610,-952835,0.65,0,4063930,24600,2210,0,2165.75,-1950,17550,Long Unwinding,Long Unwinding
2026-10-02 09:25,2026-10-06,388570,-490685,0.55,0,2396355,24800,13780,0,2371.5,-9100,11310,Long Unwinding,Long Unwinding
2026-10-02 09:25,2026-10-06,2143635,-112775,0.55,0,4829630,25000,16510,0,2551,-15080,99775,Long Unwinding,Long Unwinding
2026-10-02 09:25,2026-10-06,276185,-6175,0.4,0,833170,25200,520,0,2550,0,520,Long Unwinding,N/A
2026-10-02 09:25,2026-10-06,43030,-31330,0.45,0,334100,25400,520,0,2800,0,1560,Long Unwinding,N/A
2026-10-02 09:25,2026-10-06,140660,-73840,0.45,0,619645,25600,130,0,2443.05,-130,0,Long Unwinding,Long Unwinding
2026-10-02 09:25,2026-10-06,558545,58435,0.4,0,1309815,25800,8970,0,2733.5,0,10075,Short Buildup,N/A
2026-10-02 09:25,2026-10-06,0,0,0,0,0,26000,0,0,0,0,0,N/A,N/A
2026-10-02 09:25,2026-10-06,0,0,0,0,0,26200,0,0,0,0,0,N/A,N/A
2026-10-02 09:25,2026-10-06,0,0,0,0,0,26400,0,0,0,0,0,N/A,N/A
2026-10-02 09:25,2026-10-06,0,0,0,0,0,26600,0,0,0,0,0,N/A,N/A
2026-10-02 09:25,2026-10-06,0,0,0,0,0,26800,0,0,0,0,0,N/A,N/A
2026-10-02 09:25,2026-10-06,0,0,0,0,0,27000,0,0,0,0,0,N/A,N/A
2026-10-02 09:25,2026-10-06,0,0,0,0,0,27200,0,0,0,0,0,N/A,N/A
2026-10-02 09:25,2026-10-06,0,0,0,0,0,27400,0,0,0,0,0,N/A,N/A
2026-10-02 09:25,2026-10-06,0,0,0,0,0,27600,0,0,0,0,0,N/A,N/A
2026-10-02 09:25,2026-10-06,0,0,0,0,0,27800,0,0,0,0,0,N/A,N/A
2026-10-02 09:25,2026-10-06,0,0,0,0,0,28000,0,0,0,0,0,N/A,N/A
2026-10-02 09:25,2026-10-06,0,0,0,0,0,28200,0,0,0,0,0,N/A,N/A
2026-10-02 09:25,2026-10-06,0,0,0,0,0,28400,0,0,0,0,0,N/A,N/A
2026-10-02 09:25,2026-10-06,0,0,0,0,0,28600,0,0,0,0,0,N/A,N/A
2026-10-02 09:25,2026-10-06,0,0,0,0,0,28800,0,0,0,0,0,N/A,N/A
2026-10-02 09:25,2026-10-06,0,0,0,0,0,29000,0,0,0,0,0,N/A,N/A
2026-10-02 09:25,2026-10-06,0,0,0,0,0,29200,0,0,0,0,0,N/A,N/A
2026-10-02 09:31,2026-10-06,4160,2210,1446.3,0,3640,21000,49981620,0,1.8,2314130,5712915,Short Buildup,Short Buildup
2026-10-02 09:31,2026-10-06,0,0,0,0,0,21200,27361945,0,2.15,599690,1966445,N/A,Short Buildup
2026-10-02 09:31,2026-10-06,1365,455,1071.95,0,1040,21400,33698015,0,3.3,1302665,3189095,Short Buildup,Short Buildup
2026-10-02 09:31,2026-10-06,3640,1625,834.5,0,11050,21600,42423420,0,4.75,1563575,3059940,Short Buildup,Short Buildup
2026-10-02 09:31,2026-10-06,41600,25155,661.9,0,152425,21800,67213250,0,8,2254200,5577000,Short Buildup,Short Buildup
2026-10-02 09:31,2026-10-06,776425,358995,472.5,0,4854200,22000,138225100,0,19,2877550,10766795,Short Buildup,Short Buildup
2026-10-02 09:31,2026-10-06,863655,738530,297.3,0,19214325,22200,143638300,0,45.1,2326025,6582355,Short Buildup,Short Buildup
2026-10-02 09:31,2026-10-06,3635255,3375255,156.95,0,108326660,22400,176899450,0,103.6,1539915,4369625,Short Buildup,Short Buildup
2026-10-02 09:31,2026-10-06,6140420,3016520,65.85,0,206398270,22600,145398695,0,211.8,-3159585,2630290,Short Buildup,Long Unwinding
2026-10-02 09:31,2026-10-06,9154275,922545,25.1,0,122405855,22800,16041740,0,370.35,-1590420,1834105,Short Buildup,Long Unwinding
2026-10-02 09:31,2026-10-06,14017445,2291120,10.75,0,116966460,23000,4112810,0,557.65,-646230,1689025,Short Buildup,Long Unwinding
2026-10-02 09:31,2026-10-06,9492795,2168725,5.65,0,66838070,23200,654615,0,752.45,-143000,463840,Short Buildup,Long Unwinding
2026-10-02 09:31,2026-10-06,5134350,423150,3.3,0,61153300,23400,305045,0,943.9,-86775,551590,Short Buildup,Long Unwinding
2026-10-02 09:31,2026-10-06,4624230,-1598740,2.05,0,67658305,23600,57135,0,1149.3,-23010,161265,Long Unwinding,Long Unwinding
2026-10-02 09:31,2026-10-06,4186520,727740,1.5,0,28642705,23800,24310,0,1347,-15470,103935,Short Buildup,Long Unwinding
2026-10-02 09:31,2026-10-06,11296870,2121210,1.2,0,50184680,24000,67405,0,1544.05,-36985,494000,Short Buildup,Long Unwinding
2026-10-02 09:31,2026-10-06,2525770,-767650,0.9,0,10577450,24200,21190,0,1722.4,-14755,88790,Long Unwinding,Long Unwinding
2026-10-02 09:31,2026-10-06,1678300,-723450,0.65,0,5651945,24400,12870,0,1958.1,-11700,55315,Long Unwinding,Long Unwinding
2026-10-02 09:31,2026-10-06,1221610,-952835,0.65,0,4063930,24600,2210,0,2165.75,-1950,17550,Long Unwinding,Long Unwinding
2026-10-02 09:31,2026-10-06,388570,-490685,0.55,0,2396355,24800,13780,0,2371.5,-9100,11310,Long Unwinding,Long Unwinding
2026-10-02 09:31,2026-10-06,2143635,-112775,0.55,0,4829630,25000,16510,0,2551,-15080,99775,Long Unwinding,Long Unwinding
2026-10-02 09:31,2026-10-06,276185,-6175,0.4,0,833170,25200,520,0,2550,0,520,Long Unwinding,N/A
2026-10-02 09:31,2026-10-06,43030,-31330,0.45,0,334100,25400,520,0,2800,0,1560,Long Unwinding,N/A
2026-10-02 09:31,2026-10-06,140660,-73840,0.45,0,619645,25600,130,0,2443.05,-130,0,Long Unwinding,Long Unwinding
2026-10-02 09:31,2026-10-06,558545,58435,0.4,0,1309815,25800,8970,0,2733.5,0,10075,Short Buildup,N/A
2026-10-02 09:31,2026-10-06,0,0,0,0,0,26000,0,0,0,0,0,N/A,N/A
2026-10-02 09:31,2026-10-06,0,0,0,0,0,26200,0,0,0,0,0,N/A,N/A
2026-10-02 09:31,2026-10-06,0,0,0,0,0,26400,0,0,0,0,0,N/A,N/A
2026-10-02 09:31,2026-10-06,0,0,0,0,0,26600,0,0,0,0,0,N/A,N/A
2026-10-02 09:31,2026-10-06,0,0,0,0,0,26800,0,0,0,0,0,N/A,N/A
2026-10-02 09:31,2026-10-06,0,0,0,0,0,27000,0,0,0,0,0,N/A,N/A
2026-10-02 09:31,2026-10-06,0,0,0,0,0,27200,0,0,0,0,0,N/A,N/A
2026-10-02 09:31,2026-10-06,0,0,0,0,0,27400,0,0,0,0,0,N/A,N/A
2026-10-02 09:31,2026-10-06,0,0,0,0,0,27600,0,0,0,0,0,N/A,N/A
2026-10-02 09:31,2026-10-06,0,0,0,0,0,27800,0,0,0,0,0,N/A,N/A
2026-10-02 09:31,2026-10-06,0,0,0,0,0,28000,0,0,0,0,0,N/A,N/A
2026-10-02 09:31,2026-10-06,0,0,0,0,0,28200,0,0,0,0,0,N/A,N/A
2026-10-02 09:31,2026-10-06,0,0,0,0,0,28400,0,0,0,0,0,N/A,N/A
2026-10-02 09:31,2026-10-06,0,0,0,0,0,28600,0,0,0,0,0,N/A,N/A
2026-10-02 09:31,2026-10-06,0,0,0,0,0,28800,0,0,0,0,0,N/A,N/A
2026-10-02 09:31,2026-10-06,0,0,0,0,0,29000,0,0,0,0,0,N/A,N/A
2026-10-02 09:31,2026-10-06,0,0,0,0,0,29200,0,0,0,0,0,N/A,N/A
2026-10-02 09:35,2026-10-06,4160,2210,1446.3,0,3640,21000,49981620,0,1.8,2314130,5712915,Short Buildup,Short Buildup
2026-10-02 09:35,2026-10-06,0,0,0,0,0,21200,27361945,0,2.15,599690,1966445,N/A,Short Buildup
2026-10-02 09:35,2026-10-06,1365,455,1071.95,0,1040,21400,33698015,0,3.3,1302665,3189095,Short Buildup,Short Buildup
2026-10-02 09:35,2026-10-06,3640,1625,834.5,0,11050,21600,42423420,0,4.75,1563575,3059940,Short Buildup,Short Buildup
2026-10-02 09:35,2026-10-06,41600,25155,661.9,0,152425,21800,67213250,0,8,2254200,5577000,Short Buildup,Short Buildup
2026-10-02 09:35,2026-10-06,776425,358995,472.5,0,4854200,22000,138225100,0,19,2877550,10766795,Short Buildup,Short Buildup
2026-10-02 09:35,2026-10-06,863655,738530,297.3,0,19214325,22200,143638300,0,45.1,2326025,6582355,Short Buildup,Short Buildup
2026-10-02 09:35,2026-10-06,3635255,3375255,156.95,0,108326660,22400,176899450,0,103.6,1539915,4369625,Short Buildup,Short Buildup
2026-10-02 09:35,2026-10-06,6140420,3016520,65.85,0,206398270,22600,145398695,0,211.8,-3159585,2630290,Short Buildup,Long Unwinding
2026-10-02 09:35,2026-10-06,9154275,922545,25.1,0,122405855,22800,16041740,0,370.35,-1590420,1834105,Short Buildup,Long Unwinding
2026-10-02 09:35,2026-10-06,14017445,2291120,10.75,0,116966460,23000,4112810,0,557.65,-646230,1689025,Short Buildup,Long Unwinding
2026-10-02 09:35,2026-10-06,9492795,2168725,5.65,0,66838070,23200,654615,0,752.45,-143000,463840,Short Buildup,Long Unwinding
2026-10-02 09:35,2026-10-06,5134350,423150,3.3,0,61153300,23400,305045,0,943.9,-86775,551590,Short Buildup,Long Unwinding
2026-10-02 09:35,2026-10-06,4624230,-1598740,2.05,0,67658305,23600,57135,0,1149.3,-23010,161265,Long Unwinding,Long Unwinding
2026-10-02 09:35,2026-10-06,4186520,727740,1.5,0,28642705,23800,24310,0,1347,-15470,103935,Short Buildup,Long Unwinding
2026-10-02 09:35,2026-10-06,11296870,2121210,1.2,0,50184680,24000,67405,0,1544.05,-36985,494000,Short Buildup,Long Unwinding
2026-10-02 09:35,2026-10-06,2525770,-767650,0.9,0,10577450,24200,21190,0,1722.4,-14755,88790,Long Unwinding,Long Unwinding
2026-10-02 09:35,2026-10-06,1678300,-723450,0.65,0,5651945,24400,12870,0,1958.1,-11700,55315,Long Unwinding,Long Unwinding
2026-10-02 09:35,2026-10-06,1221610,-952835,0.65,0,4063930,24600,2210,0,2165.75,-1950,17550,Long Unwinding,Long Unwinding
2026-10-02 09:35,2026-10-06,388570,-490685,0.55,0,2396355,24800,13780,0,2371.5,-9100,11310,Long Unwinding,Long Unwinding
2026-10-02 09:35,2026-10-06,2143635,-112775,0.55,0,4829630,25000,16510,0,2551,-15080,99775,Long Unwinding,Long Unwinding
2026-10-02 09:35,2026-10-06,276185,-6175,0.4,0,833170,25200,520,0,2550,0,520,Long Unwinding,N/A
2026-10-02 09:35,2026-10-06,43030,-31330,0.45,0,334100,25400,520,0,2800,0,1560,Long Unwinding,N/A
2026-10-02 09:35,2026-10-06,140660,-73840,0.45,0,619645,25600,130,0,2443.05,-130,0,Long Unwinding,Long Unwinding
2026-10-02 09:35,2026-10-06,558545,58435,0.4,0,1309815,25800,8970,0,2733.5,0,10075,Short Buildup,N/A
2026-10-02 09:35,2026-10-06,0,0,0,0,0,26000,0,0,0,0,0,N/A,N/A
2026-10-02 09:35,2026-10-06,0,0,0,0,0,26200,0,0,0,0,0,N/A,N/A
2026-10-02 09:35,2026-10-06,0,0,0,0,0,26400,0,0,0,0,0,N/A,N/A
2026-10-02 09:35,2026-10-06,0,0,0,0,0,26600,0,0,0,0,0,N/A,N/A
2026-10-02 09:35,2026-10-06,0,0,0,0,0,26800,0,0,0,0,0,N/A,N/A
2026-10-02 09:35,2026-10-06,0,0,0,0,0,27000,0,0,0,0,0,N/A,N/A
2026-10-02 09:35,2026-10-06,0,0,0,0,0,27200,0,0,0,0,0,N/A,N/A
2026-10-02 09:35,2026-10-06,0,0,0,0,0,27400,0,0,0,0,0,N/A,N/A
2026-10-02 09:35,2026-10-06,0,0,0,0,0,27600,0,0,0,0,0,N/A,N/A
2026-10-02 09:35,2026-10-06,0,0,0,0,0,27800,0,0,0,0,0,N/A,N/A
2026-10-02 09:35,2026-10-06,0,0,0,0,0,28000,0,0,0,0,0,N/A,N/A
2026-10-02 09:35,2026-10-06,0,0,0,0,0,28200,0,0,0,0,0,N/A,N/A
2026-10-02 09:35,2026-10-06,0,0,0,0,0,28400,0,0,0,0,0,N/A,N/A
2026-10-02 09:35,2026-10-06,0,0,0,0,0,28600,0,0,0,0,0,N/A,N/A
2026-10-02 09:35,2026-10-06,0,0,0,0,0,28800,0,0,0,0,0,N/A,N/A
2026-10-02 09:35,2026-10-06,0,0,0,0,0,29000,0,0,0,0,0,N/A,N/A
2026-10-02 09:35,2026-10-06,0,0,0,0,0,29200,0,0,0,0,0,N/A,N/A
2026-10-02 09:40,2026-10-06,4160,2210,1446.3,0,3640,21000,49981620,0,1.8,2314130,5712915,Short Buildup,Short Buildup
2026-10-02 09:40,2026-10-06,0,0,0,0,0,21200,27361945,0,2.15,599690,1966445,N/A,Short Buildup
2026-10-02 09:40,2026-10-06,1365,455,1071.95,0,1040,21400,33698015,0,3.3,1302665,3189095,Short Buildup,Short Buildup
2026-10-02 09:40,2026-10-06,3640,1625,834.5,0,11050,21600,42423420,0,4.75,1563575,3059940,Short Buildup,Short Buildup
2026-10-02 09:40,2026-10-06,41600,25155,661.9,0,152425,21800,67213250,0,8,2254200,5577000,Short Buildup,Short Buildup
2026-10-02 09:40,2026-10-06,776425,358995,472.5,0,4854200,22000,138225100,0,19,2877550,10766795,Short Buildup,Short Buildup
2026-10-02 09:40,2026-10-06,863655,738530,297.3,0,19214325,22200,143638300,0,45.1,2326025,6582355,Short Buildup,Short Buildup
2026-10-02 09:40,2026-10-06,3635255,3375255,156.95,0,108326660,22400,176899450,0,103.6,1539915,4369625,Short Buildup,Short Buildup
2026-10-02 09:40,2026-10-06,6140420,3016520,65.85,0,206398270,22600,145398695,0,211.8,-3159585,2630290,Short Buildup,Long Unwinding
2026-10-02 09:40,2026-10-06,9154275,922545,25.1,0,122405855,22800,16041740,0,370.35,-1590420,1834105,Short Buildup,Long Unwinding
2026-10-02 09:40,2026-10-06,14017445,2291120,10.75,0,116966460,23000,4112810,0,557.65,-646230,1689025,Short Buildup,Long Unwinding
2026-10-02 09:40,2026-10-06,9492795,2168725,5.65,0,66838070,23200,654615,0,752.45,-143000,463840,Short Buildup,Long Unwinding
2026-10-02 09:40,2026-10-06,5134350,423150,3.3,0,61153300,23400,305045,0,943.9,-86775,551590,Short Buildup,Long Unwinding
2026-10-02 09:40,2026-10-06,4624230,-1598740,2.05,0,67658305,23600,57135,0,1149.3,-23010,161265,Long Unwinding,Long Unwinding
2026-10-02 09:40,2026-10-06,4186520,727740,1.5,0,28642705,23800,24310,0,1347,-15470,103935,Short Buildup,Long Unwinding
2026-10-02 09:40,2026-10-06,11296870,2121210,1.2,0,50184680,24000,67405,0,1544.05,-36985,494000,Short Buildup,Long Unwinding
2026-10-02 09:40,2026-10-06,2525770,-767650,0.9,0,10577450,24200,21190,0,1722.4,-14755,88790,Long Unwinding,Long Unwinding
2026-10-02 09:40,2026-10-06,1678300,-723450,0.65,0,5651945,24400,12870,0,1958.1,-11700,55315,Long Unwinding,Long Unwinding
2026-10-02 09:40,2026-10-06,1221610,-952835,0.65,0,4063930,24600,2210,0,2165.75,-1950,17550,Long Unwinding,Long Unwinding
2026-10-02 09:40,2026-10-06,388570,-490685,0.55,0,2396355,24800,13780,0,2371.5,-9100,11310,Long Unwinding,Long Unwinding
2026-10-02 09:40,2026-10-06,2143635,-112775,0.55,0,4829630,25000,16510,0,2551,-15080,99775,Long Unwinding,Long Unwinding
2026-10-02 09:40,2026-10-06,276185,-6175,0.4,0,833170,25200,520,0,2550,0,520,Long Unwinding,N/A
2026-10-02 09:40,2026-10-06,43030,-31330,0.45,0,334100,25400,520,0,2800,0,1560,Long Unwinding,N/A
2026-10-02 09:40,2026-10-06,140660,-73840,0.45,0,619645,25600,130,0,2443.05,-130,0,Long Unwinding,Long Unwinding
2026-10-02 09:40,2026-10-06,558545,58435,0.4,0,1309815,25800,8970,0,2733.5,0,10075,Short Buildup,N/A
2026-10-02 09:40,2026-10-06,0,0,0,0,0,26000,0,0,0,0,0,N/A,N/A
2026-10-02 09:40,2026-10-06,0,0,0,0,0,26200,0,0,0,0,0,N/A,N/A
2026-10-02 09:40,2026-10-06,0,0,0,0,0,26400,0,0,0,0,0,N/A,N/A
2026-10-02 09:40,2026-10-06,0,0,0,0,0,26600,0,0,0,0,0,N/A,N/A
2026-10-02 09:40,2026-10-06,0,0,0,0,0,26800,0,0,0,0,0,N/A,N/A
2026-10-02 09:40,2026-10-06,0,0,0,0,0,27000,0,0,0,0,0,N/A,N/A
2026-10-02 09:40,2026-10-06,0,0,0,0,0,27200,0,0,0,0,0,N/A,N/A
2026-10-02 09:40,2026-10-06,0,0,0,0,0,27400,0,0,0,0,0,N/A,N/A
2026-10-02 09:40,2026-10-06,0,0,0,0,0,27600,0,0,0,0,0,N/A,N/A
2026-10-02 09:40,2026-10-06,0,0,0,0,0,27800,0,0,0,0,0,N/A,N/A
2026-10-02 09:40,2026-10-06,0,0,0,0,0,28000,0,0,0,0,0,N/A,N/A
2026-10-02 09:40,2026-10-06,0,0,0,0,0,28200,0,0,0,0,0,N/A,N/A
2026-10-02 09:40,2026-10-06,0,0,0,0,0,28400,0,0,0,0,0,N/A,N/A
2026-10-02 09:40,2026-10-06,0,0,0,0,0,28600,0,0,0,0,0,N/A,N/A
2026-10-02 09:40,2026-10-06,0,0,0,0,0,28800,0,0,0,0,0,N/A,N/A
2026-10-02 09:40,2026-10-06,0,0,0,0,0,29000,0,0,0,0,0,N/A,N/A
2026-10-02 09:40,2026-10-06,0,0,0,0,0,29200,0,0,0,0,0,N/A,N/A
2026-10-02 09:45,2026-10-06,4160,2210,1446.3,0,3640,21000,49981620,0,1.8,2314130,5712915,Short Buildup,Short Buildup
2026-10-02 09:45,2026-10-06,0,0,0,0,0,21200,27361945,0,2.15,599690,1966445,N/A,Short Buildup
2026-10-02 09:45,2026-10-06,1365,455,1071.95,0,1040,21400,33698015,0,3.3,1302665,3189095,Short Buildup,Short Buildup
2026-10-02 09:45,2026-10-06,3640,1625,834.5,0,11050,21600,42423420,0,4.75,1563575,3059940,Short Buildup,Short Buildup
2026-10-02 09:45,2026-10-06,41600,25155,661.9,0,152425,21800,67213250,0,8,2254200,5577000,Short Buildup,Short Buildup
2026-10-02 09:45,2026-10-06,776425,358995,472.5,0,4854200,22000,138225100,0,19,2877550,10766795,Short Buildup,Short Buildup
2026-10-02 09:45,2026-10-06,863655,738530,297.3,0,19214325,22200,143638300,0,45.1,2326025,6582355,Short Buildup,Short Buildup
2026-10-02 09:45,2026-10-06,3635255,3375255,156.95,0,108326660,22400,176899450,0,103.6,1539915,4369625,Short Buildup,Short Buildup
2026-10-02 09:45,2026-10-06,6140420,3016520,65.85,0,206398270,22600,145398695,0,211.8,-3159585,2630290,Short Buildup,Long Unwinding
2026-10-02 09:45,2026-10-06,9154275,922545,25.1,0,122405855,22800,16041740,0,370.35,-1590420,1834105,Short Buildup,Long Unwinding
2026-10-02 09:45,2026-10-06,14017445,2291120,10.75,0,116966460,23000,4112810,0,557.65,-646230,1689025,Short Buildup,Long Unwinding
2026-10-02 09:45,2026-10-06,9492795,2168725,5.65,0,66838070,23200,654615,0,752.45,-143000,463840,Short Buildup,Long Unwinding
2026-10-02 09:45,2026-10-06,5134350,423150,3.3,0,61153300,23400,305045,0,943.9,-86775,551590,Short Buildup,Long Unwinding
2026-10-02 09:45,2026-10-06,4624230,-1598740,2.05,0,67658305,23600,57135,0,1149.3,-23010,161265,Long Unwinding,Long Unwinding
2026-10-02 09:45,2026-10-06,4186520,727740,1.5,0,28642705,23800,24310,0,1347,-15470,103935,Short Buildup,Long Unwinding
2026-10-02 09:45,2026-10-06,11296870,2121210,1.2,0,50184680,24000,67405,0,1544.05,-36985,494000,Short Buildup,Long Unwinding
2026-10-02 09:45,2026-10-06,2525770,-767650,0.9,0,10577450,24200,21190,0,1722.4,-14755,88790,Long Unwinding,Long Unwinding
2026-10-02 09:45,2026-10-06,1678300,-723450,0.65,0,5651945,24400,12870,0,1958.1,-11700,55315,Long Unwinding,Long Unwinding
2026-10-02 09:45,2026-10-06,1221610,-952835,0.65,0,4063930,24600,2210,0,2165.75,-1950,17550,Long Unwinding,Long Unwinding
2026-10-02 09:45,2026-10-06,388570,-490685,0.55,0,2396355,24800,13780,0,2371.5,-9100,11310,Long Unwinding,Long Unwinding
2026-10-02 09:45,2026-10-06,2143635,-112775,0.55,0,4829630,25000,16510,0,2551,-15080,99775,Long Unwinding,Long Unwinding
2026-10-02 09:45,2026-10-06,276185,-6175,0.4,0,833170,25200,520,0,2550,0,520,Long Unwinding,N/A
2026-10-02 09:45,2026-10-06,43030,-31330,0.45,0,334100,25400,520,0,2800,0,1560,Long Unwinding,N/A
2026-10-02 09:45,2026-10-06,140660,-73840,0.45,0,619645,25600,130,0,2443.05,-130,0,Long Unwinding,Long Unwinding
2026-10-02 09:45,2026-10-06,558545,58435,0.4,0,1309815,25800,8970,0,2733.5,0,10075,Short Buildup,N/A
2026-10-02 09:45,2026-10-06,0,0,0,0,0,26000,0,0,0,0,0,N/A,N/A
2026-10-02 09:45,2026-10-06,0,0,0,0,0,26200,0,0,0,0,0,N/A,N/A
2026-10-02 09:45,2026-10-06,0,0,0,0,0,26400,0,0,0,0,0,N/A,N/A
2026-10-02 09:45,2026-10-06,0,0,0,0,0,26600,0,0,0,0,0,N/A,N/A
2026-10-02 09:45,2026-10-06,0,0,0,0,0,26800,0,0,0,0,0,N/A,N/A
2026-10-02 09:45,2026-10-06,0,0,0,0,0,27000,0,0,0,0,0,N/A,N/A
2026-10-02 09:45,2026-10-06,0,0,0,0,0,27200,0,0,0,0,0,N/A,N/A
2026-10-02 09:45,2026-10-06,0,0,0,0,0,27400,0,0,0,0,0,N/A,N/A
2026-10-02 09:45,2026-10-06,0,0,0,0,0,27600,0,0,0,0,0,N/A,N/A
2026-10-02 09:45,2026-10-06,0,0,0,0,0,27800,0,0,0,0,0,N/A,N/A
2026-10-02 09:45,2026-10-06,0,0,0,0,0,28000,0,0,0,0,0,N/A,N/A
2026-10-02 09:45,2026-10-06,0,0,0,0,0,28200,0,0,0,0,0,N/A,N/A
2026-10-02 09:45,2026-10-06,0,0,0,0,0,28400,0,0,0,0,0,N/A,N/A
2026-10-02 09:45,2026-10-06,0,0,0,0,0,28600,0,0,0,0,0,N/A,N/A
2026-10-02 09:45,2026-10-06,0,0,0,0,0,28800,0,0,0,0,0,N/A,N/A
2026-10-02 09:45,2026-10-06,0,0,0,0,0,29000,0,0,0,0,0,N/A,N/A
2026-10-02 09:45,2026-10-06,0,0,0,0,0,29200,0,0,0,0,0,N/A,N/A
2026-10-02 09:50,2026-10-06,4160,2210,1446.3,0,3640,21000,49981620,0,1.8,2314130,5712915,Short Buildup,Short Buildup
2026-10-02 09:50,2026-10-06,0,0,0,0,0,21200,27361945,0,2.15,599690,1966445,N/A,Short Buildup
2026-10-02 09:50,2026-10-06,1365,455,1071.95,0,1040,21400,33698015,0,3.3,1302665,3189095,Short Buildup,Short Buildup
2026-10-02 09:50,2026-10-06,3640,1625,834.5,0,11050,21600,42423420,0,4.75,1563575,3059940,Short Buildup,Short Buildup
2026-10-02 09:50,2026-10-06,41600,25155,661.9,0,152425,21800,67213250,0,8,2254200,5577000,Short Buildup,Short Buildup
2026-10-02 09:50,2026-10-06,776425,358995,472.5,0,4854200,22000,138225100,0,19,2877550,10766795,Short Buildup,Short Buildup
2026-10-02 09:50,2026-10-06,863655,738530,297.3,0,19214325,22200,143638300,0,45.1,2326025,6582355,Short Buildup,Short Buildup
2026-10-02 09:50,2026-10-06,3635255,3375255,156.95,0,108326660,22400,176899450,0,103.6,1539915,4369625,Short Buildup,Short Buildup
2026-10-02 09:50,2026-10-06,6140420,3016520,65.85,0,206398270,22600,145398695,0,211.8,-3159585,2630290,Short Buildup,Long Unwinding
2026-10-02 09:50,2026-10-06,9154275,922545,25.1,0,122405855,22800,16041740,0,370.35,-1590420,1834105,Short Buildup,Long Unwinding
2026-10-02 09:50,2026-10-06,14017445,2291120,10.75,0,116966460,23000,4112810,0,557.65,-646230,1689025,Short Buildup,Long Unwinding
2026-10-02 09:50,2026-10-06,9492795,2168725,5.65,0,66838070,23200,654615,0,752.45,-143000,463840,Short Buildup,Long Unwinding
2026-10-02 09:50,2026-10-06,5134350,423150,3.3,0,61153300,23400,305045,0,943.9,-86775,551590,Short Buildup,Long Unwinding
2026-10-02 09:50,2026-10-06,4624230,-1598740,2.05,0,67658305,23600,57135,0,1149.3,-23010,161265,Long Unwinding,Long Unwinding
2026-10-02 09:50,2026-10-06,4186520,727740,1.5,0,28642705,23800,24310,0,1347,-15470,103935,Short Buildup,Long Unwinding
2026-10-02 09:50,2026-10-06,11296870,2121210,1.2,0,50184680,24000,67405,0,1544.05,-36985,494000,Short Buildup,Long Unwinding
2026-10-02 09:50,2026-10-06,2525770,-767650,0.9,0,10577450,24200,21190,0,1722.4,-14755,88790,Long Unwinding,Long Unwinding
2026-10-02 09:50,2026-10-06,1678300,-723450,0.65,0,5651945,24400,12870,0,1958.1,-11700,55315,Long Unwinding,Long Unwinding
2026-10-02 09:50,2026-10-06,1221610,-952835,0.65,0,4063930,24600,2210,0,2165.75,-1950,17550,Long Unwinding,Long Unwinding
2026-10-02 09:50,2026-10-06,388570,-490685,0.55,0,2396355,24800,13780,0,2371.5,-9100,11310,Long Unwinding,Long Unwinding
2026-10-02 09:50,2026-10-06,2143635,-112775,0.55,0,4829630,25000,16510,0,2551,-15080,99775,Long Unwinding,Long Unwinding
2026-10-02 09:50,2026-10-06,276185,-6175,0.4,0,833170,25200,520,0,2550,0,520,Long Unwinding,N/A
2026-10-02 09:50,2026-10-06,43030,-31330,0.45,0,334100,25400,520,0,2800,0,1560,Long Unwinding,N/A
2026-10-02 09:50,2026-10-06,140660,-73840,0.45,0,619645,25600,130,0,2443.05,-130,0,Long Unwinding,Long Unwinding
2026-10-02 09:50,2026-10-06,558545,58435,0.4,0,1309815,25800,8970,0,2733.5,0,10075,Short Buildup,N/A
2026-10-02 09:50,2026-10-06,0,0,0,0,0,26000,0,0,0,0,0,N/A,N/A
2026-10-02 09:50,2026-10-06,0,0,0,0,0,26200,0,0,0,0,0,N/A,N/A
2026-10-02 09:50,2026-10-06,0,0,0,0,0,26400,0,0,0,0,0,N/A,N/A
2026-10-02 09:50,2026-10-06,0,0,0,0,0,26600,0,0,0,0,0,N/A,N/A
2026-10-02 09:50,2026-10-06,0,0,0,0,0,26800,0,0,0,0,0,N/A,N/A
2026-10-02 09:50,2026-10-06,0,0,0,0,0,27000,0,0,0,0,0,N/A,N/A
2026-10-02 09:50,2026-10-06,0,0,0,0,0,27200,0,0,0,0,0,N/A,N/A
2026-10-02 09:50,2026-10-06,0,0,0,0,0,27400,0,0,0,0,0,N/A,N/A
2026-10-02 09:50,2026-10-06,0,0,0,0,0,27600,0,0,0,0,0,N/A,N/A
2026-10-02 09:50,2026-10-06,0,0,0,0,0,27800,0,0,0,0,0,N/A,N/A
2026-10-02 09:50,2026-10-06,0,0,0,0,0,28000,0,0,0,0,0,N/A,N/A
2026-10-02 09:50,2026-10-06,0,0,0,0,0,28200,0,0,0,0,0,N/A,N/A
2026-10-02 09:50,2026-10-06,0,0,0,0,0,28400,0,0,0,0,0,N/A,N/A
2026-10-02 09:50,2026-10-06,0,0,0,0,0,28600,0,0,0,0,0,N/A,N/A
2026-10-02 09:50,2026-10-06,0,0,0,0,0,28800,0,0,0,0,0,N/A,N/A
2026-10-02 09:50,2026-10-06,0,0,0,0,0,29000,0,0,0,0,0,N/A,N/A
2026-10-02 09:50,2026-10-06,0,0,0,0,0,29200,0,0,0,0,0,N/A,N/A
2026-10-02 09:55,2026-10-06,4160,2210,1446.3,0,3640,21000,49981620,0,1.8,2314130,5712915,Short Buildup,Short Buildup
2026-10-02 09:55,2026-10-06,0,0,0,0,0,21200,27361945,0,2.15,599690,1966445,N/A,Short Buildup
2026-10-02 09:55,2026-10-06,1365,455,1071.95,0,1040,21400,33698015,0,3.3,1302665,3189095,Short Buildup,Short Buildup
2026-10-02 09:55,2026-10-06,3640,1625,834.5,0,11050,21600,42423420,0,4.75,1563575,3059940,Short Buildup,Short Buildup
2026-10-02 09:55,2026-10-06,41600,25155,661.9,0,152425,21800,67213250,0,8,2254200,5577000,Short Buildup,Short Buildup
2026-10-02 09:55,2026-10-06,776425,358995,472.5,0,4854200,22000,138225100,0,19,2877550,10766795,Short Buildup,Short Buildup
2026-10-02 09:55,2026-10-06,863655,738530,297.3,0,19214325,22200,143638300,0,45.1,2326025,6582355,Short Buildup,Short Buildup
2026-10-02 09:55,2026-10-06,3635255,3375255,156.95,0,108326660,22400,176899450,0,103.6,1539915,4369625,Short Buildup,Short Buildup
2026-10-02 09:55,2026-10-06,6140420,3016520,65.85,0,206398270,22600,145398695,0,211.8,-3159585,2630290,Short Buildup,Long Unwinding
2026-10-02 09:55,2026-10-06,9154275,922545,25.1,0,122405855,22800,16041740,0,370.35,-1590420,1834105,Short Buildup,Long Unwinding
2026-10-02 09:55,2026-10-06,14017445,2291120,10.75,0,116966460,23000,4112810,0,557.65,-646230,1689025,Short Buildup,Long Unwinding
2026-10-02 09:55,2026-10-06,9492795,2168725,5.65,0,66838070,23200,654615,0,752.45,-143000,463840,Short Buildup,Long Unwinding
2026-10-02 09:55,2026-10-06,5134350,423150,3.3,0,61153300,23400,305045,0,943.9,-86775,551590,Short Buildup,Long Unwinding
2026-10-02 09:55,2026-10-06,4624230,-1598740,2.05,0,67658305,23600,57135,0,1149.3,-23010,161265,Long Unwinding,Long Unwinding
2026-10-02 09:55,2026-10-06,4186520,727740,1.5,0,28642705,23800,24310,0,1347,-15470,103935,Short Buildup,Long Unwinding
2026-10-02 09:55,2026-10-06,11296870,2121210,1.2,0,50184680,24000,67405,0,1544.05,-36985,494000,Short Buildup,Long Unwinding
2026-10-02 09:55,2026-10-06,2525770,-767650,0.9,0,10577450,24200,21190,0,1722.4,-14755,88790,Long Unwinding,Long Unwinding
2026-10-02 09:55,2026-10-06,1678300,-723450,0.65,0,5651945,24400,12870,0,1958.1,-11700,55315,Long Unwinding,Long Unwinding
2026-10-02 09:55,2026-10-06,1221610,-952835,0.65,0,4063930,24600,2210,0,2165.75,-1950,17550,Long Unwinding,Long Unwinding
2026-10-02 09:55,2026-10-06,388570,-490685,0.55,0,2396355,24800,13780,0,2371.5,-9100,11310,Long Unwinding,Long Unwinding
2026-10-02 09:55,2026-10-06,2143635,-112775,0.55,0,4829630,25000,16510,0,2551,-15080,99775,Long Unwinding,Long Unwinding
2026-10-02 09:55,2026-10-06,276185,-6175,0.4,0,833170,25200,520,0,2550,0,520,Long Unwinding,N/A
2026-10-02 09:55,2026-10-06,43030,-31330,0.45,0,334100,25400,520,0,2800,0,1560,Long Unwinding,N/A
2026-10-02 09:55,2026-10-06,140660,-73840,0.45,0,619645,25600,130,0,2443.05,-130,0,Long Unwinding,Long Unwinding
2026-10-02 09:55,2026-10-06,558545,58435,0.4,0,1309815,25800,8970,0,2733.5,0,10075,Short Buildup,N/A
2026-10-02 09:55,2026-10-06,0,0,0,0,0,26000,0,0,0,0,0,N/A,N/A
2026-10-02 09:55,2026-10-06,0,0,0,0,0,26200,0,0,0,0,0,N/A,N/A
2026-10-02 09:55,2026-10-06,0,0,0,0,0,26400,0,0,0,0,0,N/A,N/A
2026-10-02 09:55,2026-10-06,0,0,0,0,0,26600,0,0,0,0,0,N/A,N/A
2026-10-02 09:55,2026-10-06,0,0,0,0,0,26800,0,0,0,0,0,N/A,N/A
2026-10-02 09:55,2026-10-06,0,0,0,0,0,27000,0,0,0,0,0,N/A,N/A
2026-10-02 09:55,2026-10-06,0,0,0,0,0,27200,0,0,0,0,0,N/A,N/A
2026-10-02 09:55,2026-10-06,0,0,0,0,0,27400,0,0,0,0,0,N/A,N/A
2026-10-02 09:55,2026-10-06,0,0,0,0,0,27600,0,0,0,0,0,N/A,N/A
2026-10-02 09:55,2026-10-06,0,0,0,0,0,27800,0,0,0,0,0,N/A,N/A
2026-10-02 09:55,2026-10-06,0,0,0,0,0,28000,0,0,0,0,0,N/A,N/A
2026-10-02 09:55,2026-10-06,0,0,0,0,0,28200,0,0,0,0,0,N/A,N/A
2026-10-02 09:55,2026-10-06,0,0,0,0,0,28400,0,0,0,0,0,N/A,N/A
2026-10-02 09:55,2026-10-06,0,0,0,0,0,28600,0,0,0,0,0,N/A,N/A
2026-10-02 09:55,2026-10-06,0,0,0,0,0,28800,0,0,0,0,0,N/A,N/A
2026-10-02 09:55,2026-10-06,0,0,0,0,0,29000,0,0,0,0,0,N/A,N/A
2026-10-02 09:55,2026-10-06,0,0,0,0,0,29200,0,0,0,0,0,N/A,N/A
2026-10-02 10:00,2026-10-06,4160,2210,1446.3,0,3640,21000,49981620,0,1.8,2314130,5712915,Short Buildup,Short Buildup
2026-10-02 10:00,2026-10-06,0,0,0,0,0,21200,27361945,0,2.15,599690,1966445,N/A,Short Buildup
2026-10-02 10:00,2026-10-06,1365,455,1071.95,0,1040,21400,33698015,0,3.3,1302665,3189095,Short Buildup,Short Buildup
2026-10-02 10:00,2026-10-06,3640,1625,834.5,0,11050,21600,42423420,0,4.75,1563575,3059940,Short Buildup,Short Buildup
2026-10-02 10:00,2026-10-06,41600,25155,661.9,0,152425,21800,67213250,0,8,2254200,5577000,Short Buildup,Short Buildup
2026-10-02 10:00,2026-10-06,776425,358995,472.5,0,4854200,22000,138225100,0,19,2877550,10766795,Short Buildup,Short Buildup
2026-10-02 10:00,2026-10-06,863655,738530,297.3,0,19214325,22200,143638300,0,45.1,2326025,6582355,Short Buildup,Short Buildup
2026-10-02 10:00,2026-10-06,3635255,3375255,156.95,0,108326660,22400,176899450,0,103.6,1539915,4369625,Short Buildup,Short Buildup
2026-10-02 10:00,2026-10-06,6140420,3016520,65.85,0,206398270,22600,145398695,0,211.8,-3159585,2630290,Short Buildup,Long Unwinding
2026-10-02 10:00,2026-10-06,9154275,922545,25.1,0,122405855,22800,16041740,0,370.35,-1590420,1834105,Short Buildup,Long Unwinding
2026-10-02 10:00,2026-10-06,14017445,2291120,10.75,0,116966460,23000,4112810,0,557.65,-646230,1689025,Short Buildup,Long Unwinding
2026-10-02 10:00,2026-10-06,9492795,2168725,5.65,0,66838070,23200,654615,0,752.45,-143000,463840,Short Buildup,Long Unwinding
2026-10-02 10:00,2026-10-06,5134350,423150,3.3,0,61153300,23400,305045,0,943.9,-86775,551590,Short Buildup,Long Unwinding
2026-10-02 10:00,2026-10-06,4624230,-1598740,2.05,0,67658305,23600,57135,0,1149.3,-23010,161265,Long Unwinding,Long Unwinding
2026-10-02 10:00,2026-10-06,4186520,727740,1.5,0,28642705,23800,24310,0,1347,-15470,103935,Short Buildup,Long Unwinding
2026-10-02 10:00,2026-10-06,11296870,2121210,1.2,0,50184680,24000,67405,0,1544.05,-36985,494000,Short Buildup,Long Unwinding
2026-10-02 10:00,2026-10-06,2525770,-767650,0.9,0,10577450,24200,21190,0,1722.4,-14755,88790,Long Unwinding,Long Unwinding
2026-10-02 10:00,2026-10-06,1678300,-723450,0.65,0,5651945,24400,12870,0,1958.1,-11700,55315,Long Unwinding,Long Unwinding
2026-10-02 10:00,2026-10-06,1221610,-952835,0.65,0,4063930,24600,2210,0,2165.75,-1950,17550,Long Unwinding,Long Unwinding
2026-10-02 10:00,2026-10-06,388570,-490685,0.55,0,2396355,24800,13780,0,2371.5,-9100,11310,Long Unwinding,Long Unwinding
2026-10-02 10:00,2026-10-06,2143635,-112775,0.55,0,4829630,25000,16510,0,2551,-15080,99775,Long Unwinding,Long Unwinding
2026-10-02 10:00,2026-10-06,276185,-6175,0.4,0,833170,25200,520,0,2550,0,520,Long Unwinding,N/A
2026-10-02 10:00,2026-10-06,43030,-31330,0.45,0,334100,25400,520,0,2800,0,1560,Long Unwinding,N/A
2026-10-02 10:00,2026-10-06,140660,-73840,0.45,0,619645,25600,130,0,2443.05,-130,0,Long Unwinding,Long Unwinding
2026-10-02 10:00,2026-10-06,558545,58435,0.4,0,1309815,25800,8970,0,2733.5,0,10075,Short Buildup,N/A
2026-10-02 10:00,2026-10-06,0,0,0,0,0,26000,0,0,0,0,0,N/A,N/A
2026-10-02 10:00,2026-10-06,0,0,0,0,0,26200,0,0,0,0,0,N/A,N/A
2026-10-02 10:00,2026-10-06,0,0,0,0,0,26400,0,0,0,0,0,N/A,N/A
2026-10-02 10:00,2026-10-06,0,0,0,0,0,26600,0,0,0,0,0,N/A,N/A
2026-10-02 10:00,2026-10-06,0,0,0,0,0,26800,0,0,0,0,0,N/A,N/A
2026-10-02 10:00,2026-10-06,0,0,0,0,0,27000,0,0,0,0,0,N/A,N/A
2026-10-02 10:00,2026-10-06,0,0,0,0,0,27200,0,0,0,0,0,N/A,N/A
2026-10-02 10:00,2026-10-06,0,0,0,0,0,27400,0,0,0,0,0,N/A,N/A
2026-10-02 10:00,2026-10-06,0,0,0,0,0,27600,0,0,0,0,0,N/A,N/A
2026-10-02 10:00,2026-10-06,0,0,0,0,0,27800,0,0,0,0,0,N/A,N/A
2026-10-02 10:00,2026-10-06,0,0,0,0,0,28000,0,0,0,0,0,N/A,N/A
2026-10-02 10:00,2026-10-06,0,0,0,0,0,28200,0,0,0,0,0,N/A,N/A
2026-10-02 10:00,2026-10-06,0,0,0,0,0,28400,0,0,0,0,0,N/A,N/A
2026-10-02 10:00,2026-10-06,0,0,0,0,0,28600,0,0,0,0,0,N/A,N/A
2026-10-02 10:00,2026-10-06,0,0,0,0,0,28800,0,0,0,0,0,N/A,N/A
2026-10-02 10:00,2026-10-06,0,0,0,0,0,29000,0,0,0,0,0,N/A,N/A
2026-10-02 10:00,2026-10-06,0,0,0,0,0,29200,0,0,0,0,0,N/A,N/A
2026-10-02 10:05,2026-10-06,4160,2210,1446.3,0,3640,21000,49981620,0,1.8,2314130,5712915,Short Buildup,Short Buildup
2026-10-02 10:05,2026-10-06,0,0,0,0,0,21200,27361945,0,2.15,599690,1966445,N/A,Short Buildup
2026-10-02 10:05,2026-10-06,1365,455,1071.95,0,1040,21400,33698015,0,3.3,1302665,3189095,Short Buildup,Short Buildup
2026-10-02 10:05,2026-10-06,3640,1625,834.5,0,11050,21600,42423420,0,4.75,1563575,3059940,Short Buildup,Short Buildup
2026-10-02 10:05,2026-10-06,41600,25155,661.9,0,152425,21800,67213250,0,8,2254200,5577000,Short Buildup,Short Buildup
2026-10-02 10:05,2026-10-06,776425,358995,472.5,0,4854200,22000,138225100,0,19,2877550,10766795,Short Buildup,Short Buildup
2026-10-02 10:05,2026-10-06,863655,738530,297.3,0,19214325,22200,143638300,0,45.1,2326025,6582355,Short Buildup,Short Buildup
2026-10-02 10:05,2026-10-06,3635255,3375255,156.95,0,108326660,22400,176899450,0,103.6,1539915,4369625,Short Buildup,Short Buildup
2026-10-02 10:05,2026-10-06,6140420,3016520,65.85,0,206398270,22600,145398695,0,211.8,-3159585,2630290,Short Buildup,Long Unwinding
2026-10-02 10:05,2026-10-06,9154275,922545,25.1,0,122405855,22800,16041740,0,370.35,-1590420,1834105,Short Buildup,Long Unwinding
2026-10-02 10:05,2026-10-06,14017445,2291120,10.75,0,116966460,23000,4112810,0,557.65,-646230,1689025,Short Buildup,Long Unwinding
2026-10-02 10:05,2026-10-06,9492795,2168725,5.65,0,66838070,23200,654615,0,752.45,-143000,463840,Short Buildup,Long Unwinding
2026-10-02 10:05,2026-10-06,5134350,423150,3.3,0,61153300,23400,305045,0,943.9,-86775,551590,Short Buildup,Long Unwinding
2026-10-02 10:05,2026-10-06,4624230,-1598740,2.05,0,67658305,23600,57135,0,1149.3,-23010,161265,Long Unwinding,Long Unwinding
2026-10-02 10:05,2026-10-06,4186520,727740,1.5,0,28642705,23800,24310,0,1347,-15470,103935,Short Buildup,Long Unwinding
2026-10-02 10:05,2026-10-06,11296870,2121210,1.2,0,50184680,24000,67405,0,1544.05,-36985,494000,Short Buildup,Long Unwinding
2026-10-02 10:05,2026-10-06,2525770,-767650,0.9,0,10577450,24200,21190,0,1722.4,-14755,88790,Long Unwinding,Long Unwinding
2026-10-02 10:05,2026-10-06,1678300,-723450,0.65,0,5651945,24400,12870,0,1958.1,-11700,55315,Long Unwinding,Long Unwinding
2026-10-02 10:05,2026-10-06,1221610,-952835,0.65,0,4063930,24600,2210,0,2165.75,-1950,17550,Long Unwinding,Long Unwinding
2026-10-02 10:05,2026-10-06,388570,-490685,0.55,0,2396355,24800,13780,0,2371.5,-9100,11310,Long Unwinding,Long Unwinding
2026-10-02 10:05,2026-10-06,2143635,-112775,0.55,0,4829630,25000,16510,0,2551,-15080,99775,Long Unwinding,Long Unwinding
2026-10-02 10:05,2026-10-06,276185,-6175,0.4,0,833170,25200,520,0,2550,0,520,Long Unwinding,N/A
2026-10-02 10:05,2026-10-06,43030,-31330,0.45,0,334100,25400,520,0,2800,0,1560,Long Unwinding,N/A
2026-10-02 10:05,2026-10-06,140660,-73840,0.45,0,619645,25600,130,0,2443.05,-130,0,Long Unwinding,Long Unwinding
2026-10-02 10:05,2026-10-06,558545,58435,0.4,0,1309815,25800,8970,0,2733.5,0,10075,Short Buildup,N/A
2026-10-02 10:05,2026-10-06,0,0,0,0,0,26000,0,0,0,0,0,N/A,N/A
2026-10-02 10:05,2026-10-06,0,0,0,0,0,26200,0,0,0,0,0,N/A,N/A
2026-10-02 10:05,2026-10-06,0,0,0,0,0,26400,0,0,0,0,0,N/A,N/A
2026-10-02 10:05,2026-10-06,0,0,0,0,0,26600,0,0,0,0,0,N/A,N/A
2026-10-02 10:05,2026-10-06,0,0,0,0,0,26800,0,0,0,0,0,N/A,N/A
2026-10-02 10:05,2026-10-06,0,0,0,0,0,27000,0,0,0,0,0,N/A,N/A
2026-10-02 10:05,2026-10-06,0,0,0,0,0,27200,0,0,0,0,0,N/A,N/A
2026-10-02 10:05,2026-10-06,0,0,0,0,0,27400,0,0,0,0,0,N/A,N/A
2026-10-02 10:05,2026-10-06,0,0,0,0,0,27600,0,0,0,0,0,N/A,N/A
2026-10-02 10:05,2026-10-06,0,0,0,0,0,27800,0,0,0,0,0,N/A,N/A
2026-10-02 10:05,2026-10-06,0,0,0,0,0,28000,0,0,0,0,0,N/A,N/A
2026-10-02 10:05,2026-10-06,0,0,0,0,0,28200,0,0,0,0,0,N/A,N/A
2026-10-02 10:05,2026-10-06,0,0,0,0,0,28400,0,0,0,0,0,N/A,N/A
2026-10-02 10:05,2026-10-06,0,0,0,0,0,28600,0,0,0,0,0,N/A,N/A
2026-10-02 10:05,2026-10-06,0,0,0,0,0,28800,0,0,0,0,0,N/A,N/A
2026-10-02 10:05,2026-10-06,0,0,0,0,0,29000,0,0,0,0,0,N/A,N/A
2026-10-02 10:05,2026-10-06,0,0,0,0,0,29200,0,0,0,0,0,N/A,N/A
2026-10-02 10:10,2026-10-06,4160,2210,1446.3,0,3640,21000,49981620,0,1.8,2314130,5712915,Short Buildup,Short Buildup
2026-10-02 10:10,2026-10-06,0,0,0,0,0,21200,27361945,0,2.15,599690,1966445,N/A,Short Buildup
2026-10-02 10:10,2026-10-06,1365,455,1071.95,0,1040,21400,33698015,0,3.3,1302665,3189095,Short Buildup,Short Buildup
2026-10-02 10:10,2026-10-06,3640,1625,834.5,0,11050,21600,42423420,0,4.75,1563575,3059940,Short Buildup,Short Buildup
2026-10-02 10:10,2026-10-06,41600,25155,661.9,0,152425,21800,67213250,0,8,2254200,5577000,Short Buildup,Short Buildup
2026-10-02 10:10,2026-10-06,776425,358995,472.5,0,4854200,22000,138225100,0,19,2877550,10766795,Short Buildup,Short Buildup
2026-10-02 10:10,2026-10-06,863655,738530,297.3,0,19214325,22200,143638300,0,45.1,2326025,6582355,Short Buildup,Short Buildup
2026-10-02 10:10,2026-10-06,3635255,3375255,156.95,0,108326660,22400,176899450,0,103.6,1539915,4369625,Short Buildup,Short Buildup
2026-10-02 10:10,2026-10-06,6140420,3016520,65.85,0,206398270,22600,145398695,0,211.8,-3159585,2630290,Short Buildup,Long Unwinding
2026-10-02 10:10,2026-10-06,9154275,922545,25.1,0,122405855,22800,16041740,0,370.35,-1590420,1834105,Short Buildup,Long Unwinding
2026-10-02 10:10,2026-10-06,14017445,2291120,10.75,0,116966460,23000,4112810,0,557.65,-646230,1689025,Short Buildup,Long Unwinding
2026-10-02 10:10,2026-10-06,9492795,2168725,5.65,0,66838070,23200,654615,0,752.45,-143000,463840,Short Buildup,Long Unwinding
2026-10-02 10:10,2026-10-06,5134350,423150,3.3,0,61153300,23400,305045,0,943.9,-86775,551590,Short Buildup,Long Unwinding
2026-10-02 10:10,2026-10-06,4624230,-1598740,2.05,0,67658305,23600,57135,0,1149.3,-23010,161265,Long Unwinding,Long Unwinding
2026-10-02 10:10,2026-10-06,4186520,727740,1.5,0,28642705,23800,24310,0,1347,-15470,103935,Short Buildup,Long Unwinding
2026-10-02 10:10,2026-10-06,11296870,2121210,1.2,0,50184680,24000,67405,0,1544.05,-36985,494000,Short Buildup,Long Unwinding
2026-10-02 10:10,2026-10-06,2525770,-767650,0.9,0,10577450,24200,21190,0,1722.4,-14755,88790,Long Unwinding,Long Unwinding
2026-10-02 10:10,2026-10-06,1678300,-723450,0.65,0,5651945,24400,12870,0,1958.1,-11700,55315,Long Unwinding,Long Unwinding
2026-10-02 10:10,2026-10-06,1221610,-952835,0.65,0,4063930,24600,2210,0,2165.75,-1950,17550,Long Unwinding,Long Unwinding
2026-10-02 10:10,2026-10-06,388570,-490685,0.55,0,2396355,24800,13780,0,2371.5,-9100,11310,Long Unwinding,Long Unwinding
2026-10-02 10:10,2026-10-06,2143635,-112775,0.55,0,4829630,25000,16510,0,2551,-15080,99775,Long Unwinding,Long Unwinding
2026-10-02 10:10,2026-10-06,276185,-6175,0.4,0,833170,25200,520,0,2550,0,520,Long Unwinding,N/A
2026-10-02 10:10,2026-10-06,43030,-31330,0.45,0,334100,25400,520,0,2800,0,1560,Long Unwinding,N/A
2026-10-02 10:10,2026-10-06,140660,-73840,0.45,0,619645,25600,130,0,2443.05,-130,0,Long Unwinding,Long Unwinding
2026-10-02 10:10,2026-10-06,558545,58435,0.4,0,1309815,25800,8970,0,2733.5,0,10075,Short Buildup,N/A
2026-10-02 10:10,2026-10-06,0,0,0,0,0,26000,0,0,0,0,0,N/A,N/A
2026-10-02 10:10,2026-10-06,0,0,0,0,0,26200,0,0,0,0,0,N/A,N/A
2026-10-02 10:10,2026-10-06,0,0,0,0,0,26400,0,0,0,0,0,N/A,N/A
2026-10-02 10:10,2026-10-06,0,0,0,0,0,26600,0,0,0,0,0,N/A,N/A
2026-10-02 10:10,2026-10-06,0,0,0,0,0,26800,0,0,0,0,0,N/A,N/A
2026-10-02 10:10,2026-10-06,0,0,0,0,0,27000,0,0,0,0,0,N/A,N/A
2026-10-02 10:10,2026-10-06,0,0,0,0,0,27200,0,0,0,0,0,N/A,N/A
2026-10-02 10:10,2026-10-06,0,0,0,0,0,27400,0,0,0,0,0,N/A,N/A
2026-10-02 10:10,2026-10-06,0,0,0,0,0,27600,0,0,0,0,0,N/A,N/A
2026-10-02 10:10,2026-10-06,0,0,0,0,0,27800,0,0,0,0,0,N/A,N/A
2026-10-02 10:10,2026-10-06,0,0,0,0,0,28000,0,0,0,0,0,N/A,N/A
2026-10-02 10:10,2026-10-06,0,0,0,0,0,28200,0,0,0,0,0,N/A,N/A
2026-10-02 10:10,2026-10-06,0,0,0,0,0,28400,0,0,0,0,0,N/A,N/A
2026-10-02 10:10,2026-10-06,0,0,0,0,0,28600,0,0,0,0,0,N/A,N/A
2026-10-02 10:10,2026-10-06,0,0,0,0,0,28800,0,0,0,0,0,N/A,N/A
2026-10-02 10:10,2026-10-06,0,0,0,0,0,29000,0,0,0,0,0,N/A,N/A
2026-10-02 10:10,2026-10-06,0,0,0,0,0,29200,0,0,0,0,0,N/A,N/A
2026-10-02 10:16,2026-10-06,4160,2210,1446.3,0,3640,21000,49981620,0,1.8,2314130,5712915,Short Buildup,Short Buildup
2026-10-02 10:16,2026-10-06,0,0,0,0,0,21200,27361945,0,2.15,599690,1966445,N/A,Short Buildup
2026-10-02 10:16,2026-10-06,1365,455,1071.95,0,1040,21400,33698015,0,3.3,1302665,3189095,Short Buildup,Short Buildup
2026-10-02 10:16,2026-10-06,3640,1625,834.5,0,11050,21600,42423420,0,4.75,1563575,3059940,Short Buildup,Short Buildup
2026-10-02 10:16,2026-10-06,41600,25155,661.9,0,152425,21800,67213250,0,8,2254200,5577000,Short Buildup,Short Buildup
2026-10-02 10:16,2026-10-06,776425,358995,472.5,0,4854200,22000,138225100,0,19,2877550,10766795,Short Buildup,Short Buildup
2026-10-02 10:16,2026-10-06,863655,738530,297.3,0,19214325,22200,143638300,0,45.1,2326025,6582355,Short Buildup,Short Buildup
2026-10-02 10:16,2026-10-06,3635255,3375255,156.95,0,108326660,22400,176899450,0,103.6,1539915,4369625,Short Buildup,Short Buildup
2026-10-02 10:16,2026-10-06,6140420,3016520,65.85,0,206398270,22600,145398695,0,211.8,-3159585,2630290,Short Buildup,Long Unwinding
2026-10-02 10:16,2026-10-06,9154275,922545,25.1,0,122405855,22800,16041740,0,370.35,-1590420,1834105,Short Buildup,Long Unwinding
2026-10-02 10:16,2026-10-06,14017445,2291120,10.75,0,116966460,23000,4112810,0,557.65,-646230,1689025,Short Buildup,Long Unwinding
2026-10-02 10:16,2026-10-06,9492795,2168725,5.65,0,66838070,23200,654615,0,752.45,-143000,463840,Short Buildup,Long Unwinding
2026-10-02 10:16,2026-10-06,5134350,423150,3.3,0,61153300,23400,305045,0,943.9,-86775,551590,Short Buildup,Long Unwinding
2026-10-02 10:16,2026-10-06,4624230,-1598740,2.05,0,67658305,23600,57135,0,1149.3,-23010,161265,Long Unwinding,Long Unwinding
2026-10-02 10:16,2026-10-06,4186520,727740,1.5,0,28642705,23800,24310,0,1347,-15470,103935,Short Buildup,Long Unwinding
2026-10-02 10:16,2026-10-06,11296870,2121210,1.2,0,50184680,24000,67405,0,1544.05,-36985,494000,Short Buildup,Long Unwinding
2026-10-02 10:16,2026-10-06,2525770,-767650,0.9,0,10577450,24200,21190,0,1722.4,-14755,88790,Long Unwinding,Long Unwinding
2026-10-02 10:16,2026-10-06,1678300,-723450,0.65,0,5651945,24400,12870,0,1958.1,-11700,55315,Long Unwinding,Long Unwinding
2026-10-02 10:16,2026-10-06,1221610,-952835,0.65,0,4063930,24600,2210,0,2165.75,-1950,17550,Long Unwinding,Long Unwinding
2026-10-02 10:16,2026-10-06,388570,-490685,0.55,0,2396355,24800,13780,0,2371.5,-9100,11310,Long Unwinding,Long Unwinding
2026-10-02 10:16,2026-10-06,2143635,-112775,0.55,0,4829630,25000,16510,0,2551,-15080,99775,Long Unwinding,Long Unwinding
2026-10-02 10:16,2026-10-06,276185,-6175,0.4,0,833170,25200,520,0,2550,0,520,Long Unwinding,N/A
2026-10-02 10:16,2026-10-06,43030,-31330,0.45,0,334100,25400,520,0,2800,0,1560,Long Unwinding,N/A
2026-10-02 10:16,2026-10-06,140660,-73840,0.45,0,619645,25600,130,0,2443.05,-130,0,Long Unwinding,Long Unwinding
2026-10-02 10:16,2026-10-06,558545,58435,0.4,0,1309815,25800,8970,0,2733.5,0,10075,Short Buildup,N/A
2026-10-02 10:16,2026-10-06,0,0,0,0,0,26000,0,0,0,0,0,N/A,N/A
2026-10-02 10:16,2026-10-06,0,0,0,0,0,26200,0,0,0,0,0,N/A,N/A
2026-10-02 10:16,2026-10-06,0,0,0,0,0,26400,0,0,0,0,0,N/A,N/A
2026-10-02 10:16,2026-10-06,0,0,0,0,0,26600,0,0,0,0,0,N/A,N/A
2026-10-02 10:16,2026-10-06,0,0,0,0,0,26800,0,0,0,0,0,N/A,N/A
2026-10-02 10:16,2026-10-06,0,0,0,0,0,27000,0,0,0,0,0,N/A,N/A
2026-10-02 10:16,2026-10-06,0,0,0,0,0,27200,0,0,0,0,0,N/A,N/A
2026-10-02 10:16,2026-10-06,0,0,0,0,0,27400,0,0,0,0,0,N/A,N/A
2026-10-02 10:16,2026-10-06,0,0,0,0,0,27600,0,0,0,0,0,N/A,N/A
2026-10-02 10:16,2026-10-06,0,0,0,0,0,27800,0,0,0,0,0,N/A,N/A
2026-10-02 10:16,2026-10-06,0,0,0,0,0,28000,0,0,0,0,0,N/A,N/A
2026-10-02 10:16,2026-10-06,0,0,0,0,0,28200,0,0,0,0,0,N/A,N/A
2026-10-02 10:16,2026-10-06,0,0,0,0,0,28400,0,0,0,0,0,N/A,N/A
2026-10-02 10:16,2026-10-06,0,0,0,0,0,28600,0,0,0,0,0,N/A,N/A
2026-10-02 10:16,2026-10-06,0,0,0,0,0,28800,0,0,0,0,0,N/A,N/A
2026-10-02 10:16,2026-10-06,0,0,0,0,0,29000,0,0,0,0,0,N/A,N/A
2026-10-02 10:16,2026-10-06,0,0,0,0,0,29200,0,0,0,0,0,N/A,N/A
2026-10-02 10:20,2026-10-06,4160,2210,1446.3,0,3640,21000,49981620,0,1.8,2314130,5712915,Short Buildup,Short Buildup
2026-10-02 10:20,2026-10-06,0,0,0,0,0,21200,27361945,0,2.15,599690,1966445,N/A,Short Buildup
2026-10-02 10:20,2026-10-06,1365,455,1071.95,0,1040,21400,33698015,0,3.3,1302665,3189095,Short Buildup,Short Buildup
2026-10-02 10:20,2026-10-06,3640,1625,834.5,0,11050,21600,42423420,0,4.75,1563575,3059940,Short Buildup,Short Buildup
2026-10-02 10:20,2026-10-06,41600,25155,661.9,0,152425,21800,67213250,0,8,2254200,5577000,Short Buildup,Short Buildup
2026-10-02 10:20,2026-10-06,776425,358995,472.5,0,4854200,22000,138225100,0,19,2877550,10766795,Short Buildup,Short Buildup
2026-10-02 10:20,2026-10-06,863655,738530,297.3,0,19214325,22200,143638300,0,45.1,2326025,6582355,Short Buildup,Short Buildup
2026-10-02 10:20,2026-10-06,3635255,3375255,156.95,0,108326660,22400,176899450,0,103.6,1539915,4369625,Short Buildup,Short Buildup
2026-10-02 10:20,2026-10-06,6140420,3016520,65.85,0,206398270,22600,145398695,0,211.8,-3159585,2630290,Short Buildup,Long Unwinding
2026-10-02 10:20,2026-10-06,9154275,922545,25.1,0,122405855,22800,16041740,0,370.35,-1590420,1834105,Short Buildup,Long Unwinding
2026-10-02 10:20,2026-10-06,14017445,2291120,10.75,0,116966460,23000,4112810,0,557.65,-646230,1689025,Short Buildup,Long Unwinding
2026-10-02 10:20,2026-10-06,9492795,2168725,5.65,0,66838070,23200,654615,0,752.45,-143000,463840,Short Buildup,Long Unwinding
2026-10-02 10:20,2026-10-06,5134350,423150,3.3,0,61153300,23400,305045,0,943.9,-86775,551590,Short Buildup,Long Unwinding
2026-10-02 10:20,2026-10-06,4624230,-1598740,2.05,0,67658305,23600,57135,0,1149.3,-23010,161265,Long Unwinding,Long Unwinding
2026-10-02 10:20,2026-10-06,4186520,727740,1.5,0,28642705,23800,24310,0,1347,-15470,103935,Short Buildup,Long Unwinding
2026-10-02 10:20,2026-10-06,11296870,2121210,1.2,0,50184680,24000,67405,0,1544.05,-36985,494000,Short Buildup,Long Unwinding
2026-10-02 10:20,2026-10-06,2525770,-767650,0.9,0,10577450,24200,21190,0,1722.4,-14755,88790,Long Unwinding,Long Unwinding
2026-10-02 10:20,2026-10-06,1678300,-723450,0.65,0,5651945,24400,12870,0,1958.1,-11700,55315,Long Unwinding,Long Unwinding
2026-10-02 10:20,2026-10-06,1221610,-952835,0.65,0,4063930,24600,2210,0,2165.75,-1950,17550,Long Unwinding,Long Unwinding
2026-10-02 10:20,2026-10-06,388570,-490685,0.55,0,2396355,24800,13780,0,2371.5,-9100,11310,Long Unwinding,Long Unwinding
2026-10-02 10:20,2026-10-06,2143635,-112775,0.55,0,4829630,25000,16510,0,2551,-15080,99775,Long Unwinding,Long Unwinding
2026-10-02 10:20,2026-10-06,276185,-6175,0.4,0,833170,25200,520,0,2550,0,520,Long Unwinding,N/A
2026-10-02 10:20,2026-10-06,43030,-31330,0.45,0,334100,25400,520,0,2800,0,1560,Long Unwinding,N/A
2026-10-02 10:20,2026-10-06,140660,-73840,0.45,0,619645,25600,130,0,2443.05,-130,0,Long Unwinding,Long Unwinding
2026-10-02 10:20,2026-10-06,558545,58435,0.4,0,1309815,25800,8970,0,2733.5,0,10075,Short Buildup,N/A
2026-10-02 10:20,2026-10-06,0,0,0,0,0,26000,0,0,0,0,0,N/A,N/A
2026-10-02 10:20,2026-10-06,0,0,0,0,0,26200,0,0,0,0,0,N/A,N/A
2026-10-02 10:20,2026-10-06,0,0,0,0,0,26400,0,0,0,0,0,N/A,N/A
2026-10-02 10:20,2026-10-06,0,0,0,0,0,26600,0,0,0,0,0,N/A,N/A
2026-10-02 10:20,2026-10-06,0,0,0,0,0,26800,0,0,0,0,0,N/A,N/A
2026-10-02 10:20,2026-10-06,0,0,0,0,0,27000,0,0,0,0,0,N/A,N/A
2026-10-02 10:20,2026-10-06,0,0,0,0,0,27200,0,0,0,0,0,N/A,N/A
2026-10-02 10:20,2026-10-06,0,0,0,0,0,27400,0,0,0,0,0,N/A,N/A
2026-10-02 10:20,2026-10-06,0,0,0,0,0,27600,0,0,0,0,0,N/A,N/A
2026-10-02 10:20,2026-10-06,0,0,0,0,0,27800,0,0,0,0,0,N/A,N/A
2026-10-02 10:20,2026-10-06,0,0,0,0,0,28000,0,0,0,0,0,N/A,N/A
2026-10-02 10:20,2026-10-06,0,0,0,0,0,28200,0,0,0,0,0,N/A,N/A
2026-10-02 10:20,2026-10-06,0,0,0,0,0,28400,0,0,0,0,0,N/A,N/A
2026-10-02 10:20,2026-10-06,0,0,0,0,0,28600,0,0,0,0,0,N/A,N/A
2026-10-02 10:20,2026-10-06,0,0,0,0,0,28800,0,0,0,0,0,N/A,N/A
2026-10-02 10:20,2026-10-06,0,0,0,0,0,29000,0,0,0,0,0,N/A,N/A
2026-10-02 10:20,2026-10-06,0,0,0,0,0,29200,0,0,0,0,0,N/A,N/A
2026-10-02 10:25,2026-10-06,4160,2210,1446.3,0,3640,21000,49981620,0,1.8,2314130,5712915,Short Buildup,Short Buildup
2026-10-02 10:25,2026-10-06,0,0,0,0,0,21200,27361945,0,2.15,599690,1966445,N/A,Short Buildup
2026-10-02 10:25,2026-10-06,1365,455,1071.95,0,1040,21400,33698015,0,3.3,1302665,3189095,Short Buildup,Short Buildup
2026-10-02 10:25,2026-10-06,3640,1625,834.5,0,11050,21600,42423420,0,4.75,1563575,3059940,Short Buildup,Short Buildup
2026-10-02 10:25,2026-10-06,41600,25155,661.9,0,152425,21800,67213250,0,8,2254200,5577000,Short Buildup,Short Buildup
2026-10-02 10:25,2026-10-06,776425,358995,472.5,0,4854200,22000,138225100,0,19,2877550,10766795,Short Buildup,Short Buildup
2026-10-02 10:25,2026-10-06,863655,738530,297.3,0,19214325,22200,143638300,0,45.1,2326025,6582355,Short Buildup,Short Buildup
2026-10-02 10:25,2026-10-06,3635255,3375255,156.95,0,108326660,22400,176899450,0,103.6,1539915,4369625,Short Buildup,Short Buildup
2026-10-02 10:25,2026-10-06,6140420,3016520,65.85,0,206398270,22600,145398695,0,211.8,-3159585,2630290,Short Buildup,Long Unwinding
2026-10-02 10:25,2026-10-06,9154275,922545,25.1,0,122405855,22800,16041740,0,370.35,-1590420,1834105,Short Buildup,Long Unwinding
2026-10-02 10:25,2026-10-06,14017445,2291120,10.75,0,116966460,23000,4112810,0,557.65,-646230,1689025,Short Buildup,Long Unwinding
2026-10-02 10:25,2026-10-06,9492795,2168725,5.65,0,66838070,23200,654615,0,752.45,-143000,463840,Short Buildup,Long Unwinding
2026-10-02 10:25,2026-10-06,5134350,423150,3.3,0,61153300,23400,305045,0,943.9,-86775,551590,Short Buildup,Long Unwinding
2026-10-02 10:25,2026-10-06,4624230,-1598740,2.05,0,67658305,23600,57135,0,1149.3,-23010,161265,Long Unwinding,Long Unwinding
2026-10-02 10:25,2026-10-06,4186520,727740,1.5,0,28642705,23800,24310,0,1347,-15470,103935,Short Buildup,Long Unwinding
2026-10-02 10:25,2026-10-06,11296870,2121210,1.2,0,50184680,24000,67405,0,1544.05,-36985,494000,Short Buildup,Long Unwinding
2026-10-02 10:25,2026-10-06,2525770,-767650,0.9,0,10577450,24200,21190,0,1722.4,-14755,88790,Long Unwinding,Long Unwinding
2026-10-02 10:25,2026-10-06,1678300,-723450,0.65,0,5651945,24400,12870,0,1958.1,-11700,55315,Long Unwinding,Long Unwinding
2026-10-02 10:25,2026-10-06,1221610,-952835,0.65,0,4063930,24600,2210,0,2165.75,-1950,17550,Long Unwinding,Long Unwinding
2026-10-02 10:25,2026-10-06,388570,-490685,0.55,0,2396355,24800,13780,0,2371.5,-9100,11310,Long Unwinding,Long Unwinding
2026-10-02 10:25,2026-10-06,2143635,-112775,0.55,0,4829630,25000,16510,0,2551,-15080,99775,Long Unwinding,Long Unwinding
2026-10-02 10:25,2026-10-06,276185,-6175,0.4,0,833170,25200,520,0,2550,0,520,Long Unwinding,N/A
2026-10-02 10:25,2026-10-06,43030,-31330,0.45,0,334100,25400,520,0,2800,0,1560,Long Unwinding,N/A
2026-10-02 10:25,2026-10-06,140660,-73840,0.45,0,619645,25600,130,0,2443.05,-130,0,Long Unwinding,Long Unwinding
2026-10-02 10:25,2026-10-06,558545,58435,0.4,0,1309815,25800,8970,0,2733.5,0,10075,Short Buildup,N/A
2026-10-02 10:25,2026-10-06,0,0,0,0,0,26000,0,0,0,0,0,N/A,N/A
2026-10-02 10:25,2026-10-06,0,0,0,0,0,26200,0,0,0,0,0,N/A,N/A
2026-10-02 10:25,2026-10-06,0,0,0,0,0,26400,0,0,0,0,0,N/A,N/A
2026-10-02 10:25,2026-10-06,0,0,0,0,0,26600,0,0,0,0,0,N/A,N/A
2026-10-02 10:25,2026-10-06,0,0,0,0,0,26800,0,0,0,0,0,N/A,N/A
2026-10-02 10:25,2026-10-06,0,0,0,0,0,27000,0,0,0,0,0,N/A,N/A
2026-10-02 10:25,2026-10-06,0,0,0,0,0,27200,0,0,0,0,0,N/A,N/A
2026-10-02 10:25,2026-10-06,0,0,0,0,0,27400,0,0,0,0,0,N/A,N/A
2026-10-02 10:25,2026-10-06,0,0,0,0,0,27600,0,0,0,0,0,N/A,N/A
2026-10-02 10:25,2026-10-06,0,0,0,0,0,27800,0,0,0,0,0,N/A,N/A
2026-10-02 10:25,2026-10-06,0,0,0,0,0,28000,0,0,0,0,0,N/A,N/A
2026-10-02 10:25,2026-10-06,0,0,0,0,0,28200,0,0,0,0,0,N/A,N/A
2026-10-02 10:25,2026-10-06,0,0,0,0,0,28400,0,0,0,0,0,N/A,N/A
2026-10-02 10:25,2026-10-06,0,0,0,0,0,28600,0,0,0,0,0,N/A,N/A
2026-10-02 10:25,2026-10-06,0,0,0,0,0,28800,0,0,0,0,0,N/A,N/A
2026-10-02 10:25,2026-10-06,0,0,0,0,0,29000,0,0,0,0,0,N/A,N/A
2026-10-02 10:25,2026-10-06,0,0,0,0,0,29200,0,0,0,0,0,N/A,N/A
2026-10-02 10:30,2026-10-06,4160,2210,1446.3,0,3640,21000,49981620,0,1.8,2314130,5712915,Short Buildup,Short Buildup
2026-10-02 10:30,2026-10-06,0,0,0,0,0,21200,27361945,0,2.15,599690,1966445,N/A,Short Buildup
2026-10-02 10:30,2026-10-06,1365,455,1071.95,0,1040,21400,33698015,0,3.3,1302665,3189095,Short Buildup,Short Buildup
2026-10-02 10:30,2026-10-06,3640,1625,834.5,0,11050,21600,42423420,0,4.75,1563575,3059940,Short Buildup,Short Buildup
2026-10-02 10:30,2026-10-06,41600,25155,661.9,0,152425,21800,67213250,0,8,2254200,5577000,Short Buildup,Short Buildup
2026-10-02 10:30,2026-10-06,776425,358995,472.5,0,4854200,22000,138225100,0,19,2877550,10766795,Short Buildup,Short Buildup
2026-10-02 10:30,2026-10-06,863655,738530,297.3,0,19214325,22200,143638300,0,45.1,2326025,6582355,Short Buildup,Short Buildup
2026-10-02 10:30,2026-10-06,3635255,3375255,156.95,0,108326660,22400,176899450,0,103.6,1539915,4369625,Short Buildup,Short Buildup
2026-10-02 10:30,2026-10-06,6140420,3016520,65.85,0,206398270,22600,145398695,0,211.8,-3159585,2630290,Short Buildup,Long Unwinding
2026-10-02 10:30,2026-10-06,9154275,922545,25.1,0,122405855,22800,16041740,0,370.35,-1590420,1834105,Short Buildup,Long Unwinding
2026-10-02 10:30,2026-10-06,14017445,2291120,10.75,0,116966460,23000,4112810,0,557.65,-646230,1689025,Short Buildup,Long Unwinding
2026-10-02 10:30,2026-10-06,9492795,2168725,5.65,0,66838070,23200,654615,0,752.45,-143000,463840,Short Buildup,Long Unwinding
2026-10-02 10:30,2026-10-06,5134350,423150,3.3,0,61153300,23400,305045,0,943.9,-86775,551590,Short Buildup,Long Unwinding
2026-10-02 10:30,2026-10-06,4624230,-1598740,2.05,0,67658305,23600,57135,0,1149.3,-23010,161265,Long Unwinding,Long Unwinding
2026-10-02 10:30,2026-10-06,4186520,727740,1.5,0,28642705,23800,24310,0,1347,-15470,103935,Short Buildup,Long Unwinding
2026-10-02 10:30,2026-10-06,11296870,2121210,1.2,0,50184680,24000,67405,0,1544.05,-36985,494000,Short Buildup,Long Unwinding
2026-10-02 10:30,2026-10-06,2525770,-767650,0.9,0,10577450,24200,21190,0,1722.4,-14755,88790,Long Unwinding,Long Unwinding
2026-10-02 10:30,2026-10-06,1678300,-723450,0.65,0,5651945,24400,12870,0,1958.1,-11700,55315,Long Unwinding,Long Unwinding
2026-10-02 10:30,2026-10-06,1221610,-952835,0.65,0,4063930,24600,2210,0,2165.75,-1950,17550,Long Unwinding,Long Unwinding
2026-10-02 10:30,2026-10-06,388570,-490685,0.55,0,2396355,24800,13780,0,2371.5,-9100,11310,Long Unwinding,Long Unwinding
2026-10-02 10:30,2026-10-06,2143635,-112775,0.55,0,4829630,25000,16510,0,2551,-15080,99775,Long Unwinding,Long Unwinding
2026-10-02 10:30,2026-10-06,276185,-6175,0.4,0,833170,25200,520,0,2550,0,520,Long Unwinding,N/A
2026-10-02 10:30,2026-10-06,43030,-31330,0.45,0,334100,25400,520,0,2800,0,1560,Long Unwinding,N/A
2026-10-02 10:30,2026-10-06,140660,-73840,0.45,0,619645,25600,130,0,2443.05,-130,0,Long Unwinding,Long Unwinding
2026-10-02 10:30,2026-10-06,558545,58435,0.4,0,1309815,25800,8970,0,2733.5,0,10075,Short Buildup,N/A
2026-10-02 10:30,2026-10-06,0,0,0,0,0,26000,0,0,0,0,0,N/A,N/A
2026-10-02 10:30,2026-10-06,0,0,0,0,0,26200,0,0,0,0,0,N/A,N/A
2026-10-02 10:30,2026-10-06,0,0,0,0,0,26400,0,0,0,0,0,N/A,N/A
2026-10-02 10:30,2026-10-06,0,0,0,0,0,26600,0,0,0,0,0,N/A,N/A
2026-10-02 10:30,2026-10-06,0,0,0,0,0,26800,0,0,0,0,0,N/A,N/A
2026-10-02 10:30,2026-10-06,0,0,0,0,0,27000,0,0,0,0,0,N/A,N/A
2026-10-02 10:30,2026-10-06,0,0,0,0,0,27200,0,0,0,0,0,N/A,N/A
2026-10-02 10:30,2026-10-06,0,0,0,0,0,27400,0,0,0,0,0,N/A,N/A
2026-10-02 10:30,2026-10-06,0,0,0,0,0,27600,0,0,0,0,0,N/A,N/A
2026-10-02 10:30,2026-10-06,0,0,0,0,0,27800,0,0,0,0,0,N/A,N/A
2026-10-02 10:30,2026-10-06,0,0,0,0,0,28000,0,0,0,0,0,N/A,N/A
2026-10-02 10:30,2026-10-06,0,0,0,0,0,28200,0,0,0,0,0,N/A,N/A
2026-10-02 10:30,2026-10-06,0,0,0,0,0,28400,0,0,0,0,0,N/A,N/A
2026-10-02 10:30,2026-10-06,0,0,0,0,0,28600,0,0,0,0,0,N/A,N/A
2026-10-02 10:30,2026-10-06,0,0,0,0,0,28800,0,0,0,0,0,N/A,N/A
2026-10-02 10:30,2026-10-06,0,0,0,0,0,29000,0,0,0,0,0,N/A,N/A
2026-10-02 10:30,2026-10-06,0,0,0,0,0,29200,0,0,0,0,0,N/A,N/A
2026-10-02 10:35,2026-10-06,4160,2210,1446.3,0,3640,21000,49981620,0,1.8,2314130,5712915,Short Buildup,Short Buildup
2026-10-02 10:35,2026-10-06,0,0,0,0,0,21200,27361945,0,2.15,599690,1966445,N/A,Short Buildup
2026-10-02 10:35,2026-10-06,1365,455,1071.95,0,1040,21400,33698015,0,3.3,1302665,3189095,Short Buildup,Short Buildup
2026-10-02 10:35,2026-10-06,3640,1625,834.5,0,11050,21600,42423420,0,4.75,1563575,3059940,Short Buildup,Short Buildup
2026-10-02 10:35,2026-10-06,41600,25155,661.9,0,152425,21800,67213250,0,8,2254200,5577000,Short Buildup,Short Buildup
2026-10-02 10:35,2026-10-06,776425,358995,472.5,0,4854200,22000,138225100,0,19,2877550,10766795,Short Buildup,Short Buildup
2026-10-02 10:35,2026-10-06,863655,738530,297.3,0,19214325,22200,143638300,0,45.1,2326025,6582355,Short Buildup,Short Buildup
2026-10-02 10:35,2026-10-06,3635255,3375255,156.95,0,108326660,22400,176899450,0,103.6,1539915,4369625,Short Buildup,Short Buildup
2026-10-02 10:35,2026-10-06,6140420,3016520,65.85,0,206398270,22600,145398695,0,211.8,-3159585,2630290,Short Buildup,Long Unwinding
2026-10-02 10:35,2026-10-06,9154275,922545,25.1,0,122405855,22800,16041740,0,370.35,-1590420,1834105,Short Buildup,Long Unwinding
2026-10-02 10:35,2026-10-06,14017445,2291120,10.75,0,116966460,23000,4112810,0,557.65,-646230,1689025,Short Buildup,Long Unwinding
2026-10-02 10:35,2026-10-06,9492795,2168725,5.65,0,66838070,23200,654615,0,752.45,-143000,463840,Short Buildup,Long Unwinding
2026-10-02 10:35,2026-10-06,5134350,423150,3.3,0,61153300,23400,305045,0,943.9,-86775,551590,Short Buildup,Long Unwinding
2026-10-02 10:35,2026-10-06,4624230,-1598740,2.05,0,67658305,23600,57135,0,1149.3,-23010,161265,Long Unwinding,Long Unwinding
2026-10-02 10:35,2026-10-06,4186520,727740,1.5,0,28642705,23800,24310,0,1347,-15470,103935,Short Buildup,Long Unwinding
2026-10-02 10:35,2026-10-06,11296870,2121210,1.2,0,50184680,24000,67405,0,1544.05,-36985,494000,Short Buildup,Long Unwinding
2026-10-02 10:35,2026-10-06,2525770,-767650,0.9,0,10577450,24200,21190,0,1722.4,-14755,88790,Long Unwinding,Long Unwinding
2026-10-02 10:35,2026-10-06,1678300,-723450,0.65,0,5651945,24400,12870,0,1958.1,-11700,55315,Long Unwinding,Long Unwinding
2026-10-02 10:35,2026-10-06,1221610,-952835,0.65,0,4063930,24600,2210,0,2165.75,-1950,17550,Long Unwinding,Long Unwinding
2026-10-02 10:35,2026-10-06,388570,-490685,0.55,0,2396355,24800,13780,0,2371.5,-9100,11310,Long Unwinding,Long Unwinding
2026-10-02 10:35,2026-10-06,2143635,-112775,0.55,0,4829630,25000,16510,0,2551,-15080,99775,Long Unwinding,Long Unwinding
2026-10-02 10:35,2026-10-06,276185,-6175,0.4,0,833170,25200,520,0,2550,0,520,Long Unwinding,N/A
2026-10-02 10:35,2026-10-06,43030,-31330,0.45,0,334100,25400,520,0,2800,0,1560,Long Unwinding,N/A
2026-10-02 10:35,2026-10-06,140660,-73840,0.45,0,619645,25600,130,0,2443.05,-130,0,Long Unwinding,Long Unwinding
2026-10-02 10:35,2026-10-06,558545,58435,0.4,0,1309815,25800,8970,0,2733.5,0,10075,Short Buildup,N/A
2026-10-02 10:35,2026-10-06,0,0,0,0,0,26000,0,0,0,0,0,N/A,N/A
2026-10-02 10:35,2026-10-06,0,0,0,0,0,26200,0,0,0,0,0,N/A,N/A
2026-10-02 10:35,2026-10-06,0,0,0,0,0,26400,0,0,0,0,0,N/A,N/A
2026-10-02 10:35,2026-10-06,0,0,0,0,0,26600,0,0,0,0,0,N/A,N/A
2026-10-02 10:35,2026-10-06,0,0,0,0,0,26800,0,0,0,0,0,N/A,N/A
2026-10-02 10:35,2026-10-06,0,0,0,0,0,27000,0,0,0,0,0,N/A,N/A
2026-10-02 10:35,2026-10-06,0,0,0,0,0,27200,0,0,0,0,0,N/A,N/A
2026-10-02 10:35,2026-10-06,0,0,0,0,0,27400,0,0,0,0,0,N/A,N/A
2026-10-02 10:35,2026-10-06,0,0,0,0,0,27600,0,0,0,0,0,N/A,N/A
2026-10-02 10:35,2026-10-06,0,0,0,0,0,27800,0,0,0,0,0,N/A,N/A
2026-10-02 10:35,2026-10-06,0,0,0,0,0,28000,0,0,0,0,0,N/A,N/A
2026-10-02 10:35,2026-10-06,0,0,0,0,0,28200,0,0,0,0,0,N/A,N/A
2026-10-02 10:35,2026-10-06,0,0,0,0,0,28400,0,0,0,0,0,N/A,N/A
2026-10-02 10:35,2026-10-06,0,0,0,0,0,28600,0,0,0,0,0,N/A,N/A
2026-10-02 10:35,2026-10-06,0,0,0,0,0,28800,0,0,0,0,0,N/A,N/A
2026-10-02 10:35,2026-10-06,0,0,0,0,0,29000,0,0,0,0,0,N/A,N/A
2026-10-02 10:35,2026-10-06,0,0,0,0,0,29200,0,0,0,0,0,N/A,N/A
2026-10-02 10:40,2026-10-06,4160,2210,1446.3,0,3640,21000,49981620,0,1.8,2314130,5712915,Short Buildup,Short Buildup
2026-10-02 10:40,2026-10-06,0,0,0,0,0,21200,27361945,0,2.15,599690,1966445,N/A,Short Buildup
2026-10-02 10:40,2026-10-06,1365,455,1071.95,0,1040,21400,33698015,0,3.3,1302665,3189095,Short Buildup,Short Buildup
2026-10-02 10:40,2026-10-06,3640,1625,834.5,0,11050,21600,42423420,0,4.75,1563575,3059940,Short Buildup,Short Buildup
2026-10-02 10:40,2026-10-06,41600,25155,661.9,0,152425,21800,67213250,0,8,2254200,5577000,Short Buildup,Short Buildup
2026-10-02 10:40,2026-10-06,776425,358995,472.5,0,4854200,22000,138225100,0,19,2877550,10766795,Short Buildup,Short Buildup
2026-10-02 10:40,2026-10-06,863655,738530,297.3,0,19214325,22200,143638300,0,45.1,2326025,6582355,Short Buildup,Short Buildup
2026-10-02 10:40,2026-10-06,3635255,3375255,156.95,0,108326660,22400,176899450,0,103.6,1539915,4369625,Short Buildup,Short Buildup
2026-10-02 10:40,2026-10-06,6140420,3016520,65.85,0,206398270,22600,145398695,0,211.8,-3159585,2630290,Short Buildup,Long Unwinding
2026-10-02 10:40,2026-10-06,9154275,922545,25.1,0,122405855,22800,16041740,0,370.35,-1590420,1834105,Short Buildup,Long Unwinding
2026-10-02 10:40,2026-10-06,14017445,2291120,10.75,0,116966460,23000,4112810,0,557.65,-646230,1689025,Short Buildup,Long Unwinding
2026-10-02 10:40,2026-10-06,9492795,2168725,5.65,0,66838070,23200,654615,0,752.45,-143000,463840,Short Buildup,Long Unwinding
2026-10-02 10:40,2026-10-06,5134350,423150,3.3,0,61153300,23400,305045,0,943.9,-86775,551590,Short Buildup,Long Unwinding
2026-10-02 10:40,2026-10-06,4624230,-1598740,2.05,0,67658305,23600,57135,0,1149.3,-23010,161265,Long Unwinding,Long Unwinding
2026-10-02 10:40,2026-10-06,4186520,727740,1.5,0,28642705,23800,24310,0,1347,-15470,103935,Short Buildup,Long Unwinding
2026-10-02 10:40,2026-10-06,11296870,2121210,1.2,0,50184680,24000,67405,0,1544.05,-36985,494000,Short Buildup,Long Unwinding
2026-10-02 10:40,2026-10-06,2525770,-767650,0.9,0,10577450,24200,21190,0,1722.4,-14755,88790,Long Unwinding,Long Unwinding
2026-10-02 10:40,2026-10-06,1678300,-723450,0.65,0,5651945,24400,12870,0,1958.1,-11700,55315,Long Unwinding,Long Unwinding
2026-10-02 10:40,2026-10-06,1221610,-952835,0.65,0,4063930,24600,2210,0,2165.75,-1950,17550,Long Unwinding,Long Unwinding
2026-10-02 10:40,2026-10-06,388570,-490685,0.55,0,2396355,24800,13780,0,2371.5,-9100,11310,Long Unwinding,Long Unwinding
2026-10-02 10:40,2026-10-06,2143635,-112775,0.55,0,4829630,25000,16510,0,2551,-15080,99775,Long Unwinding,Long Unwinding
2026-10-02 10:40,2026-10-06,276185,-6175,0.4,0,833170,25200,520,0,2550,0,520,Long Unwinding,N/A
2026-10-02 10:40,2026-10-06,43030,-31330,0.45,0,334100,25400,520,0,2800,0,1560,Long Unwinding,N/A
2026-10-02 10:40,2026-10-06,140660,-73840,0.45,0,619645,25600,130,0,2443.05,-130,0,Long Unwinding,Long Unwinding
2026-10-02 10:40,2026-10-06,558545,58435,0.4,0,1309815,25800,8970,0,2733.5,0,10075,Short Buildup,N/A
2026-10-02 10:40,2026-10-06,0,0,0,0,0,26000,0,0,0,0,0,N/A,N/A
2026-10-02 10:40,2026-10-06,0,0,0,0,0,26200,0,0,0,0,0,N/A,N/A
2026-10-02 10:40,2026-10-06,0,0,0,0,0,26400,0,0,0,0,0,N/A,N/A
2026-10-02 10:40,2026-10-06,0,0,0,0,0,26600,0,0,0,0,0,N/A,N/A
2026-10-02 10:40,2026-10-06,0,0,0,0,0,26800,0,0,0,0,0,N/A,N/A
2026-10-02 10:40,2026-10-06,0,0,0,0,0,27000,0,0,0,0,0,N/A,N/A
2026-10-02 10:40,2026-10-06,0,0,0,0,0,27200,0,0,0,0,0,N/A,N/A
2026-10-02 10:40,2026-10-06,0,0,0,0,0,27400,0,0,0,0,0,N/A,N/A
2026-10-02 10:40,2026-10-06,0,0,0,0,0,27600,0,0,0,0,0,N/A,N/A
2026-10-02 10:40,2026-10-06,0,0,0,0,0,27800,0,0,0,0,0,N/A,N/A
2026-10-02 10:40,2026-10-06,0,0,0,0,0,28000,0,0,0,0,0,N/A,N/A
2026-10-02 10:40,2026-10-06,0,0,0,0,0,28200,0,0,0,0,0,N/A,N/A
2026-10-02 10:40,2026-10-06,0,0,0,0,0,28400,0,0,0,0,0,N/A,N/A
2026-10-02 10:40,2026-10-06,0,0,0,0,0,28600,0,0,0,0,0,N/A,N/A
2026-10-02 10:40,2026-10-06,0,0,0,0,0,28800,0,0,0,0,0,N/A,N/A
2026-10-02 10:40,2026-10-06,0,0,0,0,0,29000,0,0,0,0,0,N/A,N/A
2026-10-02 10:40,2026-10-06,0,0,0,0,0,29200,0,0,0,0,0,N/A,N/A
2026-10-02 10:45,2026-10-06,4160,2210,1446.3,0,3640,21000,49981620,0,1.8,2314130,5712915,Short Buildup,Short Buildup
2026-10-02 10:45,2026-10-06,0,0,0,0,0,21200,27361945,0,2.15,599690,1966445,N/A,Short Buildup
2026-10-02 10:45,2026-10-06,1365,455,1071.95,0,1040,21400,33698015,0,3.3,1302665,3189095,Short Buildup,Short Buildup
2026-10-02 10:45,2026-10-06,3640,1625,834.5,0,11050,21600,42423420,0,4.75,1563575,3059940,Short Buildup,Short Buildup
2026-10-02 10:45,2026-10-06,41600,25155,661.9,0,152425,21800,67213250,0,8,2254200,5577000,Short Buildup,Short Buildup
2026-10-02 10:45,2026-10-06,776425,358995,472.5,0,4854200,22000,138225100,0,19,2877550,10766795,Short Buildup,Short Buildup
2026-10-02 10:45,2026-10-06,863655,738530,297.3,0,19214325,22200,143638300,0,45.1,2326025,6582355,Short Buildup,Short Buildup
2026-10-02 10:45,2026-10-06,3635255,3375255,156.95,0,108326660,22400,176899450,0,103.6,1539915,4369625,Short Buildup,Short Buildup
2026-10-02 10:45,2026-10-06,6140420,3016520,65.85,0,206398270,22600,145398695,0,211.8,-3159585,2630290,Short Buildup,Long Unwinding
2026-10-02 10:45,2026-10-06,9154275,922545,25.1,0,122405855,22800,16041740,0,370.35,-1590420,1834105,Short Buildup,Long Unwinding
2026-10-02 10:45,2026-10-06,14017445,2291120,10.75,0,116966460,23000,4112810,0,557.65,-646230,1689025,Short Buildup,Long Unwinding
2026-10-02 10:45,2026-10-06,9492795,2168725,5.65,0,66838070,23200,654615,0,752.45,-143000,463840,Short Buildup,Long Unwinding
2026-10-02 10:45,2026-10-06,5134350,423150,3.3,0,61153300,23400,305045,0,943.9,-86775,551590,Short Buildup,Long Unwinding
2026-10-02 10:45,2026-10-06,4624230,-1598740,2.05,0,67658305,23600,57135,0,1149.3,-23010,161265,Long Unwinding,Long Unwinding
2026-10-02 10:45,2026-10-06,4186520,727740,1.5,0,28642705,23800,24310,0,1347,-15470,103935,Short Buildup,Long Unwinding
2026-10-02 10:45,2026-10-06,11296870,2121210,1.2,0,50184680,24000,67405,0,1544.05,-36985,494000,Short Buildup,Long Unwinding
2026-10-02 10:45,2026-10-06,2525770,-767650,0.9,0,10577450,24200,21190,0,1722.4,-14755,88790,Long Unwinding,Long Unwinding
2026-10-02 10:45,2026-10-06,1678300,-723450,0.65,0,5651945,24400,12870,0,1958.1,-11700,55315,Long Unwinding,Long Unwinding
2026-10-02 10:45,2026-10-06,1221610,-952835,0.65,0,4063930,24600,2210,0,2165.75,-1950,17550,Long Unwinding,Long Unwinding
2026-10-02 10:45,2026-10-06,388570,-490685,0.55,0,2396355,24800,13780,0,2371.5,-9100,11310,Long Unwinding,Long Unwinding
2026-10-02 10:45,2026-10-06,2143635,-112775,0.55,0,4829630,25000,16510,0,2551,-15080,99775,Long Unwinding,Long Unwinding
2026-10-02 10:45,2026-10-06,276185,-6175,0.4,0,833170,25200,520,0,2550,0,520,Long Unwinding,N/A
2026-10-02 10:45,2026-10-06,43030,-31330,0.45,0,334100,25400,520,0,2800,0,1560,Long Unwinding,N/A
2026-10-02 10:45,2026-10-06,140660,-73840,0.45,0,619645,25600,130,0,2443.05,-130,0,Long Unwinding,Long Unwinding
2026-10-02 10:45,2026-10-06,558545,58435,0.4,0,1309815,25800,8970,0,2733.5,0,10075,Short Buildup,N/A
2026-10-02 10:45,2026-10-06,0,0,0,0,0,26000,0,0,0,0,0,N/A,N/A
2026-10-02 10:45,2026-10-06,0,0,0,0,0,26200,0,0,0,0,0,N/A,N/A
2026-10-02 10:45,2026-10-06,0,0,0,0,0,26400,0,0,0,0,0,N/A,N/A
2026-10-02 10:45,2026-10-06,0,0,0,0,0,26600,0,0,0,0,0,N/A,N/A
2026-10-02 10:45,2026-10-06,0,0,0,0,0,26800,0,0,0,0,0,N/A,N/A
2026-10-02 10:45,2026-10-06,0,0,0,0,0,27000,0,0,0,0,0,N/A,N/A
2026-10-02 10:45,2026-10-06,0,0,0,0,0,27200,0,0,0,0,0,N/A,N/A
2026-10-02 10:45,2026-10-06,0,0,0,0,0,27400,0,0,0,0,0,N/A,N/A
2026-10-02 10:45,2026-10-06,0,0,0,0,0,27600,0,0,0,0,0,N/A,N/A
2026-10-02 10:45,2026-10-06,0,0,0,0,0,27800,0,0,0,0,0,N/A,N/A
2026-10-02 10:45,2026-10-06,0,0,0,0,0,28000,0,0,0,0,0,N/A,N/A
2026-10-02 10:45,2026-10-06,0,0,0,0,0,28200,0,0,0,0,0,N/A,N/A
2026-10-02 10:45,2026-10-06,0,0,0,0,0,28400,0,0,0,0,0,N/A,N/A
2026-10-02 10:45,2026-10-06,0,0,0,0,0,28600,0,0,0,0,0,N/A,N/A
2026-10-02 10:45,2026-10-06,0,0,0,0,0,28800,0,0,0,0,0,N/A,N/A
2026-10-02 10:45,2026-10-06,0,0,0,0,0,29000,0,0,0,0,0,N/A,N/A
2026-10-02 10:45,2026-10-06,0,0,0,0,0,29200,0,0,0,0,0,N/A,N/A
2026-10-02 10:50,2026-10-06,4160,2210,1446.3,0,3640,21000,49981620,0,1.8,2314130,5712915,Short Buildup,Short Buildup
2026-10-02 10:50,2026-10-06,0,0,0,0,0,21200,27361945,0,2.15,599690,1966445,N/A,Short Buildup
2026-10-02 10:50,2026-10-06,1365,455,1071.95,0,1040,21400,33698015,0,3.3,1302665,3189095,Short Buildup,Short Buildup
2026-10-02 10:50,2026-10-06,3640,1625,834.5,0,11050,21600,42423420,0,4.75,1563575,3059940,Short Buildup,Short Buildup
2026-10-02 10:50,2026-10-06,41600,25155,661.9,0,152425,21800,67213250,0,8,2254200,5577000,Short Buildup,Short Buildup
2026-10-02 10:50,2026-10-06,776425,358995,472.5,0,4854200,22000,138225100,0,19,2877550,10766795,Short Buildup,Short Buildup
2026-10-02 10:50,2026-10-06,863655,738530,297.3,0,19214325,22200,143638300,0,45.1,2326025,6582355,Short Buildup,Short Buildup
2026-10-02 10:50,2026-10-06,3635255,3375255,156.95,0,108326660,22400,176899450,0,103.6,1539915,4369625,Short Buildup,Short Buildup
2026-10-02 10:50,2026-10-06,6140420,3016520,65.85,0,206398270,22600,145398695,0,211.8,-3159585,2630290,Short Buildup,Long Unwinding
2026-10-02 10:50,2026-10-06,9154275,922545,25.1,0,122405855,22800,16041740,0,370.35,-1590420,1834105,Short Buildup,Long Unwinding
2026-10-02 10:50,2026-10-06,14017445,2291120,10.75,0,116966460,23000,4112810,0,557.65,-646230,1689025,Short Buildup,Long Unwinding
2026-10-02 10:50,2026-10-06,9492795,2168725,5.65,0,66838070,23200,654615,0,752.45,-143000,463840,Short Buildup,Long Unwinding
2026-10-02 10:50,2026-10-06,5134350,423150,3.3,0,61153300,23400,305045,0,943.9,-86775,551590,Short Buildup,Long Unwinding
2026-10-02 10:50,2026-10-06,4624230,-1598740,2.05,0,67658305,23600,57135,0,1149.3,-23010,161265,Long Unwinding,Long Unwinding
2026-10-02 10:50,2026-10-06,4186520,727740,1.5,0,28642705,23800,24310,0,1347,-15470,103935,Short Buildup,Long Unwinding
2026-10-02 10:50,2026-10-06,11296870,2121210,1.2,0,50184680,24000,67405,0,1544.05,-36985,494000,Short Buildup,Long Unwinding
2026-10-02 10:50,2026-10-06,2525770,-767650,0.9,0,10577450,24200,21190,0,1722.4,-14755,88790,Long Unwinding,Long Unwinding
2026-10-02 10:50,2026-10-06,1678300,-723450,0.65,0,5651945,24400,12870,0,1958.1,-11700,55315,Long Unwinding,Long Unwinding
2026-10-02 10:50,2026-10-06,1221610,-952835,0.65,0,4063930,24600,2210,0,2165.75,-1950,17550,Long Unwinding,Long Unwinding
2026-10-02 10:50,2026-10-06,388570,-490685,0.55,0,2396355,24800,13780,0,2371.5,-9100,11310,Long Unwinding,Long Unwinding
2026-10-02 10:50,2026-10-06,2143635,-112775,0.55,0,4829630,25000,16510,0,2551,-15080,99775,Long Unwinding,Long Unwinding
2026-10-02 10:50,2026-10-06,276185,-6175,0.4,0,833170,25200,520,0,2550,0,520,Long Unwinding,N/A
2026-10-02 10:50,2026-10-06,43030,-31330,0.45,0,334100,25400,520,0,2800,0,1560,Long Unwinding,N/A
2026-10-02 10:50,2026-10-06,140660,-73840,0.45,0,619645,25600,130,0,2443.05,-130,0,Long Unwinding,Long Unwinding
2026-10-02 10:50,2026-10-06,558545,58435,0.4,0,1309815,25800,8970,0,2733.5,0,10075,Short Buildup,N/A
2026-10-02 10:50,2026-10-06,0,0,0,0,0,26000,0,0,0,0,0,N/A,N/A
2026-10-02 10:50,2026-10-06,0,0,0,0,0,26200,0,0,0,0,0,N/A,N/A
2026-10-02 10:50,2026-10-06,0,0,0,0,0,26400,0,0,0,0,0,N/A,N/A
2026-10-02 10:50,2026-10-06,0,0,0,0,0,26600,0,0,0,0,0,N/A,N/A
2026-10-02 10:50,2026-10-06,0,0,0,0,0,26800,0,0,0,0,0,N/A,N/A
2026-10-02 10:50,2026-10-06,0,0,0,0,0,27000,0,0,0,0,0,N/A,N/A
2026-10-02 10:50,2026-10-06,0,0,0,0,0,27200,0,0,0,0,0,N/A,N/A
2026-10-02 10:50,2026-10-06,0,0,0,0,0,27400,0,0,0,0,0,N/A,N/A
2026-10-02 10:50,2026-10-06,0,0,0,0,0,27600,0,0,0,0,0,N/A,N/A
2026-10-02 10:50,2026-10-06,0,0,0,0,0,27800,0,0,0,0,0,N/A,N/A
2026-10-02 10:50,2026-10-06,0,0,0,0,0,28000,0,0,0,0,0,N/A,N/A
2026-10-02 10:50,2026-10-06,0,0,0,0,0,28200,0,0,0,0,0,N/A,N/A
2026-10-02 10:50,2026-10-06,0,0,0,0,0,28400,0,0,0,0,0,N/A,N/A
2026-10-02 10:50,2026-10-06,0,0,0,0,0,28600,0,0,0,0,0,N/A,N/A
2026-10-02 10:50,2026-10-06,0,0,0,0,0,28800,0,0,0,0,0,N/A,N/A
2026-10-02 10:50,2026-10-06,0,0,0,0,0,29000,0,0,0,0,0,N/A,N/A
2026-10-02 10:50,2026-10-06,0,0,0,0,0,29200,0,0,0,0,0,N/A,N/A
2026-10-02 10:55,2026-10-06,4160,2210,1446.3,0,3640,21000,49981620,0,1.8,2314130,5712915,Short Buildup,Short Buildup
2026-10-02 10:55,2026-10-06,0,0,0,0,0,21200,27361945,0,2.15,599690,1966445,N/A,Short Buildup
2026-10-02 10:55,2026-10-06,1365,455,1071.95,0,1040,21400,33698015,0,3.3,1302665,3189095,Short Buildup,Short Buildup
2026-10-02 10:55,2026-10-06,3640,1625,834.5,0,11050,21600,42423420,0,4.75,1563575,3059940,Short Buildup,Short Buildup
2026-10-02 10:55,2026-10-06,41600,25155,661.9,0,152425,21800,67213250,0,8,2254200,5577000,Short Buildup,Short Buildup
2026-10-02 10:55,2026-10-06,776425,358995,472.5,0,4854200,22000,138225100,0,19,2877550,10766795,Short Buildup,Short Buildup
2026-10-02 10:55,2026-10-06,863655,738530,297.3,0,19214325,22200,143638300,0,45.1,2326025,6582355,Short Buildup,Short Buildup
2026-10-02 10:55,2026-10-06,3635255,3375255,156.95,0,108326660,22400,176899450,0,103.6,1539915,4369625,Short Buildup,Short Buildup
2026-10-02 10:55,2026-10-06,6140420,3016520,65.85,0,206398270,22600,145398695,0,211.8,-3159585,2630290,Short Buildup,Long Unwinding
2026-10-02 10:55,2026-10-06,9154275,922545,25.1,0,122405855,22800,16041740,0,370.35,-1590420,1834105,Short Buildup,Long Unwinding
2026-10-02 10:55,2026-10-06,14017445,2291120,10.75,0,116966460,23000,4112810,0,557.65,-646230,1689025,Short Buildup,Long Unwinding
2026-10-02 10:55,2026-10-06,9492795,2168725,5.65,0,66838070,23200,654615,0,752.45,-143000,463840,Short Buildup,Long Unwinding
2026-10-02 10:55,2026-10-06,5134350,423150,3.3,0,61153300,23400,305045,0,943.9,-86775,551590,Short Buildup,Long Unwinding
2026-10-02 10:55,2026-10-06,4624230,-1598740,2.05,0,67658305,23600,57135,0,1149.3,-23010,161265,Long Unwinding,Long Unwinding
2026-10-02 10:55,2026-10-06,4186520,727740,1.5,0,28642705,23800,24310,0,1347,-15470,103935,Short Buildup,Long Unwinding
2026-10-02 10:55,2026-10-06,11296870,2121210,1.2,0,50184680,24000,67405,0,1544.05,-36985,494000,Short Buildup,Long Unwinding
2026-10-02 10:55,2026-10-06,2525770,-767650,0.9,0,10577450,24200,21190,0,1722.4,-14755,88790,Long Unwinding,Long Unwinding
2026-10-02 10:55,2026-10-06,1678300,-723450,0.65,0,5651945,24400,12870,0,1958.1,-11700,55315,Long Unwinding,Long Unwinding
2026-10-02 10:55,2026-10-06,1221610,-952835,0.65,0,4063930,24600,2210,0,2165.75,-1950,17550,Long Unwinding,Long Unwinding
2026-10-02 10:55,2026-10-06,388570,-490685,0.55,0,2396355,24800,13780,0,2371.5,-9100,11310,Long Unwinding,Long Unwinding
2026-10-02 10:55,2026-10-06,2143635,-112775,0.55,0,4829630,25000,16510,0,2551,-15080,99775,Long Unwinding,Long Unwinding
2026-10-02 10:55,2026-10-06,276185,-6175,0.4,0,833170,25200,520,0,2550,0,520,Long Unwinding,N/A
2026-10-02 10:55,2026-10-06,43030,-31330,0.45,0,334100,25400,520,0,2800,0,1560,Long Unwinding,N/A
2026-10-02 10:55,2026-10-06,140660,-73840,0.45,0,619645,25600,130,0,2443.05,-130,0,Long Unwinding,Long Unwinding
2026-10-02 10:55,2026-10-06,558545,58435,0.4,0,1309815,25800,8970,0,2733.5,0,10075,Short Buildup,N/A
2026-10-02 10:55,2026-10-06,0,0,0,0,0,26000,0,0,0,0,0,N/A,N/A
2026-10-02 10:55,2026-10-06,0,0,0,0,0,26200,0,0,0,0,0,N/A,N/A
2026-10-02 10:55,2026-10-06,0,0,0,0,0,26400,0,0,0,0,0,N/A,N/A
2026-10-02 10:55,2026-10-06,0,0,0,0,0,26600,0,0,0,0,0,N/A,N/A
2026-10-02 10:55,2026-10-06,0,0,0,0,0,26800,0,0,0,0,0,N/A,N/A
2026-10-02 10:55,2026-10-06,0,0,0,0,0,27000,0,0,0,0,0,N/A,N/A
2026-10-02 10:55,2026-10-06,0,0,0,0,0,27200,0,0,0,0,0,N/A,N/A
2026-10-02 10:55,2026-10-06,0,0,0,0,0,27400,0,0,0,0,0,N/A,N/A
2026-10-02 10:55,2026-10-06,0,0,0,0,0,27600,0,0,0,0,0,N/A,N/A
2026-10-02 10:55,2026-10-06,0,0,0,0,0,27800,0,0,0,0,0,N/A,N/A
2026-10-02 10:55,2026-10-06,0,0,0,0,0,28000,0,0,0,0,0,N/A,N/A
2026-10-02 10:55,2026-10-06,0,0,0,0,0,28200,0,0,0,0,0,N/A,N/A
2026-10-02 10:55,2026-10-06,0,0,0,0,0,28400,0,0,0,0,0,N/A,N/A
2026-10-02 10:55,2026-10-06,0,0,0,0,0,28600,0,0,0,0,0,N/A,N/A
2026-10-02 10:55,2026-10-06,0,0,0,0,0,28800,0,0,0,0,0,N/A,N/A
2026-10-02 10:55,2026-10-06,0,0,0,0,0,29000,0,0,0,0,0,N/A,N/A
2026-10-02 10:55,2026-10-06,0,0,0,0,0,29200,0,0,0,0,0,N/A,N/A
2026-10-02 11:00,2026-10-06,4160,2210,1446.3,0,3640,21000,49981620,0,1.8,2314130,5712915,Short Buildup,Short Buildup
2026-10-02 11:00,2026-10-06,0,0,0,0,0,21200,27361945,0,2.15,599690,1966445,N/A,Short Buildup
2026-10-02 11:00,2026-10-06,1365,455,1071.95,0,1040,21400,33698015,0,3.3,1302665,3189095,Short Buildup,Short Buildup
2026-10-02 11:00,2026-10-06,3640,1625,834.5,0,11050,21600,42423420,0,4.75,1563575,3059940,Short Buildup,Short Buildup
2026-10-02 11:00,2026-10-06,41600,25155,661.9,0,152425,21800,67213250,0,8,2254200,5577000,Short Buildup,Short Buildup
2026-10-02 11:00,2026-10-06,776425,358995,472.5,0,4854200,22000,138225100,0,19,2877550,10766795,Short Buildup,Short Buildup
2026-10-02 11:00,2026-10-06,863655,738530,297.3,0,19214325,22200,143638300,0,45.1,2326025,6582355,Short Buildup,Short Buildup
2026-10-02 11:00,2026-10-06,3635255,3375255,156.95,0,108326660,22400,176899450,0,103.6,1539915,4369625,Short Buildup,Short Buildup
2026-10-02 11:00,2026-10-06,6140420,3016520,65.85,0,206398270,22600,145398695,0,211.8,-3159585,2630290,Short Buildup,Long Unwinding
2026-10-02 11:00,2026-10-06,9154275,922545,25.1,0,122405855,22800,16041740,0,370.35,-1590420,1834105,Short Buildup,Long Unwinding
2026-10-02 11:00,2026-10-06,14017445,2291120,10.75,0,116966460,23000,4112810,0,557.65,-646230,1689025,Short Buildup,Long Unwinding
2026-10-02 11:00,2026-10-06,9492795,2168725,5.65,0,66838070,23200,654615,0,752.45,-143000,463840,Short Buildup,Long Unwinding
2026-10-02 11:00,2026-10-06,5134350,423150,3.3,0,61153300,23400,305045,0,943.9,-86775,551590,Short Buildup,Long Unwinding
2026-10-02 11:00,2026-10-06,4624230,-1598740,2.05,0,67658305,23600,57135,0,1149.3,-23010,161265,Long Unwinding,Long Unwinding
2026-10-02 11:00,2026-10-06,4186520,727740,1.5,0,28642705,23800,24310,0,1347,-15470,103935,Short Buildup,Long Unwinding
2026-10-02 11:00,2026-10-06,11296870,2121210,1.2,0,50184680,24000,67405,0,1544.05,-36985,494000,Short Buildup,Long Unwinding
2026-10-02 11:00,2026-10-06,2525770,-767650,0.9,0,10577450,24200,21190,0,1722.4,-14755,88790,Long Unwinding,Long Unwinding
2026-10-02 11:00,2026-10-06,1678300,-723450,0.65,0,5651945,24400,12870,0,1958.1,-11700,55315,Long Unwinding,Long Unwinding
2026-10-02 11:00,2026-10-06,1221610,-952835,0.65,0,4063930,24600,2210,0,2165.75,-1950,17550,Long Unwinding,Long Unwinding
2026-10-02 11:00,2026-10-06,388570,-490685,0.55,0,2396355,24800,13780,0,2371.5,-9100,11310,Long Unwinding,Long Unwinding
2026-10-02 11:00,2026-10-06,2143635,-112775,0.55,0,4829630,25000,16510,0,2551,-15080,99775,Long Unwinding,Long Unwinding
2026-10-02 11:00,2026-10-06,276185,-6175,0.4,0,833170,25200,520,0,2550,0,520,Long Unwinding,N/A
2026-10-02 11:00,2026-10-06,43030,-31330,0.45,0,334100,25400,520,0,2800,0,1560,Long Unwinding,N/A
2026-10-02 11:00,2026-10-06,140660,-73840,0.45,0,619645,25600,130,0,2443.05,-130,0,Long Unwinding,Long Unwinding
2026-10-02 11:00,2026-10-06,558545,58435,0.4,0,1309815,25800,8970,0,2733.5,0,10075,Short Buildup,N/A
2026-10-02 11:00,2026-10-06,0,0,0,0,0,26000,0,0,0,0,0,N/A,N/A
2026-10-02 11:00,2026-10-06,0,0,0,0,0,26200,0,0,0,0,0,N/A,N/A
2026-10-02 11:00,2026-10-06,0,0,0,0,0,26400,0,0,0,0,0,N/A,N/A
2026-10-02 11:00,2026-10-06,0,0,0,0,0,26600,0,0,0,0,0,N/A,N/A
2026-10-02 11:00,2026-10-06,0,0,0,0,0,26800,0,0,0,0,0,N/A,N/A
2026-10-02 11:00,2026-10-06,0,0,0,0,0,27000,0,0,0,0,0,N/A,N/A
2026-10-02 11:00,2026-10-06,0,0,0,0,0,27200,0,0,0,0,0,N/A,N/A
2026-10-02 11:00,2026-10-06,0,0,0,0,0,27400,0,0,0,0,0,N/A,N/A
2026-10-02 11:00,2026-10-06,0,0,0,0,0,27600,0,0,0,0,0,N/A,N/A
2026-10-02 11:00,2026-10-06,0,0,0,0,0,27800,0,0,0,0,0,N/A,N/A
2026-10-02 11:00,2026-10-06,0,0,0,0,0,28000,0,0,0,0,0,N/A,N/A
2026-10-02 11:00,2026-10-06,0,0,0,0,0,28200,0,0,0,0,0,N/A,N/A
2026-10-02 11:00,2026-10-06,0,0,0,0,0,28400,0,0,0,0,0,N/A,N/A
2026-10-02 11:00,2026-10-06,0,0,0,0,0,28600,0,0,0,0,0,N/A,N/A
2026-10-02 11:00,2026-10-06,0,0,0,0,0,28800,0,0,0,0,0,N/A,N/A
2026-10-02 11:00,2026-10-06,0,0,0,0,0,29000,0,0,0,0,0,N/A,N/A
2026-10-02 11:00,2026-10-06,0,0,0,0,0,29200,0,0,0,0,0,N/A,N/A
2026-10-02 11:05,2026-10-06,4160,2210,1446.3,0,3640,21000,49981620,0,1.8,2314130,5712915,Short Buildup,Short Buildup
2026-10-02 11:05,2026-10-06,0,0,0,0,0,21200,27361945,0,2.15,599690,1966445,N/A,Short Buildup
2026-10-02 11:05,2026-10-06,1365,455,1071.95,0,1040,21400,33698015,0,3.3,1302665,3189095,Short Buildup,Short Buildup
2026-10-02 11:05,2026-10-06,3640,1625,834.5,0,11050,21600,42423420,0,4.75,1563575,3059940,Short Buildup,Short Buildup
2026-10-02 11:05,2026-10-06,41600,25155,661.9,0,152425,21800,67213250,0,8,2254200,5577000,Short Buildup,Short Buildup
2026-10-02 11:05,2026-10-06,776425,358995,472.5,0,4854200,22000,138225100,0,19,2877550,10766795,Short Buildup,Short Buildup
2026-10-02 11:05,2026-10-06,863655,738530,297.3,0,19214325,22200,143638300,0,45.1,2326025,6582355,Short Buildup,Short Buildup
2026-10-02 11:05,2026-10-06,3635255,3375255,156.95,0,108326660,22400,176899450,0,103.6,1539915,4369625,Short Buildup,Short Buildup
2026-10-02 11:05,2026-10-06,6140420,3016520,65.85,0,206398270,22600,145398695,0,211.8,-3159585,2630290,Short Buildup,Long Unwinding
2026-10-02 11:05,2026-10-06,9154275,922545,25.1,0,122405855,22800,16041740,0,370.35,-1590420,1834105,Short Buildup,Long Unwinding
2026-10-02 11:05,2026-10-06,14017445,2291120,10.75,0,116966460,23000,4112810,0,557.65,-646230,1689025,Short Buildup,Long Unwinding
2026-10-02 11:05,2026-10-06,9492795,2168725,5.65,0,66838070,23200,654615,0,752.45,-143000,463840,Short Buildup,Long Unwinding
2026-10-02 11:05,2026-10-06,5134350,423150,3.3,0,61153300,23400,305045,0,943.9,-86775,551590,Short Buildup,Long Unwinding
2026-10-02 11:05,2026-10-06,4624230,-1598740,2.05,0,67658305,23600,57135,0,1149.3,-23010,161265,Long Unwinding,Long Unwinding
2026-10-02 11:05,2026-10-06,4186520,727740,1.5,0,28642705,23800,24310,0,1347,-15470,103935,Short Buildup,Long Unwinding
2026-10-02 11:05,2026-10-06,11296870,2121210,1.2,0,50184680,24000,67405,0,1544.05,-36985,494000,Short Buildup,Long Unwinding
2026-10-02 11:05,2026-10-06,2525770,-767650,0.9,0,10577450,24200,21190,0,1722.4,-14755,88790,Long Unwinding,Long Unwinding
2026-10-02 11:05,2026-10-06,1678300,-723450,0.65,0,5651945,24400,12870,0,1958.1,-11700,55315,Long Unwinding,Long Unwinding
2026-10-02 11:05,2026-10-06,1221610,-952835,0.65,0,4063930,24600,2210,0,2165.75,-1950,17550,Long Unwinding,Long Unwinding
2026-10-02 11:05,2026-10-06,388570,-490685,0.55,0,2396355,24800,13780,0,2371.5,-9100,11310,Long Unwinding,Long Unwinding
2026-10-02 11:05,2026-10-06,2143635,-112775,0.55,0,4829630,25000,16510,0,2551,-15080,99775,Long Unwinding,Long Unwinding
2026-10-02 11:05,2026-10-06,276185,-6175,0.4,0,833170,25200,520,0,2550,0,520,Long Unwinding,N/A
2026-10-02 11:05,2026-10-06,43030,-31330,0.45,0,334100,25400,520,0,2800,0,1560,Long Unwinding,N/A
2026-10-02 11:05,2026-10-06,140660,-73840,0.45,0,619645,25600,130,0,2443.05,-130,0,Long Unwinding,Long Unwinding
2026-10-02 11:05,2026-10-06,558545,58435,0.4,0,1309815,25800,8970,0,2733.5,0,10075,Short Buildup,N/A
2026-10-02 11:05,2026-10-06,0,0,0,0,0,26000,0,0,0,0,0,N/A,N/A
2026-10-02 11:05,2026-10-06,0,0,0,0,0,26200,0,0,0,0,0,N/A,N/A
2026-10-02 11:05,2026-10-06,0,0,0,0,0,26400,0,0,0,0,0,N/A,N/A
2026-10-02 11:05,2026-10-06,0,0,0,0,0,26600,0,0,0,0,0,N/A,N/A
2026-10-02 11:05,2026-10-06,0,0,0,0,0,26800,0,0,0,0,0,N/A,N/A
2026-10-02 11:05,2026-10-06,0,0,0,0,0,27000,0,0,0,0,0,N/A,N/A
2026-10-02 11:05,2026-10-06,0,0,0,0,0,27200,0,0,0,0,0,N/A,N/A
2026-10-02 11:05,2026-10-06,0,0,0,0,0,27400,0,0,0,0,0,N/A,N/A
2026-10-02 11:05,2026-10-06,0,0,0,0,0,27600,0,0,0,0,0,N/A,N/A
2026-10-02 11:05,2026-10-06,0,0,0,0,0,27800,0,0,0,0,0,N/A,N/A
2026-10-02 11:05,2026-10-06,0,0,0,0,0,28000,0,0,0,0,0,N/A,N/A
2026-10-02 11:05,2026-10-06,0,0,0,0,0,28200,0,0,0,0,0,N/A,N/A
2026-10-02 11:05,2026-10-06,0,0,0,0,0,28400,0,0,0,0,0,N/A,N/A
2026-10-02 11:05,2026-10-06,0,0,0,0,0,28600,0,0,0,0,0,N/A,N/A
2026-10-02 11:05,2026-10-06,0,0,0,0,0,28800,0,0,0,0,0,N/A,N/A
2026-10-02 11:05,2026-10-06,0,0,0,0,0,29000,0,0,0,0,0,N/A,N/A
2026-10-02 11:05,2026-10-06,0,0,0,0,0,29200,0,0,0,0,0,N/A,N/A
2026-10-02 11:10,2026-10-06,4160,2210,1446.3,0,3640,21000,49981620,0,1.8,2314130,5712915,Short Buildup,Short Buildup
2026-10-02 11:10,2026-10-06,0,0,0,0,0,21200,27361945,0,2.15,599690,1966445,N/A,Short Buildup
2026-10-02 11:10,2026-10-06,1365,455,1071.95,0,1040,21400,33698015,0,3.3,1302665,3189095,Short Buildup,Short Buildup
2026-10-02 11:10,2026-10-06,3640,1625,834.5,0,11050,21600,42423420,0,4.75,1563575,3059940,Short Buildup,Short Buildup
2026-10-02 11:10,2026-10-06,41600,25155,661.9,0,152425,21800,67213250,0,8,2254200,5577000,Short Buildup,Short Buildup
2026-10-02 11:10,2026-10-06,776425,358995,472.5,0,4854200,22000,138225100,0,19,2877550,10766795,Short Buildup,Short Buildup
2026-10-02 11:10,2026-10-06,863655,738530,297.3,0,19214325,22200,143638300,0,45.1,2326025,6582355,Short Buildup,Short Buildup
2026-10-02 11:10,2026-10-06,3635255,3375255,156.95,0,108326660,22400,176899450,0,103.6,1539915,4369625,Short Buildup,Short Buildup
2026-10-02 11:10,2026-10-06,6140420,3016520,65.85,0,206398270,22600,145398695,0,211.8,-3159585,2630290,Short Buildup,Long Unwinding
2026-10-02 11:10,2026-10-06,9154275,922545,25.1,0,122405855,22800,16041740,0,370.35,-1590420,1834105,Short Buildup,Long Unwinding
2026-10-02 11:10,2026-10-06,14017445,2291120,10.75,0,116966460,23000,4112810,0,557.65,-646230,1689025,Short Buildup,Long Unwinding
2026-10-02 11:10,2026-10-06,9492795,2168725,5.65,0,66838070,23200,654615,0,752.45,-143000,463840,Short Buildup,Long Unwinding
2026-10-02 11:10,2026-10-06,5134350,423150,3.3,0,61153300,23400,305045,0,943.9,-86775,551590,Short Buildup,Long Unwinding
2026-10-02 11:10,2026-10-06,4624230,-1598740,2.05,0,67658305,23600,57135,0,1149.3,-23010,161265,Long Unwinding,Long Unwinding
2026-10-02 11:10,2026-10-06,4186520,727740,1.5,0,28642705,23800,24310,0,1347,-15470,103935,Short Buildup,Long Unwinding
2026-10-02 11:10,2026-10-06,11296870,2121210,1.2,0,50184680,24000,67405,0,1544.05,-36985,494000,Short Buildup,Long Unwinding
2026-10-02 11:10,2026-10-06,2525770,-767650,0.9,0,10577450,24200,21190,0,1722.4,-14755,88790,Long Unwinding,Long Unwinding
2026-10-02 11:10,2026-10-06,1678300,-723450,0.65,0,5651945,24400,12870,0,1958.1,-11700,55315,Long Unwinding,Long Unwinding
2026-10-02 11:10,2026-10-06,1221610,-952835,0.65,0,4063930,24600,2210,0,2165.75,-1950,17550,Long Unwinding,Long Unwinding
2026-10-02 11:10,2026-10-06,388570,-490685,0.55,0,2396355,24800,13780,0,2371.5,-9100,11310,Long Unwinding,Long Unwinding
2026-10-02 11:10,2026-10-06,2143635,-112775,0.55,0,4829630,25000,16510,0,2551,-15080,99775,Long Unwinding,Long Unwinding
2026-10-02 11:10,2026-10-06,276185,-6175,0.4,0,833170,25200,520,0,2550,0,520,Long Unwinding,N/A
2026-10-02 11:10,2026-10-06,43030,-31330,0.45,0,334100,25400,520,0,2800,0,1560,Long Unwinding,N/A
2026-10-02 11:10,2026-10-06,140660,-73840,0.45,0,619645,25600,130,0,2443.05,-130,0,Long Unwinding,Long Unwinding
2026-10-02 11:10,2026-10-06,558545,58435,0.4,0,1309815,25800,8970,0,2733.5,0,10075,Short Buildup,N/A
2026-10-02 11:10,2026-10-06,0,0,0,0,0,26000,0,0,0,0,0,N/A,N/A
2026-10-02 11:10,2026-10-06,0,0,0,0,0,26200,0,0,0,0,0,N/A,N/A
2026-10-02 11:10,2026-10-06,0,0,0,0,0,26400,0,0,0,0,0,N/A,N/A
2026-10-02 11:10,2026-10-06,0,0,0,0,0,26600,0,0,0,0,0,N/A,N/A
2026-10-02 11:10,2026-10-06,0,0,0,0,0,26800,0,0,0,0,0,N/A,N/A
2026-10-02 11:10,2026-10-06,0,0,0,0,0,27000,0,0,0,0,0,N/A,N/A
2026-10-02 11:10,2026-10-06,0,0,0,0,0,27200,0,0,0,0,0,N/A,N/A
2026-10-02 11:10,2026-10-06,0,0,0,0,0,27400,0,0,0,0,0,N/A,N/A
2026-10-02 11:10,2026-10-06,0,0,0,0,0,27600,0,0,0,0,0,N/A,N/A
2026-10-02 11:10,2026-10-06,0,0,0,0,0,27800,0,0,0,0,0,N/A,N/A
2026-10-02 11:10,2026-10-06,0,0,0,0,0,28000,0,0,0,0,0,N/A,N/A
2026-10-02 11:10,2026-10-06,0,0,0,0,0,28200,0,0,0,0,0,N/A,N/A
2026-10-02 11:10,2026-10-06,0,0,0,0,0,28400,0,0,0,0,0,N/A,N/A
2026-10-02 11:10,2026-10-06,0,0,0,0,0,28600,0,0,0,0,0,N/A,N/A
2026-10-02 11:10,2026-10-06,0,0,0,0,0,28800,0,0,0,0,0,N/A,N/A
2026-10-02 11:10,2026-10-06,0,0,0,0,0,29000,0,0,0,0,0,N/A,N/A
2026-10-02 11:10,2026-10-06,0,0,0,0,0,29200,0,0,0,0,0,N/A,N/A
2026-10-02 11:15,2026-10-06,4160,2210,1446.3,0,3640,21000,49981620,0,1.8,2314130,5712915,Short Buildup,Short Buildup
2026-10-02 11:15,2026-10-06,0,0,0,0,0,21200,27361945,0,2.15,599690,1966445,N/A,Short Buildup
2026-10-02 11:15,2026-10-06,1365,455,1071.95,0,1040,21400,33698015,0,3.3,1302665,3189095,Short Buildup,Short Buildup
2026-10-02 11:15,2026-10-06,3640,1625,834.5,0,11050,21600,42423420,0,4.75,1563575,3059940,Short Buildup,Short Buildup
2026-10-02 11:15,2026-10-06,41600,25155,661.9,0,152425,21800,67213250,0,8,2254200,5577000,Short Buildup,Short Buildup
2026-10-02 11:15,2026-10-06,776425,358995,472.5,0,4854200,22000,138225100,0,19,2877550,10766795,Short Buildup,Short Buildup
2026-10-02 11:15,2026-10-06,863655,738530,297.3,0,19214325,22200,143638300,0,45.1,2326025,6582355,Short Buildup,Short Buildup
2026-10-02 11:15,2026-10-06,3635255,3375255,156.95,0,108326660,22400,176899450,0,103.6,1539915,4369625,Short Buildup,Short Buildup
2026-10-02 11:15,2026-10-06,6140420,3016520,65.85,0,206398270,22600,145398695,0,211.8,-3159585,2630290,Short Buildup,Long Unwinding
2026-10-02 11:15,2026-10-06,9154275,922545,25.1,0,122405855,22800,16041740,0,370.35,-1590420,1834105,Short Buildup,Long Unwinding
2026-10-02 11:15,2026-10-06,14017445,2291120,10.75,0,116966460,23000,4112810,0,557.65,-646230,1689025,Short Buildup,Long Unwinding
2026-10-02 11:15,2026-10-06,9492795,2168725,5.65,0,66838070,23200,654615,0,752.45,-143000,463840,Short Buildup,Long Unwinding
2026-10-02 11:15,2026-10-06,5134350,423150,3.3,0,61153300,23400,305045,0,943.9,-86775,551590,Short Buildup,Long Unwinding
2026-10-02 11:15,2026-10-06,4624230,-1598740,2.05,0,67658305,23600,57135,0,1149.3,-23010,161265,Long Unwinding,Long Unwinding
2026-10-02 11:15,2026-10-06,4186520,727740,1.5,0,28642705,23800,24310,0,1347,-15470,103935,Short Buildup,Long Unwinding
2026-10-02 11:15,2026-10-06,11296870,2121210,1.2,0,50184680,24000,67405,0,1544.05,-36985,494000,Short Buildup,Long Unwinding
2026-10-02 11:15,2026-10-06,2525770,-767650,0.9,0,10577450,24200,21190,0,1722.4,-14755,88790,Long Unwinding,Long Unwinding
2026-10-02 11:15,2026-10-06,1678300,-723450,0.65,0,5651945,24400,12870,0,1958.1,-11700,55315,Long Unwinding,Long Unwinding
2026-10-02 11:15,2026-10-06,1221610,-952835,0.65,0,4063930,24600,2210,0,2165.75,-1950,17550,Long Unwinding,Long Unwinding
2026-10-02 11:15,2026-10-06,388570,-490685,0.55,0,2396355,24800,13780,0,2371.5,-9100,11310,Long Unwinding,Long Unwinding
2026-10-02 11:15,2026-10-06,2143635,-112775,0.55,0,4829630,25000,16510,0,2551,-15080,99775,Long Unwinding,Long Unwinding
2026-10-02 11:15,2026-10-06,276185,-6175,0.4,0,833170,25200,520,0,2550,0,520,Long Unwinding,N/A
2026-10-02 11:15,2026-10-06,43030,-31330,0.45,0,334100,25400,520,0,2800,0,1560,Long Unwinding,N/A
2026-10-02 11:15,2026-10-06,140660,-73840,0.45,0,619645,25600,130,0,2443.05,-130,0,Long Unwinding,Long Unwinding
2026-10-02 11:15,2026-10-06,558545,58435,0.4,0,1309815,25800,8970,0,2733.5,0,10075,Short Buildup,N/A
2026-10-02 11:15,2026-10-06,0,0,0,0,0,26000,0,0,0,0,0,N/A,N/A
2026-10-02 11:15,2026-10-06,0,0,0,0,0,26200,0,0,0,0,0,N/A,N/A
2026-10-02 11:15,2026-10-06,0,0,0,0,0,26400,0,0,0,0,0,N/A,N/A
2026-10-02 11:15,2026-10-06,0,0,0,0,0,26600,0,0,0,0,0,N/A,N/A
2026-10-02 11:15,2026-10-06,0,0,0,0,0,26800,0,0,0,0,0,N/A,N/A
2026-10-02 11:15,2026-10-06,0,0,0,0,0,27000,0,0,0,0,0,N/A,N/A
2026-10-02 11:15,2026-10-06,0,0,0,0,0,27200,0,0,0,0,0,N/A,N/A
2026-10-02 11:15,2026-10-06,0,0,0,0,0,27400,0,0,0,0,0,N/A,N/A
2026-10-02 11:15,2026-10-06,0,0,0,0,0,27600,0,0,0,0,0,N/A,N/A
2026-10-02 11:15,2026-10-06,0,0,0,0,0,27800,0,0,0,0,0,N/A,N/A
2026-10-02 11:15,2026-10-06,0,0,0,0,0,28000,0,0,0,0,0,N/A,N/A
2026-10-02 11:15,2026-10-06,0,0,0,0,0,28200,0,0,0,0,0,N/A,N/A
2026-10-02 11:15,2026-10-06,0,0,0,0,0,28400,0,0,0,0,0,N/A,N/A
2026-10-02 11:15,2026-10-06,0,0,0,0,0,28600,0,0,0,0,0,N/A,N/A
2026-10-02 11:15,2026-10-06,0,0,0,0,0,28800,0,0,0,0,0,N/A,N/A
2026-10-02 11:15,2026-10-06,0,0,0,0,0,29000,0,0,0,0,0,N/A,N/A
2026-10-02 11:15,2026-10-06,0,0,0,0,0,29200,0,0,0,0,0,N/A,N/A
2026-10-02 11:20,2026-10-06,4160,2210,1446.3,0,3640,21000,49981620,0,1.8,2314130,5712915,Short Buildup,Short Buildup
2026-10-02 11:20,2026-10-06,0,0,0,0,0,21200,27361945,0,2.15,599690,1966445,N/A,Short Buildup
2026-10-02 11:20,2026-10-06,1365,455,1071.95,0,1040,21400,33698015,0,3.3,1302665,3189095,Short Buildup,Short Buildup
2026-10-02 11:20,2026-10-06,3640,1625,834.5,0,11050,21600,42423420,0,4.75,1563575,3059940,Short Buildup,Short Buildup
2026-10-02 11:20,2026-10-06,41600,25155,661.9,0,152425,21800,67213250,0,8,2254200,5577000,Short Buildup,Short Buildup
2026-10-02 11:20,2026-10-06,776425,358995,472.5,0,4854200,22000,138225100,0,19,2877550,10766795,Short Buildup,Short Buildup
2026-10-02 11:20,2026-10-06,863655,738530,297.3,0,19214325,22200,143638300,0,45.1,2326025,6582355,Short Buildup,Short Buildup
2026-10-02 11:20,2026-10-06,3635255,3375255,156.95,0,108326660,22400,176899450,0,103.6,1539915,4369625,Short Buildup,Short Buildup
2026-10-02 11:20,2026-10-06,6140420,3016520,65.85,0,206398270,22600,145398695,0,211.8,-3159585,2630290,Short Buildup,Long Unwinding
2026-10-02 11:20,2026-10-06,9154275,922545,25.1,0,122405855,22800,16041740,0,370.35,-1590420,1834105,Short Buildup,Long Unwinding
2026-10-02 11:20,2026-10-06,14017445,2291120,10.75,0,116966460,23000,4112810,0,557.65,-646230,1689025,Short Buildup,Long Unwinding
2026-10-02 11:20,2026-10-06,9492795,2168725,5.65,0,66838070,23200,654615,0,752.45,-143000,463840,Short Buildup,Long Unwinding
2026-10-02 11:20,2026-10-06,5134350,423150,3.3,0,61153300,23400,305045,0,943.9,-86775,551590,Short Buildup,Long Unwinding
2026-10-02 11:20,2026-10-06,4624230,-1598740,2.05,0,67658305,23600,57135,0,1149.3,-23010,161265,Long Unwinding,Long Unwinding
2026-10-02 11:20,2026-10-06,4186520,727740,1.5,0,28642705,23800,24310,0,1347,-15470,103935,Short Buildup,Long Unwinding
2026-10-02 11:20,2026-10-06,11296870,2121210,1.2,0,50184680,24000,67405,0,1544.05,-36985,494000,Short Buildup,Long Unwinding
2026-10-02 11:20,2026-10-06,2525770,-767650,0.9,0,10577450,24200,21190,0,1722.4,-14755,88790,Long Unwinding,Long Unwinding
2026-10-02 11:20,2026-10-06,1678300,-723450,0.65,0,5651945,24400,12870,0,1958.1,-11700,55315,Long Unwinding,Long Unwinding
2026-10-02 11:20,2026-10-06,1221610,-952835,0.65,0,4063930,24600,2210,0,2165.75,-1950,17550,Long Unwinding,Long Unwinding
2026-10-02 11:20,2026-10-06,388570,-490685,0.55,0,2396355,24800,13780,0,2371.5,-9100,11310,Long Unwinding,Long Unwinding
2026-10-02 11:20,2026-10-06,2143635,-112775,0.55,0,4829630,25000,16510,0,2551,-15080,99775,Long Unwinding,Long Unwinding
2026-10-02 11:20,2026-10-06,276185,-6175,0.4,0,833170,25200,520,0,2550,0,520,Long Unwinding,N/A
2026-10-02 11:20,2026-10-06,43030,-31330,0.45,0,334100,25400,520,0,2800,0,1560,Long Unwinding,N/A
2026-10-02 11:20,2026-10-06,140660,-73840,0.45,0,619645,25600,130,0,2443.05,-130,0,Long Unwinding,Long Unwinding
2026-10-02 11:20,2026-10-06,558545,58435,0.4,0,1309815,25800,8970,0,2733.5,0,10075,Short Buildup,N/A
2026-10-02 11:20,2026-10-06,0,0,0,0,0,26000,0,0,0,0,0,N/A,N/A
2026-10-02 11:20,2026-10-06,0,0,0,0,0,26200,0,0,0,0,0,N/A,N/A
2026-10-02 11:20,2026-10-06,0,0,0,0,0,26400,0,0,0,0,0,N/A,N/A
2026-10-02 11:20,2026-10-06,0,0,0,0,0,26600,0,0,0,0,0,N/A,N/A
2026-10-02 11:20,2026-10-06,0,0,0,0,0,26800,0,0,0,0,0,N/A,N/A
2026-10-02 11:20,2026-10-06,0,0,0,0,0,27000,0,0,0,0,0,N/A,N/A
2026-10-02 11:20,2026-10-06,0,0,0,0,0,27200,0,0,0,0,0,N/A,N/A
2026-10-02 11:20,2026-10-06,0,0,0,0,0,27400,0,0,0,0,0,N/A,N/A
2026-10-02 11:20,2026-10-06,0,0,0,0,0,27600,0,0,0,0,0,N/A,N/A
2026-10-02 11:20,2026-10-06,0,0,0,0,0,27800,0,0,0,0,0,N/A,N/A
2026-10-02 11:20,2026-10-06,0,0,0,0,0,28000,0,0,0,0,0,N/A,N/A
2026-10-02 11:20,2026-10-06,0,0,0,0,0,28200,0,0,0,0,0,N/A,N/A
2026-10-02 11:20,2026-10-06,0,0,0,0,0,28400,0,0,0,0,0,N/A,N/A
2026-10-02 11:20,2026-10-06,0,0,0,0,0,28600,0,0,0,0,0,N/A,N/A
2026-10-02 11:20,2026-10-06,0,0,0,0,0,28800,0,0,0,0,0,N/A,N/A
2026-10-02 11:20,2026-10-06,0,0,0,0,0,29000,0,0,0,0,0,N/A,N/A
2026-10-02 11:20,2026-10-06,0,0,0,0,0,29200,0,0,0,0,0,N/A,N/A
2026-10-02 11:25,2026-10-06,4160,2210,1446.3,0,3640,21000,49981620,0,1.8,2314130,5712915,Short Buildup,Short Buildup
2026-10-02 11:25,2026-10-06,0,0,0,0,0,21200,27361945,0,2.15,599690,1966445,N/A,Short Buildup
2026-10-02 11:25,2026-10-06,1365,455,1071.95,0,1040,21400,33698015,0,3.3,1302665,3189095,Short Buildup,Short Buildup
2026-10-02 11:25,2026-10-06,3640,1625,834.5,0,11050,21600,42423420,0,4.75,1563575,3059940,Short Buildup,Short Buildup
2026-10-02 11:25,2026-10-06,41600,25155,661.9,0,152425,21800,67213250,0,8,2254200,5577000,Short Buildup,Short Buildup
2026-10-02 11:25,2026-10-06,776425,358995,472.5,0,4854200,22000,138225100,0,19,2877550,10766795,Short Buildup,Short Buildup
2026-10-02 11:25,2026-10-06,863655,738530,297.3,0,19214325,22200,143638300,0,45.1,2326025,6582355,Short Buildup,Short Buildup
2026-10-02 11:25,2026-10-06,3635255,3375255,156.95,0,108326660,22400,176899450,0,103.6,1539915,4369625,Short Buildup,Short Buildup
2026-10-02 11:25,2026-10-06,6140420,3016520,65.85,0,206398270,22600,145398695,0,211.8,-3159585,2630290,Short Buildup,Long Unwinding
2026-10-02 11:25,2026-10-06,9154275,922545,25.1,0,122405855,22800,16041740,0,370.35,-1590420,1834105,Short Buildup,Long Unwinding
2026-10-02 11:25,2026-10-06,14017445,2291120,10.75,0,116966460,23000,4112810,0,557.65,-646230,1689025,Short Buildup,Long Unwinding
2026-10-02 11:25,2026-10-06,9492795,2168725,5.65,0,66838070,23200,654615,0,752.45,-143000,463840,Short Buildup,Long Unwinding
2026-10-02 11:25,2026-10-06,5134350,423150,3.3,0,61153300,23400,305045,0,943.9,-86775,551590,Short Buildup,Long Unwinding
2026-10-02 11:25,2026-10-06,4624230,-1598740,2.05,0,67658305,23600,57135,0,1149.3,-23010,161265,Long Unwinding,Long Unwinding
2026-10-02 11:25,2026-10-06,4186520,727740,1.5,0,28642705,23800,24310,0,1347,-15470,103935,Short Buildup,Long Unwinding
2026-10-02 11:25,2026-10-06,11296870,2121210,1.2,0,50184680,24000,67405,0,1544.05,-36985,494000,Short Buildup,Long Unwinding
2026-10-02 11:25,2026-10-06,2525770,-767650,0.9,0,10577450,24200,21190,0,1722.4,-14755,88790,Long Unwinding,Long Unwinding
2026-10-02 11:25,2026-10-06,1678300,-723450,0.65,0,5651945,24400,12870,0,1958.1,-11700,55315,Long Unwinding,Long Unwinding
2026-10-02 11:25,2026-10-06,1221610,-952835,0.65,0,4063930,24600,2210,0,2165.75,-1950,17550,Long Unwinding,Long Unwinding
2026-10-02 11:25,2026-10-06,388570,-490685,0.55,0,2396355,24800,13780,0,2371.5,-9100,11310,Long Unwinding,Long Unwinding
2026-10-02 11:25,2026-10-06,2143635,-112775,0.55,0,4829630,25000,16510,0,2551,-15080,99775,Long Unwinding,Long Unwinding
2026-10-02 11:25,2026-10-06,276185,-6175,0.4,0,833170,25200,520,0,2550,0,520,Long Unwinding,N/A
2026-10-02 11:25,2026-10-06,43030,-31330,0.45,0,334100,25400,520,0,2800,0,1560,Long Unwinding,N/A
2026-10-02 11:25,2026-10-06,140660,-73840,0.45,0,619645,25600,130,0,2443.05,-130,0,Long Unwinding,Long Unwinding
2026-10-02 11:25,2026-10-06,558545,58435,0.4,0,1309815,25800,8970,0,2733.5,0,10075,Short Buildup,N/A
2026-10-02 11:25,2026-10-06,0,0,0,0,0,26000,0,0,0,0,0,N/A,N/A
2026-10-02 11:25,2026-10-06,0,0,0,0,0,26200,0,0,0,0,0,N/A,N/A
2026-10-02 11:25,2026-10-06,0,0,0,0,0,26400,0,0,0,0,0,N/A,N/A
2026-10-02 11:25,2026-10-06,0,0,0,0,0,26600,0,0,0,0,0,N/A,N/A
2026-10-02 11:25,2026-10-06,0,0,0,0,0,26800,0,0,0,0,0,N/A,N/A
2026-10-02 11:25,2026-10-06,0,0,0,0,0,27000,0,0,0,0,0,N/A,N/A
2026-10-02 11:25,2026-10-06,0,0,0,0,0,27200,0,0,0,0,0,N/A,N/A
2026-10-02 11:25,2026-10-06,0,0,0,0,0,27400,0,0,0,0,0,N/A,N/A
2026-10-02 11:25,2026-10-06,0,0,0,0,0,27600,0,0,0,0,0,N/A,N/A
2026-10-02 11:25,2026-10-06,0,0,0,0,0,27800,0,0,0,0,0,N/A,N/A
2026-10-02 11:25,2026-10-06,0,0,0,0,0,28000,0,0,0,0,0,N/A,N/A
2026-10-02 11:25,2026-10-06,0,0,0,0,0,28200,0,0,0,0,0,N/A,N/A
2026-10-02 11:25,2026-10-06,0,0,0,0,0,28400,0,0,0,0,0,N/A,N/A
2026-10-02 11:25,2026-10-06,0,0,0,0,0,28600,0,0,0,0,0,N/A,N/A
2026-10-02 11:25,2026-10-06,0,0,0,0,0,28800,0,0,0,0,0,N/A,N/A
2026-10-02 11:25,2026-10-06,0,0,0,0,0,29000,0,0,0,0,0,N/A,N/A
2026-10-02 11:25,2026-10-06,0,0,0,0,0,29200,0,0,0,0,0,N/A,N/A
2026-10-02 11:30,2026-10-06,4160,2210,1446.3,0,3640,21000,49981620,0,1.8,2314130,5712915,Short Buildup,Short Buildup
2026-10-02 11:30,2026-10-06,0,0,0,0,0,21200,27361945,0,2.15,599690,1966445,N/A,Short Buildup
2026-10-02 11:30,2026-10-06,1365,455,1071.95,0,1040,21400,33698015,0,3.3,1302665,3189095,Short Buildup,Short Buildup
2026-10-02 11:30,2026-10-06,3640,1625,834.5,0,11050,21600,42423420,0,4.75,1563575,3059940,Short Buildup,Short Buildup
2026-10-02 11:30,2026-10-06,41600,25155,661.9,0,152425,21800,67213250,0,8,2254200,5577000,Short Buildup,Short Buildup
2026-10-02 11:30,2026-10-06,776425,358995,472.5,0,4854200,22000,138225100,0,19,2877550,10766795,Short Buildup,Short Buildup
2026-10-02 11:30,2026-10-06,863655,738530,297.3,0,19214325,22200,143638300,0,45.1,2326025,6582355,Short Buildup,Short Buildup
2026-10-02 11:30,2026-10-06,3635255,3375255,156.95,0,108326660,22400,176899450,0,103.6,1539915,4369625,Short Buildup,Short Buildup
2026-10-02 11:30,2026-10-06,6140420,3016520,65.85,0,206398270,22600,145398695,0,211.8,-3159585,2630290,Short Buildup,Long Unwinding
2026-10-02 11:30,2026-10-06,9154275,922545,25.1,0,122405855,22800,16041740,0,370.35,-1590420,1834105,Short Buildup,Long Unwinding
2026-10-02 11:30,2026-10-06,14017445,2291120,10.75,0,116966460,23000,4112810,0,557.65,-646230,1689025,Short Buildup,Long Unwinding
2026-10-02 11:30,2026-10-06,9492795,2168725,5.65,0,66838070,23200,654615,0,752.45,-143000,463840,Short Buildup,Long Unwinding
2026-10-02 11:30,2026-10-06,5134350,423150,3.3,0,61153300,23400,305045,0,943.9,-86775,551590,Short Buildup,Long Unwinding
2026-10-02 11:30,2026-10-06,4624230,-1598740,2.05,0,67658305,23600,57135,0,1149.3,-23010,161265,Long Unwinding,Long Unwinding
2026-10-02 11:30,2026-10-06,4186520,727740,1.5,0,28642705,23800,24310,0,1347,-15470,103935,Short Buildup,Long Unwinding
2026-10-02 11:30,2026-10-06,11296870,2121210,1.2,0,50184680,24000,67405,0,1544.05,-36985,494000,Short Buildup,Long Unwinding
2026-10-02 11:30,2026-10-06,2525770,-767650,0.9,0,10577450,24200,21190,0,1722.4,-14755,88790,Long Unwinding,Long Unwinding
2026-10-02 11:30,2026-10-06,1678300,-723450,0.65,0,5651945,24400,12870,0,1958.1,-11700,55315,Long Unwinding,Long Unwinding
2026-10-02 11:30,2026-10-06,1221610,-952835,0.65,0,4063930,24600,2210,0,2165.75,-1950,17550,Long Unwinding,Long Unwinding
2026-10-02 11:30,2026-10-06,388570,-490685,0.55,0,2396355,24800,13780,0,2371.5,-9100,11310,Long Unwinding,Long Unwinding
2026-10-02 11:30,2026-10-06,2143635,-112775,0.55,0,4829630,25000,16510,0,2551,-15080,99775,Long Unwinding,Long Unwinding
2026-10-02 11:30,2026-10-06,276185,-6175,0.4,0,833170,25200,520,0,2550,0,520,Long Unwinding,N/A
2026-10-02 11:30,2026-10-06,43030,-31330,0.45,0,334100,25400,520,0,2800,0,1560,Long Unwinding,N/A
2026-10-02 11:30,2026-10-06,140660,-73840,0.45,0,619645,25600,130,0,2443.05,-130,0,Long Unwinding,Long Unwinding
2026-10-02 11:30,2026-10-06,558545,58435,0.4,0,1309815,25800,8970,0,2733.5,0,10075,Short Buildup,N/A
2026-10-02 11:30,2026-10-06,0,0,0,0,0,26000,0,0,0,0,0,N/A,N/A
2026-10-02 11:30,2026-10-06,0,0,0,0,0,26200,0,0,0,0,0,N/A,N/A
2026-10-02 11:30,2026-10-06,0,0,0,0,0,26400,0,0,0,0,0,N/A,N/A
2026-10-02 11:30,2026-10-06,0,0,0,0,0,26600,0,0,0,0,0,N/A,N/A
2026-10-02 11:30,2026-10-06,0,0,0,0,0,26800,0,0,0,0,0,N/A,N/A
2026-10-02 11:30,2026-10-06,0,0,0,0,0,27000,0,0,0,0,0,N/A,N/A
2026-10-02 11:30,2026-10-06,0,0,0,0,0,27200,0,0,0,0,0,N/A,N/A
2026-10-02 11:30,2026-10-06,0,0,0,0,0,27400,0,0,0,0,0,N/A,N/A
2026-10-02 11:30,2026-10-06,0,0,0,0,0,27600,0,0,0,0,0,N/A,N/A
2026-10-02 11:30,2026-10-06,0,0,0,0,0,27800,0,0,0,0,0,N/A,N/A
2026-10-02 11:30,2026-10-06,0,0,0,0,0,28000,0,0,0,0,0,N/A,N/A
2026-10-02 11:30,2026-10-06,0,0,0,0,0,28200,0,0,0,0,0,N/A,N/A
2026-10-02 11:30,2026-10-06,0,0,0,0,0,28400,0,0,0,0,0,N/A,N/A
2026-10-02 11:30,2026-10-06,0,0,0,0,0,28600,0,0,0,0,0,N/A,N/A
2026-10-02 11:30,2026-10-06,0,0,0,0,0,28800,0,0,0,0,0,N/A,N/A
2026-10-02 11:30,2026-10-06,0,0,0,0,0,29000,0,0,0,0,0,N/A,N/A
2026-10-02 11:30,2026-10-06,0,0,0,0,0,29200,0,0,0,0,0,N/A,N/A
2026-10-02 11:35,2026-10-06,4160,2210,1446.3,0,3640,21000,49981620,0,1.8,2314130,5712915,Short Buildup,Short Buildup
2026-10-02 11:35,2026-10-06,0,0,0,0,0,21200,27361945,0,2.15,599690,1966445,N/A,Short Buildup
2026-10-02 11:35,2026-10-06,1365,455,1071.95,0,1040,21400,33698015,0,3.3,1302665,3189095,Short Buildup,Short Buildup
2026-10-02 11:35,2026-10-06,3640,1625,834.5,0,11050,21600,42423420,0,4.75,1563575,3059940,Short Buildup,Short Buildup
2026-10-02 11:35,2026-10-06,41600,25155,661.9,0,152425,21800,67213250,0,8,2254200,5577000,Short Buildup,Short Buildup
2026-10-02 11:35,2026-10-06,776425,358995,472.5,0,4854200,22000,138225100,0,19,2877550,10766795,Short Buildup,Short Buildup
2026-10-02 11:35,2026-10-06,863655,738530,297.3,0,19214325,22200,143638300,0,45.1,2326025,6582355,Short Buildup,Short Buildup
2026-10-02 11:35,2026-10-06,3635255,3375255,156.95,0,108326660,22400,176899450,0,103.6,1539915,4369625,Short Buildup,Short Buildup
2026-10-02 11:35,2026-10-06,6140420,3016520,65.85,0,206398270,22600,145398695,0,211.8,-3159585,2630290,Short Buildup,Long Unwinding
2026-10-02 11:35,2026-10-06,9154275,922545,25.1,0,122405855,22800,16041740,0,370.35,-1590420,1834105,Short Buildup,Long Unwinding
2026-10-02 11:35,2026-10-06,14017445,2291120,10.75,0,116966460,23000,4112810,0,557.65,-646230,1689025,Short Buildup,Long Unwinding
2026-10-02 11:35,2026-10-06,9492795,2168725,5.65,0,66838070,23200,654615,0,752.45,-143000,463840,Short Buildup,Long Unwinding
2026-10-02 11:35,2026-10-06,5134350,423150,3.3,0,61153300,23400,305045,0,943.9,-86775,551590,Short Buildup,Long Unwinding
2026-10-02 11:35,2026-10-06,4624230,-1598740,2.05,0,67658305,23600,57135,0,1149.3,-23010,161265,Long Unwinding,Long Unwinding
2026-10-02 11:35,2026-10-06,4186520,727740,1.5,0,28642705,23800,24310,0,1347,-15470,103935,Short Buildup,Long Unwinding
2026-10-02 11:35,2026-10-06,11296870,2121210,1.2,0,50184680,24000,67405,0,1544.05,-36985,494000,Short Buildup,Long Unwinding
2026-10-02 11:35,2026-10-06,2525770,-767650,0.9,0,10577450,24200,21190,0,1722.4,-14755,88790,Long Unwinding,Long Unwinding
2026-10-02 11:35,2026-10-06,1678300,-723450,0.65,0,5651945,24400,12870,0,1958.1,-11700,55315,Long Unwinding,Long Unwinding
2026-10-02 11:35,2026-10-06,1221610,-952835,0.65,0,4063930,24600,2210,0,2165.75,-1950,17550,Long Unwinding,Long Unwinding
2026-10-02 11:35,2026-10-06,388570,-490685,0.55,0,2396355,24800,13780,0,2371.5,-9100,11310,Long Unwinding,Long Unwinding
2026-10-02 11:35,2026-10-06,2143635,-112775,0.55,0,4829630,25000,16510,0,2551,-15080,99775,Long Unwinding,Long Unwinding
2026-10-02 11:35,2026-10-06,276185,-6175,0.4,0,833170,25200,520,0,2550,0,520,Long Unwinding,N/A
2026-10-02 11:35,2026-10-06,43030,-31330,0.45,0,334100,25400,520,0,2800,0,1560,Long Unwinding,N/A
2026-10-02 11:35,2026-10-06,140660,-73840,0.45,0,619645,25600,130,0,2443.05,-130,0,Long Unwinding,Long Unwinding
2026-10-02 11:35,2026-10-06,558545,58435,0.4,0,1309815,25800,8970,0,2733.5,0,10075,Short Buildup,N/A
2026-10-02 11:35,2026-10-06,0,0,0,0,0,26000,0,0,0,0,0,N/A,N/A
2026-10-02 11:35,2026-10-06,0,0,0,0,0,26200,0,0,0,0,0,N/A,N/A
2026-10-02 11:35,2026-10-06,0,0,0,0,0,26400,0,0,0,0,0,N/A,N/A
2026-10-02 11:35,2026-10-06,0,0,0,0,0,26600,0,0,0,0,0,N/A,N/A
2026-10-02 11:35,2026-10-06,0,0,0,0,0,26800,0,0,0,0,0,N/A,N/A
2026-10-02 11:35,2026-10-06,0,0,0,0,0,27000,0,0,0,0,0,N/A,N/A
2026-10-02 11:35,2026-10-06,0,0,0,0,0,27200,0,0,0,0,0,N/A,N/A
2026-10-02 11:35,2026-10-06,0,0,0,0,0,27400,0,0,0,0,0,N/A,N/A
2026-10-02 11:35,2026-10-06,0,0,0,0,0,27600,0,0,0,0,0,N/A,N/A
2026-10-02 11:35,2026-10-06,0,0,0,0,0,27800,0,0,0,0,0,N/A,N/A
2026-10-02 11:35,2026-10-06,0,0,0,0,0,28000,0,0,0,0,0,N/A,N/A
2026-10-02 11:35,2026-10-06,0,0,0,0,0,28200,0,0,0,0,0,N/A,N/A
2026-10-02 11:35,2026-10-06,0,0,0,0,0,28400,0,0,0,0,0,N/A,N/A
2026-10-02 11:35,2026-10-06,0,0,0,0,0,28600,0,0,0,0,0,N/A,N/A
2026-10-02 11:35,2026-10-06,0,0,0,0,0,28800,0,0,0,0,0,N/A,N/A
2026-10-02 11:35,2026-10-06,0,0,0,0,0,29000,0,0,0,0,0,N/A,N/A
2026-10-02 11:35,2026-10-06,0,0,0,0,0,29200,0,0,0,0,0,N/A,N/A
2026-10-02 11:40,2026-10-06,4160,2210,1446.3,0,3640,21000,49981620,0,1.8,2314130,5712915,Short Buildup,Short Buildup
2026-10-02 11:40,2026-10-06,0,0,0,0,0,21200,27361945,0,2.15,599690,1966445,N/A,Short Buildup
2026-10-02 11:40,2026-10-06,1365,455,1071.95,0,1040,21400,33698015,0,3.3,1302665,3189095,Short Buildup,Short Buildup
2026-10-02 11:40,2026-10-06,3640,1625,834.5,0,11050,21600,42423420,0,4.75,1563575,3059940,Short Buildup,Short Buildup
2026-10-02 11:40,2026-10-06,41600,25155,661.9,0,152425,21800,67213250,0,8,2254200,5577000,Short Buildup,Short Buildup
2026-10-02 11:40,2026-10-06,776425,358995,472.5,0,4854200,22000,138225100,0,19,2877550,10766795,Short Buildup,Short Buildup
2026-10-02 11:40,2026-10-06,863655,738530,297.3,0,19214325,22200,143638300,0,45.1,2326025,6582355,Short Buildup,Short Buildup
2026-10-02 11:40,2026-10-06,3635255,3375255,156.95,0,108326660,22400,176899450,0,103.6,1539915,4369625,Short Buildup,Short Buildup
2026-10-02 11:40,2026-10-06,6140420,3016520,65.85,0,206398270,22600,145398695,0,211.8,-3159585,2630290,Short Buildup,Long Unwinding
2026-10-02 11:40,2026-10-06,9154275,922545,25.1,0,122405855,22800,16041740,0,370.35,-1590420,1834105,Short Buildup,Long Unwinding
2026-10-02 11:40,2026-10-06,14017445,2291120,10.75,0,116966460,23000,4112810,0,557.65,-646230,1689025,Short Buildup,Long Unwinding
2026-10-02 11:40,2026-10-06,9492795,2168725,5.65,0,66838070,23200,654615,0,752.45,-143000,463840,Short Buildup,Long Unwinding
2026-10-02 11:40,2026-10-06,5134350,423150,3.3,0,61153300,23400,305045,0,943.9,-86775,551590,Short Buildup,Long Unwinding
2026-10-02 11:40,2026-10-06,4624230,-1598740,2.05,0,67658305,23600,57135,0,1149.3,-23010,161265,Long Unwinding,Long Unwinding
2026-10-02 11:40,2026-10-06,4186520,727740,1.5,0,28642705,23800,24310,0,1347,-15470,103935,Short Buildup,Long Unwinding
2026-10-02 11:40,2026-10-06,11296870,2121210,1.2,0,50184680,24000,67405,0,1544.05,-36985,494000,Short Buildup,Long Unwinding
2026-10-02 11:40,2026-10-06,2525770,-767650,0.9,0,10577450,24200,21190,0,1722.4,-14755,88790,Long Unwinding,Long Unwinding
2026-10-02 11:40,2026-10-06,1678300,-723450,0.65,0,5651945,24400,12870,0,1958.1,-11700,55315,Long Unwinding,Long Unwinding
2026-10-02 11:40,2026-10-06,1221610,-952835,0.65,0,4063930,24600,2210,0,2165.75,-1950,17550,Long Unwinding,Long Unwinding
2026-10-02 11:40,2026-10-06,388570,-490685,0.55,0,2396355,24800,13780,0,2371.5,-9100,11310,Long Unwinding,Long Unwinding
2026-10-02 11:40,2026-10-06,2143635,-112775,0.55,0,4829630,25000,16510,0,2551,-15080,99775,Long Unwinding,Long Unwinding
2026-10-02 11:40,2026-10-06,276185,-6175,0.4,0,833170,25200,520,0,2550,0,520,Long Unwinding,N/A
2026-10-02 11:40,2026-10-06,43030,-31330,0.45,0,334100,25400,520,0,2800,0,1560,Long Unwinding,N/A
2026-10-02 11:40,2026-10-06,140660,-73840,0.45,0,619645,25600,130,0,2443.05,-130,0,Long Unwinding,Long Unwinding
2026-10-02 11:40,2026-10-06,558545,58435,0.4,0,1309815,25800,8970,0,2733.5,0,10075,Short Buildup,N/A
2026-10-02 11:40,2026-10-06,0,0,0,0,0,26000,0,0,0,0,0,N/A,N/A
2026-10-02 11:40,2026-10-06,0,0,0,0,0,26200,0,0,0,0,0,N/A,N/A
2026-10-02 11:40,2026-10-06,0,0,0,0,0,26400,0,0,0,0,0,N/A,N/A
2026-10-02 11:40,2026-10-06,0,0,0,0,0,26600,0,0,0,0,0,N/A,N/A
2026-10-02 11:40,2026-10-06,0,0,0,0,0,26800,0,0,0,0,0,N/A,N/A
2026-10-02 11:40,2026-10-06,0,0,0,0,0,27000,0,0,0,0,0,N/A,N/A
2026-10-02 11:40,2026-10-06,0,0,0,0,0,27200,0,0,0,0,0,N/A,N/A
2026-10-02 11:40,2026-10-06,0,0,0,0,0,27400,0,0,0,0,0,N/A,N/A
2026-10-02 11:40,2026-10-06,0,0,0,0,0,27600,0,0,0,0,0,N/A,N/A
2026-10-02 11:40,2026-10-06,0,0,0,0,0,27800,0,0,0,0,0,N/A,N/A
2026-10-02 11:40,2026-10-06,0,0,0,0,0,28000,0,0,0,0,0,N/A,N/A
2026-10-02 11:40,2026-10-06,0,0,0,0,0,28200,0,0,0,0,0,N/A,N/A
2026-10-02 11:40,2026-10-06,0,0,0,0,0,28400,0,0,0,0,0,N/A,N/A
2026-10-02 11:40,2026-10-06,0,0,0,0,0,28600,0,0,0,0,0,N/A,N/A
2026-10-02 11:40,2026-10-06,0,0,0,0,0,28800,0,0,0,0,0,N/A,N/A
2026-10-02 11:40,2026-10-06,0,0,0,0,0,29000,0,0,0,0,0,N/A,N/A
2026-10-02 11:40,2026-10-06,0,0,0,0,0,29200,0,0,0,0,0,N/A,N/A
2026-10-02 11:45,2026-10-06,4160,2210,1446.3,0,3640,21000,49981620,0,1.8,2314130,5712915,Short Buildup,Short Buildup
2026-10-02 11:45,2026-10-06,0,0,0,0,0,21200,27361945,0,2.15,599690,1966445,N/A,Short Buildup
2026-10-02 11:45,2026-10-06,1365,455,1071.95,0,1040,21400,33698015,0,3.3,1302665,3189095,Short Buildup,Short Buildup
2026-10-02 11:45,2026-10-06,3640,1625,834.5,0,11050,21600,42423420,0,4.75,1563575,3059940,Short Buildup,Short Buildup
2026-10-02 11:45,2026-10-06,41600,25155,661.9,0,152425,21800,67213250,0,8,2254200,5577000,Short Buildup,Short Buildup
2026-10-02 11:45,2026-10-06,776425,358995,472.5,0,4854200,22000,138225100,0,19,2877550,10766795,Short Buildup,Short Buildup
2026-10-02 11:45,2026-10-06,863655,738530,297.3,0,19214325,22200,143638300,0,45.1,2326025,6582355,Short Buildup,Short Buildup
2026-10-02 11:45,2026-10-06,3635255,3375255,156.95,0,108326660,22400,176899450,0,103.6,1539915,4369625,Short Buildup,Short Buildup
2026-10-02 11:45,2026-10-06,6140420,3016520,65.85,0,206398270,22600,145398695,0,211.8,-3159585,2630290,Short Buildup,Long Unwinding
2026-10-02 11:45,2026-10-06,9154275,922545,25.1,0,122405855,22800,16041740,0,370.35,-1590420,1834105,Short Buildup,Long Unwinding
2026-10-02 11:45,2026-10-06,14017445,2291120,10.75,0,116966460,23000,4112810,0,557.65,-646230,1689025,Short Buildup,Long Unwinding
2026-10-02 11:45,2026-10-06,9492795,2168725,5.65,0,66838070,23200,654615,0,752.45,-143000,463840,Short Buildup,Long Unwinding
2026-10-02 11:45,2026-10-06,5134350,423150,3.3,0,61153300,23400,305045,0,943.9,-86775,551590,Short Buildup,Long Unwinding
2026-10-02 11:45,2026-10-06,4624230,-1598740,2.05,0,67658305,23600,57135,0,1149.3,-23010,161265,Long Unwinding,Long Unwinding
2026-10-02 11:45,2026-10-06,4186520,727740,1.5,0,28642705,23800,24310,0,1347,-15470,103935,Short Buildup,Long Unwinding
2026-10-02 11:45,2026-10-06,11296870,2121210,1.2,0,50184680,24000,67405,0,1544.05,-36985,494000,Short Buildup,Long Unwinding
2026-10-02 11:45,2026-10-06,2525770,-767650,0.9,0,10577450,24200,21190,0,1722.4,-14755,88790,Long Unwinding,Long Unwinding
2026-10-02 11:45,2026-10-06,1678300,-723450,0.65,0,5651945,24400,12870,0,1958.1,-11700,55315,Long Unwinding,Long Unwinding
2026-10-02 11:45,2026-10-06,1221610,-952835,0.65,0,4063930,24600,2210,0,2165.75,-1950,17550,Long Unwinding,Long Unwinding
2026-10-02 11:45,2026-10-06,388570,-490685,0.55,0,2396355,24800,13780,0,2371.5,-9100,11310,Long Unwinding,Long Unwinding
2026-10-02 11:45,2026-10-06,2143635,-112775,0.55,0,4829630,25000,16510,0,2551,-15080,99775,Long Unwinding,Long Unwinding
2026-10-02 11:45,2026-10-06,276185,-6175,0.4,0,833170,25200,520,0,2550,0,520,Long Unwinding,N/A
2026-10-02 11:45,2026-10-06,43030,-31330,0.45,0,334100,25400,520,0,2800,0,1560,Long Unwinding,N/A
2026-10-02 11:45,2026-10-06,140660,-73840,0.45,0,619645,25600,130,0,2443.05,-130,0,Long Unwinding,Long Unwinding
2026-10-02 11:45,2026-10-06,558545,58435,0.4,0,1309815,25800,8970,0,2733.5,0,10075,Short Buildup,N/A
2026-10-02 11:45,2026-10-06,0,0,0,0,0,26000,0,0,0,0,0,N/A,N/A
2026-10-02 11:45,2026-10-06,0,0,0,0,0,26200,0,0,0,0,0,N/A,N/A
2026-10-02 11:45,2026-10-06,0,0,0,0,0,26400,0,0,0,0,0,N/A,N/A
2026-10-02 11:45,2026-10-06,0,0,0,0,0,26600,0,0,0,0,0,N/A,N/A
2026-10-02 11:45,2026-10-06,0,0,0,0,0,26800,0,0,0,0,0,N/A,N/A
2026-10-02 11:45,2026-10-06,0,0,0,0,0,27000,0,0,0,0,0,N/A,N/A
2026-10-02 11:45,2026-10-06,0,0,0,0,0,27200,0,0,0,0,0,N/A,N/A
2026-10-02 11:45,2026-10-06,0,0,0,0,0,27400,0,0,0,0,0,N/A,N/A
2026-10-02 11:45,2026-10-06,0,0,0,0,0,27600,0,0,0,0,0,N/A,N/A
2026-10-02 11:45,2026-10-06,0,0,0,0,0,27800,0,0,0,0,0,N/A,N/A
2026-10-02 11:45,2026-10-06,0,0,0,0,0,28000,0,0,0,0,0,N/A,N/A
2026-10-02 11:45,2026-10-06,0,0,0,0,0,28200,0,0,0,0,0,N/A,N/A
2026-10-02 11:45,2026-10-06,0,0,0,0,0,28400,0,0,0,0,0,N/A,N/A
2026-10-02 11:45,2026-10-06,0,0,0,0,0,28600,0,0,0,0,0,N/A,N/A
2026-10-02 11:45,2026-10-06,0,0,0,0,0,28800,0,0,0,0,0,N/A,N/A
2026-10-02 11:45,2026-10-06,0,0,0,0,0,29000,0,0,0,0,0,N/A,N/A
2026-10-02 11:45,2026-10-06,0,0,0,0,0,29200,0,0,0,0,0,N/A,N/A
2026-10-02 11:50,2026-10-06,4160,2210,1446.3,0,3640,21000,49981620,0,1.8,2314130,5712915,Short Buildup,Short Buildup
2026-10-02 11:50,2026-10-06,0,0,0,0,0,21200,27361945,0,2.15,599690,1966445,N/A,Short Buildup
2026-10-02 11:50,2026-10-06,1365,455,1071.95,0,1040,21400,33698015,0,3.3,1302665,3189095,Short Buildup,Short Buildup
2026-10-02 11:50,2026-10-06,3640,1625,834.5,0,11050,21600,42423420,0,4.75,1563575,3059940,Short Buildup,Short Buildup
2026-10-02 11:50,2026-10-06,41600,25155,661.9,0,152425,21800,67213250,0,8,2254200,5577000,Short Buildup,Short Buildup
2026-10-02 11:50,2026-10-06,776425,358995,472.5,0,4854200,22000,138225100,0,19,2877550,10766795,Short Buildup,Short Buildup
2026-10-02 11:50,2026-10-06,863655,738530,297.3,0,19214325,22200,143638300,0,45.1,2326025,6582355,Short Buildup,Short Buildup
2026-10-02 11:50,2026-10-06,3635255,3375255,156.95,0,108326660,22400,176899450,0,103.6,1539915,4369625,Short Buildup,Short Buildup
2026-10-02 11:50,2026-10-06,6140420,3016520,65.85,0,206398270,22600,145398695,0,211.8,-3159585,2630290,Short Buildup,Long Unwinding
2026-10-02 11:50,2026-10-06,9154275,922545,25.1,0,122405855,22800,16041740,0,370.35,-1590420,1834105,Short Buildup,Long Unwinding
2026-10-02 11:50,2026-10-06,14017445,2291120,10.75,0,116966460,23000,4112810,0,557.65,-646230,1689025,Short Buildup,Long Unwinding
2026-10-02 11:50,2026-10-06,9492795,2168725,5.65,0,66838070,23200,654615,0,752.45,-143000,463840,Short Buildup,Long Unwinding
2026-10-02 11:50,2026-10-06,5134350,423150,3.3,0,61153300,23400,305045,0,943.9,-86775,551590,Short Buildup,Long Unwinding
2026-10-02 11:50,2026-10-06,4624230,-1598740,2.05,0,67658305,23600,57135,0,1149.3,-23010,161265,Long Unwinding,Long Unwinding
2026-10-02 11:50,2026-10-06,4186520,727740,1.5,0,28642705,23800,24310,0,1347,-15470,103935,Short Buildup,Long Unwinding
2026-10-02 11:50,2026-10-06,11296870,2121210,1.2,0,50184680,24000,67405,0,1544.05,-36985,494000,Short Buildup,Long Unwinding
2026-10-02 11:50,2026-10-06,2525770,-767650,0.9,0,10577450,24200,21190,0,1722.4,-14755,88790,Long Unwinding,Long Unwinding
2026-10-02 11:50,2026-10-06,1678300,-723450,0.65,0,5651945,24400,12870,0,1958.1,-11700,55315,Long Unwinding,Long Unwinding
2026-10-02 11:50,2026-10-06,1221610,-952835,0.65,0,4063930,24600,2210,0,2165.75,-1950,17550,Long Unwinding,Long Unwinding
2026-10-02 11:50,2026-10-06,388570,-490685,0.55,0,2396355,24800,13780,0,2371.5,-9100,11310,Long Unwinding,Long Unwinding
2026-10-02 11:50,2026-10-06,2143635,-112775,0.55,0,4829630,25000,16510,0,2551,-15080,99775,Long Unwinding,Long Unwinding
2026-10-02 11:50,2026-10-06,276185,-6175,0.4,0,833170,25200,520,0,2550,0,520,Long Unwinding,N/A
2026-10-02 11:50,2026-10-06,43030,-31330,0.45,0,334100,25400,520,0,2800,0,1560,Long Unwinding,N/A
2026-10-02 11:50,2026-10-06,140660,-73840,0.45,0,619645,25600,130,0,2443.05,-130,0,Long Unwinding,Long Unwinding
2026-10-02 11:50,2026-10-06,558545,58435,0.4,0,1309815,25800,8970,0,2733.5,0,10075,Short Buildup,N/A
2026-10-02 11:50,2026-10-06,0,0,0,0,0,26000,0,0,0,0,0,N/A,N/A
2026-10-02 11:50,2026-10-06,0,0,0,0,0,26200,0,0,0,0,0,N/A,N/A
2026-10-02 11:50,2026-10-06,0,0,0,0,0,26400,0,0,0,0,0,N/A,N/A
2026-10-02 11:50,2026-10-06,0,0,0,0,0,26600,0,0,0,0,0,N/A,N/A
2026-10-02 11:50,2026-10-06,0,0,0,0,0,26800,0,0,0,0,0,N/A,N/A
2026-10-02 11:50,2026-10-06,0,0,0,0,0,27000,0,0,0,0,0,N/A,N/A
2026-10-02 11:50,2026-10-06,0,0,0,0,0,27200,0,0,0,0,0,N/A,N/A
2026-10-02 11:50,2026-10-06,0,0,0,0,0,27400,0,0,0,0,0,N/A,N/A
2026-10-02 11:50,2026-10-06,0,0,0,0,0,27600,0,0,0,0,0,N/A,N/A
2026-10-02 11:50,2026-10-06,0,0,0,0,0,27800,0,0,0,0,0,N/A,N/A
2026-10-02 11:50,2026-10-06,0,0,0,0,0,28000,0,0,0,0,0,N/A,N/A
2026-10-02 11:50,2026-10-06,0,0,0,0,0,28200,0,0,0,0,0,N/A,N/A
2026-10-02 11:50,2026-10-06,0,0,0,0,0,28400,0,0,0,0,0,N/A,N/A
2026-10-02 11:50,2026-10-06,0,0,0,0,0,28600,0,0,0,0,0,N/A,N/A
2026-10-02 11:50,2026-10-06,0,0,0,0,0,28800,0,0,0,0,0,N/A,N/A
2026-10-02 11:50,2026-10-06,0,0,0,0,0,29000,0,0,0,0,0,N/A,N/A
2026-10-02 11:50,2026-10-06,0,0,0,0,0,29200,0,0,0,0,0,N/A,N/A
2026-10-02 11:55,2026-10-06,4160,2210,1446.3,0,3640,21000,49981620,0,1.8,2314130,5712915,Short Buildup,Short Buildup
2026-10-02 11:55,2026-10-06,0,0,0,0,0,21200,27361945,0,2.15,599690,1966445,N/A,Short Buildup
2026-10-02 11:55,2026-10-06,1365,455,1071.95,0,1040,21400,33698015,0,3.3,1302665,3189095,Short Buildup,Short Buildup
2026-10-02 11:55,2026-10-06,3640,1625,834.5,0,11050,21600,42423420,0,4.75,1563575,3059940,Short Buildup,Short Buildup
2026-10-02 11:55,2026-10-06,41600,25155,661.9,0,152425,21800,67213250,0,8,2254200,5577000,Short Buildup,Short Buildup
2026-10-02 11:55,2026-10-06,776425,358995,472.5,0,4854200,22000,138225100,0,19,2877550,10766795,Short Buildup,Short Buildup
2026-10-02 11:55,2026-10-06,863655,738530,297.3,0,19214325,22200,143638300,0,45.1,2326025,6582355,Short Buildup,Short Buildup
2026-10-02 11:55,2026-10-06,3635255,3375255,156.95,0,108326660,22400,176899450,0,103.6,1539915,4369625,Short Buildup,Short Buildup
2026-10-02 11:55,2026-10-06,6140420,3016520,65.85,0,206398270,22600,145398695,0,211.8,-3159585,2630290,Short Buildup,Long Unwinding
2026-10-02 11:55,2026-10-06,9154275,922545,25.1,0,122405855,22800,16041740,0,370.35,-1590420,1834105,Short Buildup,Long Unwinding
2026-10-02 11:55,2026-10-06,14017445,2291120,10.75,0,116966460,23000,4112810,0,557.65,-646230,1689025,Short Buildup,Long Unwinding
2026-10-02 11:55,2026-10-06,9492795,2168725,5.65,0,66838070,23200,654615,0,752.45,-143000,463840,Short Buildup,Long Unwinding
2026-10-02 11:55,2026-10-06,5134350,423150,3.3,0,61153300,23400,305045,0,943.9,-86775,551590,Short Buildup,Long Unwinding
2026-10-02 11:55,2026-10-06,4624230,-1598740,2.05,0,67658305,23600,57135,0,1149.3,-23010,161265,Long Unwinding,Long Unwinding
2026-10-02 11:55,2026-10-06,4186520,727740,1.5,0,28642705,23800,24310,0,1347,-15470,103935,Short Buildup,Long Unwinding
2026-10-02 11:55,2026-10-06,11296870,2121210,1.2,0,50184680,24000,67405,0,1544.05,-36985,494000,Short Buildup,Long Unwinding
2026-10-02 11:55,2026-10-06,2525770,-767650,0.9,0,10577450,24200,21190,0,1722.4,-14755,88790,Long Unwinding,Long Unwinding
2026-10-02 11:55,2026-10-06,1678300,-723450,0.65,0,5651945,24400,12870,0,1958.1,-11700,55315,Long Unwinding,Long Unwinding
2026-10-02 11:55,2026-10-06,1221610,-952835,0.65,0,4063930,24600,2210,0,2165.75,-1950,17550,Long Unwinding,Long Unwinding
2026-10-02 11:55,2026-10-06,388570,-490685,0.55,0,2396355,24800,13780,0,2371.5,-9100,11310,Long Unwinding,Long Unwinding
2026-10-02 11:55,2026-10-06,2143635,-112775,0.55,0,4829630,25000,16510,0,2551,-15080,99775,Long Unwinding,Long Unwinding
2026-10-02 11:55,2026-10-06,276185,-6175,0.4,0,833170,25200,520,0,2550,0,520,Long Unwinding,N/A
2026-10-02 11:55,2026-10-06,43030,-31330,0.45,0,334100,25400,520,0,2800,0,1560,Long Unwinding,N/A
2026-10-02 11:55,2026-10-06,140660,-73840,0.45,0,619645,25600,130,0,2443.05,-130,0,Long Unwinding,Long Unwinding
2026-10-02 11:55,2026-10-06,558545,58435,0.4,0,1309815,25800,8970,0,2733.5,0,10075,Short Buildup,N/A
2026-10-02 11:55,2026-10-06,0,0,0,0,0,26000,0,0,0,0,0,N/A,N/A
2026-10-02 11:55,2026-10-06,0,0,0,0,0,26200,0,0,0,0,0,N/A,N/A
2026-10-02 11:55,2026-10-06,0,0,0,0,0,26400,0,0,0,0,0,N/A,N/A
2026-10-02 11:55,2026-10-06,0,0,0,0,0,26600,0,0,0,0,0,N/A,N/A
2026-10-02 11:55,2026-10-06,0,0,0,0,0,26800,0,0,0,0,0,N/A,N/A
2026-10-02 11:55,2026-10-06,0,0,0,0,0,27000,0,0,0,0,0,N/A,N/A
2026-10-02 11:55,2026-10-06,0,0,0,0,0,27200,0,0,0,0,0,N/A,N/A
2026-10-02 11:55,2026-10-06,0,0,0,0,0,27400,0,0,0,0,0,N/A,N/A
2026-10-02 11:55,2026-10-06,0,0,0,0,0,27600,0,0,0,0,0,N/A,N/A
2026-10-02 11:55,2026-10-06,0,0,0,0,0,27800,0,0,0,0,0,N/A,N/A
2026-10-02 11:55,2026-10-06,0,0,0,0,0,28000,0,0,0,0,0,N/A,N/A
2026-10-02 11:55,2026-10-06,0,0,0,0,0,28200,0,0,0,0,0,N/A,N/A
2026-10-02 11:55,2026-10-06,0,0,0,0,0,28400,0,0,0,0,0,N/A,N/A
2026-10-02 11:55,2026-10-06,0,0,0,0,0,28600,0,0,0,0,0,N/A,N/A
2026-10-02 11:55,2026-10-06,0,0,0,0,0,28800,0,0,0,0,0,N/A,N/A
2026-10-02 11:55,2026-10-06,0,0,0,0,0,29000,0,0,0,0,0,N/A,N/A
2026-10-02 11:55,2026-10-06,0,0,0,0,0,29200,0,0,0,0,0,N/A,N/A
2026-10-02 12:00,2026-10-06,4160,2210,1446.3,0,3640,21000,49981620,0,1.8,2314130,5712915,Short Buildup,Short Buildup
2026-10-02 12:00,2026-10-06,0,0,0,0,0,21200,27361945,0,2.15,599690,1966445,N/A,Short Buildup
2026-10-02 12:00,2026-10-06,1365,455,1071.95,0,1040,21400,33698015,0,3.3,1302665,3189095,Short Buildup,Short Buildup
2026-10-02 12:00,2026-10-06,3640,1625,834.5,0,11050,21600,42423420,0,4.75,1563575,3059940,Short Buildup,Short Buildup
2026-10-02 12:00,2026-10-06,41600,25155,661.9,0,152425,21800,67213250,0,8,2254200,5577000,Short Buildup,Short Buildup
2026-10-02 12:00,2026-10-06,776425,358995,472.5,0,4854200,22000,138225100,0,19,2877550,10766795,Short Buildup,Short Buildup
2026-10-02 12:00,2026-10-06,863655,738530,297.3,0,19214325,22200,143638300,0,45.1,2326025,6582355,Short Buildup,Short Buildup
2026-10-02 12:00,2026-10-06,3635255,3375255,156.95,0,108326660,22400,176899450,0,103.6,1539915,4369625,Short Buildup,Short Buildup
2026-10-02 12:00,2026-10-06,6140420,3016520,65.85,0,206398270,22600,145398695,0,211.8,-3159585,2630290,Short Buildup,Long Unwinding
2026-10-02 12:00,2026-10-06,9154275,922545,25.1,0,122405855,22800,16041740,0,370.35,-1590420,1834105,Short Buildup,Long Unwinding
2026-10-02 12:00,2026-10-06,14017445,2291120,10.75,0,116966460,23000,4112810,0,557.65,-646230,1689025,Short Buildup,Long Unwinding
2026-10-02 12:00,2026-10-06,9492795,2168725,5.65,0,66838070,23200,654615,0,752.45,-143000,463840,Short Buildup,Long Unwinding
2026-10-02 12:00,2026-10-06,5134350,423150,3.3,0,61153300,23400,305045,0,943.9,-86775,551590,Short Buildup,Long Unwinding
2026-10-02 12:00,2026-10-06,4624230,-1598740,2.05,0,67658305,23600,57135,0,1149.3,-23010,161265,Long Unwinding,Long Unwinding
2026-10-02 12:00,2026-10-06,4186520,727740,1.5,0,28642705,23800,24310,0,1347,-15470,103935,Short Buildup,Long Unwinding
2026-10-02 12:00,2026-10-06,11296870,2121210,1.2,0,50184680,24000,67405,0,1544.05,-36985,494000,Short Buildup,Long Unwinding
2026-10-02 12:00,2026-10-06,2525770,-767650,0.9,0,10577450,24200,21190,0,1722.4,-14755,88790,Long Unwinding,Long Unwinding
2026-10-02 12:00,2026-10-06,1678300,-723450,0.65,0,5651945,24400,12870,0,1958.1,-11700,55315,Long Unwinding,Long Unwinding
2026-10-02 12:00,2026-10-06,1221610,-952835,0.65,0,4063930,24600,2210,0,2165.75,-1950,17550,Long Unwinding,Long Unwinding
2026-10-02 12:00,2026-10-06,388570,-490685,0.55,0,2396355,24800,13780,0,2371.5,-9100,11310,Long Unwinding,Long Unwinding
2026-10-02 12:00,2026-10-06,2143635,-112775,0.55,0,4829630,25000,16510,0,2551,-15080,99775,Long Unwinding,Long Unwinding
2026-10-02 12:00,2026-10-06,276185,-6175,0.4,0,833170,25200,520,0,2550,0,520,Long Unwinding,N/A
2026-10-02 12:00,2026-10-06,43030,-31330,0.45,0,334100,25400,520,0,2800,0,1560,Long Unwinding,N/A
2026-10-02 12:00,2026-10-06,140660,-73840,0.45,0,619645,25600,130,0,2443.05,-130,0,Long Unwinding,Long Unwinding
2026-10-02 12:00,2026-10-06,558545,58435,0.4,0,1309815,25800,8970,0,2733.5,0,10075,Short Buildup,N/A
2026-10-02 12:00,2026-10-06,0,0,0,0,0,26000,0,0,0,0,0,N/A,N/A
2026-10-02 12:00,2026-10-06,0,0,0,0,0,26200,0,0,0,0,0,N/A,N/A
2026-10-02 12:00,2026-10-06,0,0,0,0,0,26400,0,0,0,0,0,N/A,N/A
2026-10-02 12:00,2026-10-06,0,0,0,0,0,26600,0,0,0,0,0,N/A,N/A
2026-10-02 12:00,2026-10-06,0,0,0,0,0,26800,0,0,0,0,0,N/A,N/A
2026-10-02 12:00,2026-10-06,0,0,0,0,0,27000,0,0,0,0,0,N/A,N/A
2026-10-02 12:00,2026-10-06,0,0,0,0,0,27200,0,0,0,0,0,N/A,N/A
2026-10-02 12:00,2026-10-06,0,0,0,0,0,27400,0,0,0,0,0,N/A,N/A
2026-10-02 12:00,2026-10-06,0,0,0,0,0,27600,0,0,0,0,0,N/A,N/A
2026-10-02 12:00,2026-10-06,0,0,0,0,0,27800,0,0,0,0,0,N/A,N/A
2026-10-02 12:00,2026-10-06,0,0,0,0,0,28000,0,0,0,0,0,N/A,N/A
2026-10-02 12:00,2026-10-06,0,0,0,0,0,28200,0,0,0,0,0,N/A,N/A
2026-10-02 12:00,2026-10-06,0,0,0,0,0,28400,0,0,0,0,0,N/A,N/A
2026-10-02 12:00,2026-10-06,0,0,0,0,0,28600,0,0,0,0,0,N/A,N/A
2026-10-02 12:00,2026-10-06,0,0,0,0,0,28800,0,0,0,0,0,N/A,N/A
2026-10-02 12:00,2026-10-06,0,0,0,0,0,29000,0,0,0,0,0,N/A,N/A
2026-10-02 12:00,2026-10-06,0,0,0,0,0,29200,0,0,0,0,0,N/A,N/A
2026-10-02 12:05,2026-10-06,4160,2210,1446.3,0,3640,21000,49981620,0,1.8,2314130,5712915,Short Buildup,Short Buildup
2026-10-02 12:05,2026-10-06,0,0,0,0,0,21200,27361945,0,2.15,599690,1966445,N/A,Short Buildup
2026-10-02 12:05,2026-10-06,1365,455,1071.95,0,1040,21400,33698015,0,3.3,1302665,3189095,Short Buildup,Short Buildup
2026-10-02 12:05,2026-10-06,3640,1625,834.5,0,11050,21600,42423420,0,4.75,1563575,3059940,Short Buildup,Short Buildup
2026-10-02 12:05,2026-10-06,41600,25155,661.9,0,152425,21800,67213250,0,8,2254200,5577000,Short Buildup,Short Buildup
2026-10-02 12:05,2026-10-06,776425,358995,472.5,0,4854200,22000,138225100,0,19,2877550,10766795,Short Buildup,Short Buildup
2026-10-02 12:05,2026-10-06,863655,738530,297.3,0,19214325,22200,143638300,0,45.1,2326025,6582355,Short Buildup,Short Buildup
2026-10-02 12:05,2026-10-06,3635255,3375255,156.95,0,108326660,22400,176899450,0,103.6,1539915,4369625,Short Buildup,Short Buildup
2026-10-02 12:05,2026-10-06,6140420,3016520,65.85,0,206398270,22600,145398695,0,211.8,-3159585,2630290,Short Buildup,Long Unwinding
2026-10-02 12:05,2026-10-06,9154275,922545,25.1,0,122405855,22800,16041740,0,370.35,-1590420,1834105,Short Buildup,Long Unwinding
2026-10-02 12:05,2026-10-06,14017445,2291120,10.75,0,116966460,23000,4112810,0,557.65,-646230,1689025,Short Buildup,Long Unwinding
2026-10-02 12:05,2026-10-06,9492795,2168725,5.65,0,66838070,23200,654615,0,752.45,-143000,463840,Short Buildup,Long Unwinding
2026-10-02 12:05,2026-10-06,5134350,423150,3.3,0,61153300,23400,305045,0,943.9,-86775,551590,Short Buildup,Long Unwinding
2026-10-02 12:05,2026-10-06,4624230,-1598740,2.05,0,67658305,23600,57135,0,1149.3,-23010,161265,Long Unwinding,Long Unwinding
2026-10-02 12:05,2026-10-06,4186520,727740,1.5,0,28642705,23800,24310,0,1347,-15470,103935,Short Buildup,Long Unwinding
2026-10-02 12:05,2026-10-06,11296870,2121210,1.2,0,50184680,24000,67405,0,1544.05,-36985,494000,Short Buildup,Long Unwinding
2026-10-02 12:05,2026-10-06,2525770,-767650,0.9,0,10577450,24200,21190,0,1722.4,-14755,88790,Long Unwinding,Long Unwinding
2026-10-02 12:05,2026-10-06,1678300,-723450,0.65,0,5651945,24400,12870,0,1958.1,-11700,55315,Long Unwinding,Long Unwinding
2026-10-02 12:05,2026-10-06,1221610,-952835,0.65,0,4063930,24600,2210,0,2165.75,-1950,17550,Long Unwinding,Long Unwinding
2026-10-02 12:05,2026-10-06,388570,-490685,0.55,0,2396355,24800,13780,0,2371.5,-9100,11310,Long Unwinding,Long Unwinding
2026-10-02 12:05,2026-10-06,2143635,-112775,0.55,0,4829630,25000,16510,0,2551,-15080,99775,Long Unwinding,Long Unwinding
2026-10-02 12:05,2026-10-06,276185,-6175,0.4,0,833170,25200,520,0,2550,0,520,Long Unwinding,N/A
2026-10-02 12:05,2026-10-06,43030,-31330,0.45,0,334100,25400,520,0,2800,0,1560,Long Unwinding,N/A
2026-10-02 12:05,2026-10-06,140660,-73840,0.45,0,619645,25600,130,0,2443.05,-130,0,Long Unwinding,Long Unwinding
2026-10-02 12:05,2026-10-06,558545,58435,0.4,0,1309815,25800,8970,0,2733.5,0,10075,Short Buildup,N/A
2026-10-02 12:05,2026-10-06,0,0,0,0,0,26000,0,0,0,0,0,N/A,N/A
2026-10-02 12:05,2026-10-06,0,0,0,0,0,26200,0,0,0,0,0,N/A,N/A
2026-10-02 12:05,2026-10-06,0,0,0,0,0,26400,0,0,0,0,0,N/A,N/A
2026-10-02 12:05,2026-10-06,0,0,0,0,0,26600,0,0,0,0,0,N/A,N/A
2026-10-02 12:05,2026-10-06,0,0,0,0,0,26800,0,0,0,0,0,N/A,N/A
2026-10-02 12:05,2026-10-06,0,0,0,0,0,27000,0,0,0,0,0,N/A,N/A
2026-10-02 12:05,2026-10-06,0,0,0,0,0,27200,0,0,0,0,0,N/A,N/A
2026-10-02 12:05,2026-10-06,0,0,0,0,0,27400,0,0,0,0,0,N/A,N/A
2026-10-02 12:05,2026-10-06,0,0,0,0,0,27600,0,0,0,0,0,N/A,N/A
2026-10-02 12:05,2026-10-06,0,0,0,0,0,27800,0,0,0,0,0,N/A,N/A
2026-10-02 12:05,2026-10-06,0,0,0,0,0,28000,0,0,0,0,0,N/A,N/A
2026-10-02 12:05,2026-10-06,0,0,0,0,0,28200,0,0,0,0,0,N/A,N/A
2026-10-02 12:05,2026-10-06,0,0,0,0,0,28400,0,0,0,0,0,N/A,N/A
2026-10-02 12:05,2026-10-06,0,0,0,0,0,28600,0,0,0,0,0,N/A,N/A
2026-10-02 12:05,2026-10-06,0,0,0,0,0,28800,0,0,0,0,0,N/A,N/A
2026-10-02 12:05,2026-10-06,0,0,0,0,0,29000,0,0,0,0,0,N/A,N/A
2026-10-02 12:05,2026-10-06,0,0,0,0,0,29200,0,0,0,0,0,N/A,N/A
2026-10-02 12:10,2026-10-06,4160,2210,1446.3,0,3640,21000,49981620,0,1.8,2314130,5712915,Short Buildup,Short Buildup
2026-10-02 12:10,2026-10-06,0,0,0,0,0,21200,27361945,0,2.15,599690,1966445,N/A,Short Buildup
2026-10-02 12:10,2026-10-06,1365,455,1071.95,0,1040,21400,33698015,0,3.3,1302665,3189095,Short Buildup,Short Buildup
2026-10-02 12:10,2026-10-06,3640,1625,834.5,0,11050,21600,42423420,0,4.75,1563575,3059940,Short Buildup,Short Buildup
2026-10-02 12:10,2026-10-06,41600,25155,661.9,0,152425,21800,67213250,0,8,2254200,5577000,Short Buildup,Short Buildup
2026-10-02 12:10,2026-10-06,776425,358995,472.5,0,4854200,22000,138225100,0,19,2877550,10766795,Short Buildup,Short Buildup
2026-10-02 12:10,2026-10-06,863655,738530,297.3,0,19214325,22200,143638300,0,45.1,2326025,6582355,Short Buildup,Short Buildup
2026-10-02 12:10,2026-10-06,3635255,3375255,156.95,0,108326660,22400,176899450,0,103.6,1539915,4369625,Short Buildup,Short Buildup
2026-10-02 12:10,2026-10-06,6140420,3016520,65.85,0,206398270,22600,145398695,0,211.8,-3159585,2630290,Short Buildup,Long Unwinding
2026-10-02 12:10,2026-10-06,9154275,922545,25.1,0,122405855,22800,16041740,0,370.35,-1590420,1834105,Short Buildup,Long Unwinding
2026-10-02 12:10,2026-10-06,14017445,2291120,10.75,0,116966460,23000,4112810,0,557.65,-646230,1689025,Short Buildup,Long Unwinding
2026-10-02 12:10,2026-10-06,9492795,2168725,5.65,0,66838070,23200,654615,0,752.45,-143000,463840,Short Buildup,Long Unwinding
2026-10-02 12:10,2026-10-06,5134350,423150,3.3,0,61153300,23400,305045,0,943.9,-86775,551590,Short Buildup,Long Unwinding
2026-10-02 12:10,2026-10-06,4624230,-1598740,2.05,0,67658305,23600,57135,0,1149.3,-23010,161265,Long Unwinding,Long Unwinding
2026-10-02 12:10,2026-10-06,4186520,727740,1.5,0,28642705,23800,24310,0,1347,-15470,103935,Short Buildup,Long Unwinding
2026-10-02 12:10,2026-10-06,11296870,2121210,1.2,0,50184680,24000,67405,0,1544.05,-36985,494000,Short Buildup,Long Unwinding
2026-10-02 12:10,2026-10-06,2525770,-767650,0.9,0,10577450,24200,21190,0,1722.4,-14755,88790,Long Unwinding,Long Unwinding
2026-10-02 12:10,2026-10-06,1678300,-723450,0.65,0,5651945,24400,12870,0,1958.1,-11700,55315,Long Unwinding,Long Unwinding
2026-10-02 12:10,2026-10-06,1221610,-952835,0.65,0,4063930,24600,2210,0,2165.75,-1950,17550,Long Unwinding,Long Unwinding
2026-10-02 12:10,2026-10-06,388570,-490685,0.55,0,2396355,24800,13780,0,2371.5,-9100,11310,Long Unwinding,Long Unwinding
2026-10-02 12:10,2026-10-06,2143635,-112775,0.55,0,4829630,25000,16510,0,2551,-15080,99775,Long Unwinding,Long Unwinding
2026-10-02 12:10,2026-10-06,276185,-6175,0.4,0,833170,25200,520,0,2550,0,520,Long Unwinding,N/A
2026-10-02 12:10,2026-10-06,43030,-31330,0.45,0,334100,25400,520,0,2800,0,1560,Long Unwinding,N/A
2026-10-02 12:10,2026-10-06,140660,-73840,0.45,0,619645,25600,130,0,2443.05,-130,0,Long Unwinding,Long Unwinding
2026-10-02 12:10,2026-10-06,558545,58435,0.4,0,1309815,25800,8970,0,2733.5,0,10075,Short Buildup,N/A
2026-10-02 12:10,2026-10-06,0,0,0,0,0,26000,0,0,0,0,0,N/A,N/A
2026-10-02 12:10,2026-10-06,0,0,0,0,0,26200,0,0,0,0,0,N/A,N/A
2026-10-02 12:10,2026-10-06,0,0,0,0,0,26400,0,0,0,0,0,N/A,N/A
2026-10-02 12:10,2026-10-06,0,0,0,0,0,26600,0,0,0,0,0,N/A,N/A
2026-10-02 12:10,2026-10-06,0,0,0,0,0,26800,0,0,0,0,0,N/A,N/A
2026-10-02 12:10,2026-10-06,0,0,0,0,0,27000,0,0,0,0,0,N/A,N/A
2026-10-02 12:10,2026-10-06,0,0,0,0,0,27200,0,0,0,0,0,N/A,N/A
2026-10-02 12:10,2026-10-06,0,0,0,0,0,27400,0,0,0,0,0,N/A,N/A
2026-10-02 12:10,2026-10-06,0,0,0,0,0,27600,0,0,0,0,0,N/A,N/A
2026-10-02 12:10,2026-10-06,0,0,0,0,0,27800,0,0,0,0,0,N/A,N/A
2026-10-02 12:10,2026-10-06,0,0,0,0,0,28000,0,0,0,0,0,N/A,N/A
2026-10-02 12:10,2026-10-06,0,0,0,0,0,28200,0,0,0,0,0,N/A,N/A
2026-10-02 12:10,2026-10-06,0,0,0,0,0,28400,0,0,0,0,0,N/A,N/A
2026-10-02 12:10,2026-10-06,0,0,0,0,0,28600,0,0,0,0,0,N/A,N/A
2026-10-02 12:10,2026-10-06,0,0,0,0,0,28800,0,0,0,0,0,N/A,N/A
2026-10-02 12:10,2026-10-06,0,0,0,0,0,29000,0,0,0,0,0,N/A,N/A
2026-10-02 12:10,2026-10-06,0,0,0,0,0,29200,0,0,0,0,0,N/A,N/A
2026-10-02 12:15,2026-10-06,4160,2210,1446.3,0,3640,21000,49981620,0,1.8,2314130,5712915,Short Buildup,Short Buildup
2026-10-02 12:15,2026-10-06,0,0,0,0,0,21200,27361945,0,2.15,599690,1966445,N/A,Short Buildup
2026-10-02 12:15,2026-10-06,1365,455,1071.95,0,1040,21400,33698015,0,3.3,1302665,3189095,Short Buildup,Short Buildup
2026-10-02 12:15,2026-10-06,3640,1625,834.5,0,11050,21600,42423420,0,4.75,1563575,3059940,Short Buildup,Short Buildup
2026-10-02 12:15,2026-10-06,41600,25155,661.9,0,152425,21800,67213250,0,8,2254200,5577000,Short Buildup,Short Buildup
2026-10-02 12:15,2026-10-06,776425,358995,472.5,0,4854200,22000,138225100,0,19,2877550,10766795,Short Buildup,Short Buildup
2026-10-02 12:15,2026-10-06,863655,738530,297.3,0,19214325,22200,143638300,0,45.1,2326025,6582355,Short Buildup,Short Buildup
2026-10-02 12:15,2026-10-06,3635255,3375255,156.95,0,108326660,22400,176899450,0,103.6,1539915,4369625,Short Buildup,Short Buildup
2026-10-02 12:15,2026-10-06,6140420,3016520,65.85,0,206398270,22600,145398695,0,211.8,-3159585,2630290,Short Buildup,Long Unwinding
2026-10-02 12:15,2026-10-06,9154275,922545,25.1,0,122405855,22800,16041740,0,370.35,-1590420,1834105,Short Buildup,Long Unwinding
2026-10-02 12:15,2026-10-06,14017445,2291120,10.75,0,116966460,23000,4112810,0,557.65,-646230,1689025,Short Buildup,Long Unwinding
2026-10-02 12:15,2026-10-06,9492795,2168725,5.65,0,66838070,23200,654615,0,752.45,-143000,463840,Short Buildup,Long Unwinding
2026-10-02 12:15,2026-10-06,5134350,423150,3.3,0,61153300,23400,305045,0,943.9,-86775,551590,Short Buildup,Long Unwinding
2026-10-02 12:15,2026-10-06,4624230,-1598740,2.05,0,67658305,23600,57135,0,1149.3,-23010,161265,Long Unwinding,Long Unwinding
2026-10-02 12:15,2026-10-06,4186520,727740,1.5,0,28642705,23800,24310,0,1347,-15470,103935,Short Buildup,Long Unwinding
2026-10-02 12:15,2026-10-06,11296870,2121210,1.2,0,50184680,24000,67405,0,1544.05,-36985,494000,Short Buildup,Long Unwinding
2026-10-02 12:15,2026-10-06,2525770,-767650,0.9,0,10577450,24200,21190,0,1722.4,-14755,88790,Long Unwinding,Long Unwinding
2026-10-02 12:15,2026-10-06,1678300,-723450,0.65,0,5651945,24400,12870,0,1958.1,-11700,55315,Long Unwinding,Long Unwinding
2026-10-02 12:15,2026-10-06,1221610,-952835,0.65,0,4063930,24600,2210,0,2165.75,-1950,17550,Long Unwinding,Long Unwinding
2026-10-02 12:15,2026-10-06,388570,-490685,0.55,0,2396355,24800,13780,0,2371.5,-9100,11310,Long Unwinding,Long Unwinding
2026-10-02 12:15,2026-10-06,2143635,-112775,0.55,0,4829630,25000,16510,0,2551,-15080,99775,Long Unwinding,Long Unwinding
2026-10-02 12:15,2026-10-06,276185,-6175,0.4,0,833170,25200,520,0,2550,0,520,Long Unwinding,N/A
2026-10-02 12:15,2026-10-06,43030,-31330,0.45,0,334100,25400,520,0,2800,0,1560,Long Unwinding,N/A
2026-10-02 12:15,2026-10-06,140660,-73840,0.45,0,619645,25600,130,0,2443.05,-130,0,Long Unwinding,Long Unwinding
2026-10-02 12:15,2026-10-06,558545,58435,0.4,0,1309815,25800,8970,0,2733.5,0,10075,Short Buildup,N/A
2026-10-02 12:15,2026-10-06,0,0,0,0,0,26000,0,0,0,0,0,N/A,N/A
2026-10-02 12:15,2026-10-06,0,0,0,0,0,26200,0,0,0,0,0,N/A,N/A
2026-10-02 12:15,2026-10-06,0,0,0,0,0,26400,0,0,0,0,0,N/A,N/A
2026-10-02 12:15,2026-10-06,0,0,0,0,0,26600,0,0,0,0,0,N/A,N/A
2026-10-02 12:15,2026-10-06,0,0,0,0,0,26800,0,0,0,0,0,N/A,N/A
2026-10-02 12:15,2026-10-06,0,0,0,0,0,27000,0,0,0,0,0,N/A,N/A
2026-10-02 12:15,2026-10-06,0,0,0,0,0,27200,0,0,0,0,0,N/A,N/A
2026-10-02 12:15,2026-10-06,0,0,0,0,0,27400,0,0,0,0,0,N/A,N/A
2026-10-02 12:15,2026-10-06,0,0,0,0,0,27600,0,0,0,0,0,N/A,N/A
2026-10-02 12:15,2026-10-06,0,0,0,0,0,27800,0,0,0,0,0,N/A,N/A
2026-10-02 12:15,2026-10-06,0,0,0,0,0,28000,0,0,0,0,0,N/A,N/A
2026-10-02 12:15,2026-10-06,0,0,0,0,0,28200,0,0,0,0,0,N/A,N/A
2026-10-02 12:15,2026-10-06,0,0,0,0,0,28400,0,0,0,0,0,N/A,N/A
2026-10-02 12:15,2026-10-06,0,0,0,0,0,28600,0,0,0,0,0,N/A,N/A
2026-10-02 12:15,2026-10-06,0,0,0,0,0,28800,0,0,0,0,0,N/A,N/A
2026-10-02 12:15,2026-10-06,0,0,0,0,0,29000,0,0,0,0,0,N/A,N/A
2026-10-02 12:15,2026-10-06,0,0,0,0,0,29200,0,0,0,0,0,N/A,N/A
2026-10-02 12:20,2026-10-06,4160,2210,1446.3,0,3640,21000,49981620,0,1.8,2314130,5712915,Short Buildup,Short Buildup
2026-10-02 12:20,2026-10-06,0,0,0,0,0,21200,27361945,0,2.15,599690,1966445,N/A,Short Buildup
2026-10-02 12:20,2026-10-06,1365,455,1071.95,0,1040,21400,33698015,0,3.3,1302665,3189095,Short Buildup,Short Buildup
2026-10-02 12:20,2026-10-06,3640,1625,834.5,0,11050,21600,42423420,0,4.75,1563575,3059940,Short Buildup,Short Buildup
2026-10-02 12:20,2026-10-06,41600,25155,661.9,0,152425,21800,67213250,0,8,2254200,5577000,Short Buildup,Short Buildup
2026-10-02 12:20,2026-10-06,776425,358995,472.5,0,4854200,22000,138225100,0,19,2877550,10766795,Short Buildup,Short Buildup
2026-10-02 12:20,2026-10-06,863655,738530,297.3,0,19214325,22200,143638300,0,45.1,2326025,6582355,Short Buildup,Short Buildup
2026-10-02 12:20,2026-10-06,3635255,3375255,156.95,0,108326660,22400,176899450,0,103.6,1539915,4369625,Short Buildup,Short Buildup
2026-10-02 12:20,2026-10-06,6140420,3016520,65.85,0,206398270,22600,145398695,0,211.8,-3159585,2630290,Short Buildup,Long Unwinding
2026-10-02 12:20,2026-10-06,9154275,922545,25.1,0,122405855,22800,16041740,0,370.35,-1590420,1834105,Short Buildup,Long Unwinding
2026-10-02 12:20,2026-10-06,14017445,2291120,10.75,0,116966460,23000,4112810,0,557.65,-646230,1689025,Short Buildup,Long Unwinding
2026-10-02 12:20,2026-10-06,9492795,2168725,5.65,0,66838070,23200,654615,0,752.45,-143000,463840,Short Buildup,Long Unwinding
2026-10-02 12:20,2026-10-06,5134350,423150,3.3,0,61153300,23400,305045,0,943.9,-86775,551590,Short Buildup,Long Unwinding
2026-10-02 12:20,2026-10-06,4624230,-1598740,2.05,0,67658305,23600,57135,0,1149.3,-23010,161265,Long Unwinding,Long Unwinding
2026-10-02 12:20,2026-10-06,4186520,727740,1.5,0,28642705,23800,24310,0,1347,-15470,103935,Short Buildup,Long Unwinding
2026-10-02 12:20,2026-10-06,11296870,2121210,1.2,0,50184680,24000,67405,0,1544.05,-36985,494000,Short Buildup,Long Unwinding
2026-10-02 12:20,2026-10-06,2525770,-767650,0.9,0,10577450,24200,21190,0,1722.4,-14755,88790,Long Unwinding,Long Unwinding
2026-10-02 12:20,2026-10-06,1678300,-723450,0.65,0,5651945,24400,12870,0,1958.1,-11700,55315,Long Unwinding,Long Unwinding
2026-10-02 12:20,2026-10-06,1221610,-952835,0.65,0,4063930,24600,2210,0,2165.75,-1950,17550,Long Unwinding,Long Unwinding
2026-10-02 12:20,2026-10-06,388570,-490685,0.55,0,2396355,24800,13780,0,2371.5,-9100,11310,Long Unwinding,Long Unwinding
2026-10-02 12:20,2026-10-06,2143635,-112775,0.55,0,4829630,25000,16510,0,2551,-15080,99775,Long Unwinding,Long Unwinding
2026-10-02 12:20,2026-10-06,276185,-6175,0.4,0,833170,25200,520,0,2550,0,520,Long Unwinding,N/A
2026-10-02 12:20,2026-10-06,43030,-31330,0.45,0,334100,25400,520,0,2800,0,1560,Long Unwinding,N/A
2026-10-02 12:20,2026-10-06,140660,-73840,0.45,0,619645,25600,130,0,2443.05,-130,0,Long Unwinding,Long Unwinding
2026-10-02 12:20,2026-10-06,558545,58435,0.4,0,1309815,25800,8970,0,2733.5,0,10075,Short Buildup,N/A
2026-10-02 12:20,2026-10-06,0,0,0,0,0,26000,0,0,0,0,0,N/A,N/A
2026-10-02 12:20,2026-10-06,0,0,0,0,0,26200,0,0,0,0,0,N/A,N/A
2026-10-02 12:20,2026-10-06,0,0,0,0,0,26400,0,0,0,0,0,N/A,N/A
2026-10-02 12:20,2026-10-06,0,0,0,0,0,26600,0,0,0,0,0,N/A,N/A
2026-10-02 12:20,2026-10-06,0,0,0,0,0,26800,0,0,0,0,0,N/A,N/A
2026-10-02 12:20,2026-10-06,0,0,0,0,0,27000,0,0,0,0,0,N/A,N/A
2026-10-02 12:20,2026-10-06,0,0,0,0,0,27200,0,0,0,0,0,N/A,N/A
2026-10-02 12:20,2026-10-06,0,0,0,0,0,27400,0,0,0,0,0,N/A,N/A
2026-10-02 12:20,2026-10-06,0,0,0,0,0,27600,0,0,0,0,0,N/A,N/A
2026-10-02 12:20,2026-10-06,0,0,0,0,0,27800,0,0,0,0,0,N/A,N/A
2026-10-02 12:20,2026-10-06,0,0,0,0,0,28000,0,0,0,0,0,N/A,N/A
2026-10-02 12:20,2026-10-06,0,0,0,0,0,28200,0,0,0,0,0,N/A,N/A
2026-10-02 12:20,2026-10-06,0,0,0,0,0,28400,0,0,0,0,0,N/A,N/A
2026-10-02 12:20,2026-10-06,0,0,0,0,0,28600,0,0,0,0,0,N/A,N/A
2026-10-02 12:20,2026-10-06,0,0,0,0,0,28800,0,0,0,0,0,N/A,N/A
2026-10-02 12:20,2026-10-06,0,0,0,0,0,29000,0,0,0,0,0,N/A,N/A
2026-10-02 12:20,2026-10-06,0,0,0,0,0,29200,0,0,0,0,0,N/A,N/A
2026-10-02 12:25,2026-10-06,4160,2210,1446.3,0,3640,21000,49981620,0,1.8,2314130,5712915,Short Buildup,Short Buildup
2026-10-02 12:25,2026-10-06,0,0,0,0,0,21200,27361945,0,2.15,599690,1966445,N/A,Short Buildup
2026-10-02 12:25,2026-10-06,1365,455,1071.95,0,1040,21400,33698015,0,3.3,1302665,3189095,Short Buildup,Short Buildup
2026-10-02 12:25,2026-10-06,3640,1625,834.5,0,11050,21600,42423420,0,4.75,1563575,3059940,Short Buildup,Short Buildup
2026-10-02 12:25,2026-10-06,41600,25155,661.9,0,152425,21800,67213250,0,8,2254200,5577000,Short Buildup,Short Buildup
2026-10-02 12:25,2026-10-06,776425,358995,472.5,0,4854200,22000,138225100,0,19,2877550,10766795,Short Buildup,Short Buildup
2026-10-02 12:25,2026-10-06,863655,738530,297.3,0,19214325,22200,143638300,0,45.1,2326025,6582355,Short Buildup,Short Buildup
2026-10-02 12:25,2026-10-06,3635255,3375255,156.95,0,108326660,22400,176899450,0,103.6,1539915,4369625,Short Buildup,Short Buildup
2026-10-02 12:25,2026-10-06,6140420,3016520,65.85,0,206398270,22600,145398695,0,211.8,-3159585,2630290,Short Buildup,Long Unwinding
2026-10-02 12:25,2026-10-06,9154275,922545,25.1,0,122405855,22800,16041740,0,370.35,-1590420,1834105,Short Buildup,Long Unwinding
2026-10-02 12:25,2026-10-06,14017445,2291120,10.75,0,116966460,23000,4112810,0,557.65,-646230,1689025,Short Buildup,Long Unwinding
2026-10-02 12:25,2026-10-06,9492795,2168725,5.65,0,66838070,23200,654615,0,752.45,-143000,463840,Short Buildup,Long Unwinding
2026-10-02 12:25,2026-10-06,5134350,423150,3.3,0,61153300,23400,305045,0,943.9,-86775,551590,Short Buildup,Long Unwinding
2026-10-02 12:25,2026-10-06,4624230,-1598740,2.05,0,67658305,23600,57135,0,1149.3,-23010,161265,Long Unwinding,Long Unwinding
2026-10-02 12:25,2026-10-06,4186520,727740,1.5,0,28642705,23800,24310,0,1347,-15470,103935,Short Buildup,Long Unwinding
2026-10-02 12:25,2026-10-06,11296870,2121210,1.2,0,50184680,24000,67405,0,1544.05,-36985,494000,Short Buildup,Long Unwinding
2026-10-02 12:25,2026-10-06,2525770,-767650,0.9,0,10577450,24200,21190,0,1722.4,-14755,88790,Long Unwinding,Long Unwinding
2026-10-02 12:25,2026-10-06,1678300,-723450,0.65,0,5651945,24400,12870,0,1958.1,-11700,55315,Long Unwinding,Long Unwinding
2026-10-02 12:25,2026-10-06,1221610,-952835,0.65,0,4063930,24600,2210,0,2165.75,-1950,17550,Long Unwinding,Long Unwinding
2026-10-02 12:25,2026-10-06,388570,-490685,0.55,0,2396355,24800,13780,0,2371.5,-9100,11310,Long Unwinding,Long Unwinding
2026-10-02 12:25,2026-10-06,2143635,-112775,0.55,0,4829630,25000,16510,0,2551,-15080,99775,Long Unwinding,Long Unwinding
2026-10-02 12:25,2026-10-06,276185,-6175,0.4,0,833170,25200,520,0,2550,0,520,Long Unwinding,N/A
2026-10-02 12:25,2026-10-06,43030,-31330,0.45,0,334100,25400,520,0,2800,0,1560,Long Unwinding,N/A
2026-10-02 12:25,2026-10-06,140660,-73840,0.45,0,619645,25600,130,0,2443.05,-130,0,Long Unwinding,Long Unwinding
2026-10-02 12:25,2026-10-06,558545,58435,0.4,0,1309815,25800,8970,0,2733.5,0,10075,Short Buildup,N/A
2026-10-02 12:25,2026-10-06,0,0,0,0,0,26000,0,0,0,0,0,N/A,N/A
2026-10-02 12:25,2026-10-06,0,0,0,0,0,26200,0,0,0,0,0,N/A,N/A
2026-10-02 12:25,2026-10-06,0,0,0,0,0,26400,0,0,0,0,0,N/A,N/A
2026-10-02 12:25,2026-10-06,0,0,0,0,0,26600,0,0,0,0,0,N/A,N/A
2026-10-02 12:25,2026-10-06,0,0,0,0,0,26800,0,0,0,0,0,N/A,N/A
2026-10-02 12:25,2026-10-06,0,0,0,0,0,27000,0,0,0,0,0,N/A,N/A
2026-10-02 12:25,2026-10-06,0,0,0,0,0,27200,0,0,0,0,0,N/A,N/A
2026-10-02 12:25,2026-10-06,0,0,0,0,0,27400,0,0,0,0,0,N/A,N/A
2026-10-02 12:25,2026-10-06,0,0,0,0,0,27600,0,0,0,0,0,N/A,N/A
2026-10-02 12:25,2026-10-06,0,0,0,0,0,27800,0,0,0,0,0,N/A,N/A
2026-10-02 12:25,2026-10-06,0,0,0,0,0,28000,0,0,0,0,0,N/A,N/A
2026-10-02 12:25,2026-10-06,0,0,0,0,0,28200,0,0,0,0,0,N/A,N/A
2026-10-02 12:25,2026-10-06,0,0,0,0,0,28400,0,0,0,0,0,N/A,N/A
2026-10-02 12:25,2026-10-06,0,0,0,0,0,28600,0,0,0,0,0,N/A,N/A
2026-10-02 12:25,2026-10-06,0,0,0,0,0,28800,0,0,0,0,0,N/A,N/A
2026-10-02 12:25,2026-10-06,0,0,0,0,0,29000,0,0,0,0,0,N/A,N/A
2026-10-02 12:25,2026-10-06,0,0,0,0,0,29200,0,0,0,0,0,N/A,N/A
2026-10-02 12:30,2026-10-06,4160,2210,1446.3,0,3640,21000,49981620,0,1.8,2314130,5712915,Short Buildup,Short Buildup
2026-10-02 12:30,2026-10-06,0,0,0,0,0,21200,27361945,0,2.15,599690,1966445,N/A,Short Buildup
2026-10-02 12:30,2026-10-06,1365,455,1071.95,0,1040,21400,33698015,0,3.3,1302665,3189095,Short Buildup,Short Buildup
2026-10-02 12:30,2026-10-06,3640,1625,834.5,0,11050,21600,42423420,0,4.75,1563575,3059940,Short Buildup,Short Buildup
2026-10-02 12:30,2026-10-06,41600,25155,661.9,0,152425,21800,67213250,0,8,2254200,5577000,Short Buildup,Short Buildup
2026-10-02 12:30,2026-10-06,776425,358995,472.5,0,4854200,22000,138225100,0,19,2877550,10766795,Short Buildup,Short Buildup
2026-10-02 12:30,2026-10-06,863655,738530,297.3,0,19214325,22200,143638300,0,45.1,2326025,6582355,Short Buildup,Short Buildup
2026-10-02 12:30,2026-10-06,3635255,3375255,156.95,0,108326660,22400,176899450,0,103.6,1539915,4369625,Short Buildup,Short Buildup
2026-10-02 12:30,2026-10-06,6140420,3016520,65.85,0,206398270,22600,145398695,0,211.8,-3159585,2630290,Short Buildup,Long Unwinding
2026-10-02 12:30,2026-10-06,9154275,922545,25.1,0,122405855,22800,16041740,0,370.35,-1590420,1834105,Short Buildup,Long Unwinding
2026-10-02 12:30,2026-10-06,14017445,2291120,10.75,0,116966460,23000,4112810,0,557.65,-646230,1689025,Short Buildup,Long Unwinding
2026-10-02 12:30,2026-10-06,9492795,2168725,5.65,0,66838070,23200,654615,0,752.45,-143000,463840,Short Buildup,Long Unwinding
2026-10-02 12:30,2026-10-06,5134350,423150,3.3,0,61153300,23400,305045,0,943.9,-86775,551590,Short Buildup,Long Unwinding
2026-10-02 12:30,2026-10-06,4624230,-1598740,2.05,0,67658305,23600,57135,0,1149.3,-23010,161265,Long Unwinding,Long Unwinding
2026-10-02 12:30,2026-10-06,4186520,727740,1.5,0,28642705,23800,24310,0,1347,-15470,103935,Short Buildup,Long Unwinding
2026-10-02 12:30,2026-10-06,11296870,2121210,1.2,0,50184680,24000,67405,0,1544.05,-36985,494000,Short Buildup,Long Unwinding
2026-10-02 12:30,2026-10-06,2525770,-767650,0.9,0,10577450,24200,21190,0,1722.4,-14755,88790,Long Unwinding,Long Unwinding
2026-10-02 12:30,2026-10-06,1678300,-723450,0.65,0,5651945,24400,12870,0,1958.1,-11700,55315,Long Unwinding,Long Unwinding
2026-10-02 12:30,2026-10-06,1221610,-952835,0.65,0,4063930,24600,2210,0,2165.75,-1950,17550,Long Unwinding,Long Unwinding
2026-10-02 12:30,2026-10-06,388570,-490685,0.55,0,2396355,24800,13780,0,2371.5,-9100,11310,Long Unwinding,Long Unwinding
2026-10-02 12:30,2026-10-06,2143635,-112775,0.55,0,4829630,25000,16510,0,2551,-15080,99775,Long Unwinding,Long Unwinding
2026-10-02 12:30,2026-10-06,276185,-6175,0.4,0,833170,25200,520,0,2550,0,520,Long Unwinding,N/A
2026-10-02 12:30,2026-10-06,43030,-31330,0.45,0,334100,25400,520,0,2800,0,1560,Long Unwinding,N/A
2026-10-02 12:30,2026-10-06,140660,-73840,0.45,0,619645,25600,130,0,2443.05,-130,0,Long Unwinding,Long Unwinding
2026-10-02 12:30,2026-10-06,558545,58435,0.4,0,1309815,25800,8970,0,2733.5,0,10075,Short Buildup,N/A
2026-10-02 12:30,2026-10-06,0,0,0,0,0,26000,0,0,0,0,0,N/A,N/A
2026-10-02 12:30,2026-10-06,0,0,0,0,0,26200,0,0,0,0,0,N/A,N/A
2026-10-02 12:30,2026-10-06,0,0,0,0,0,26400,0,0,0,0,0,N/A,N/A
2026-10-02 12:30,2026-10-06,0,0,0,0,0,26600,0,0,0,0,0,N/A,N/A
2026-10-02 12:30,2026-10-06,0,0,0,0,0,26800,0,0,0,0,0,N/A,N/A
2026-10-02 12:30,2026-10-06,0,0,0,0,0,27000,0,0,0,0,0,N/A,N/A
2026-10-02 12:30,2026-10-06,0,0,0,0,0,27200,0,0,0,0,0,N/A,N/A
2026-10-02 12:30,2026-10-06,0,0,0,0,0,27400,0,0,0,0,0,N/A,N/A
2026-10-02 12:30,2026-10-06,0,0,0,0,0,27600,0,0,0,0,0,N/A,N/A
2026-10-02 12:30,2026-10-06,0,0,0,0,0,27800,0,0,0,0,0,N/A,N/A
2026-10-02 12:30,2026-10-06,0,0,0,0,0,28000,0,0,0,0,0,N/A,N/A
2026-10-02 12:30,2026-10-06,0,0,0,0,0,28200,0,0,0,0,0,N/A,N/A
2026-10-02 12:30,2026-10-06,0,0,0,0,0,28400,0,0,0,0,0,N/A,N/A
2026-10-02 12:30,2026-10-06,0,0,0,0,0,28600,0,0,0,0,0,N/A,N/A
2026-10-02 12:30,2026-10-06,0,0,0,0,0,28800,0,0,0,0,0,N/A,N/A
2026-10-02 12:30,2026-10-06,0,0,0,0,0,29000,0,0,0,0,0,N/A,N/A
2026-10-02 12:30,2026-10-06,0,0,0,0,0,29200,0,0,0,0,0,N/A,N/A
2026-10-02 12:35,2026-10-06,4160,2210,1446.3,0,3640,21000,49981620,0,1.8,2314130,5712915,Short Buildup,Short Buildup
2026-10-02 12:35,2026-10-06,0,0,0,0,0,21200,27361945,0,2.15,599690,1966445,N/A,Short Buildup
2026-10-02 12:35,2026-10-06,1365,455,1071.95,0,1040,21400,33698015,0,3.3,1302665,3189095,Short Buildup,Short Buildup
2026-10-02 12:35,2026-10-06,3640,1625,834.5,0,11050,21600,42423420,0,4.75,1563575,3059940,Short Buildup,Short Buildup
2026-10-02 12:35,2026-10-06,41600,25155,661.9,0,152425,21800,67213250,0,8,2254200,5577000,Short Buildup,Short Buildup
2026-10-02 12:35,2026-10-06,776425,358995,472.5,0,4854200,22000,138225100,0,19,2877550,10766795,Short Buildup,Short Buildup
2026-10-02 12:35,2026-10-06,863655,738530,297.3,0,19214325,22200,143638300,0,45.1,2326025,6582355,Short Buildup,Short Buildup
2026-10-02 12:35,2026-10-06,3635255,3375255,156.95,0,108326660,22400,176899450,0,103.6,1539915,4369625,Short Buildup,Short Buildup
2026-10-02 12:35,2026-10-06,6140420,3016520,65.85,0,206398270,22600,145398695,0,211.8,-3159585,2630290,Short Buildup,Long Unwinding
2026-10-02 12:35,2026-10-06,9154275,922545,25.1,0,122405855,22800,16041740,0,370.35,-1590420,1834105,Short Buildup,Long Unwinding
2026-10-02 12:35,2026-10-06,14017445,2291120,10.75,0,116966460,23000,4112810,0,557.65,-646230,1689025,Short Buildup,Long Unwinding
2026-10-02 12:35,2026-10-06,9492795,2168725,5.65,0,66838070,23200,654615,0,752.45,-143000,463840,Short Buildup,Long Unwinding
2026-10-02 12:35,2026-10-06,5134350,423150,3.3,0,61153300,23400,305045,0,943.9,-86775,551590,Short Buildup,Long Unwinding
2026-10-02 12:35,2026-10-06,4624230,-1598740,2.05,0,67658305,23600,57135,0,1149.3,-23010,161265,Long Unwinding,Long Unwinding
2026-10-02 12:35,2026-10-06,4186520,727740,1.5,0,28642705,23800,24310,0,1347,-15470,103935,Short Buildup,Long Unwinding
2026-10-02 12:35,2026-10-06,11296870,2121210,1.2,0,50184680,24000,67405,0,1544.05,-36985,494000,Short Buildup,Long Unwinding
2026-10-02 12:35,2026-10-06,2525770,-767650,0.9,0,10577450,24200,21190,0,1722.4,-14755,88790,Long Unwinding,Long Unwinding
2026-10-02 12:35,2026-10-06,1678300,-723450,0.65,0,5651945,24400,12870,0,1958.1,-11700,55315,Long Unwinding,Long Unwinding
2026-10-02 12:35,2026-10-06,1221610,-952835,0.65,0,4063930,24600,2210,0,2165.75,-1950,17550,Long Unwinding,Long Unwinding
2026-10-02 12:35,2026-10-06,388570,-490685,0.55,0,2396355,24800,13780,0,2371.5,-9100,11310,Long Unwinding,Long Unwinding
2026-10-02 12:35,2026-10-06,2143635,-112775,0.55,0,4829630,25000,16510,0,2551,-15080,99775,Long Unwinding,Long Unwinding
2026-10-02 12:35,2026-10-06,276185,-6175,0.4,0,833170,25200,520,0,2550,0,520,Long Unwinding,N/A
2026-10-02 12:35,2026-10-06,43030,-31330,0.45,0,334100,25400,520,0,2800,0,1560,Long Unwinding,N/A
2026-10-02 12:35,2026-10-06,140660,-73840,0.45,0,619645,25600,130,0,2443.05,-130,0,Long Unwinding,Long Unwinding
2026-10-02 12:35,2026-10-06,558545,58435,0.4,0,1309815,25800,8970,0,2733.5,0,10075,Short Buildup,N/A
2026-10-02 12:35,2026-10-06,0,0,0,0,0,26000,0,0,0,0,0,N/A,N/A
2026-10-02 12:35,2026-10-06,0,0,0,0,0,26200,0,0,0,0,0,N/A,N/A
2026-10-02 12:35,2026-10-06,0,0,0,0,0,26400,0,0,0,0,0,N/A,N/A
2026-10-02 12:35,2026-10-06,0,0,0,0,0,26600,0,0,0,0,0,N/A,N/A
2026-10-02 12:35,2026-10-06,0,0,0,0,0,26800,0,0,0,0,0,N/A,N/A
2026-10-02 12:35,2026-10-06,0,0,0,0,0,27000,0,0,0,0,0,N/A,N/A
2026-10-02 12:35,2026-10-06,0,0,0,0,0,27200,0,0,0,0,0,N/A,N/A
2026-10-02 12:35,2026-10-06,0,0,0,0,0,27400,0,0,0,0,0,N/A,N/A
2026-10-02 12:35,2026-10-06,0,0,0,0,0,27600,0,0,0,0,0,N/A,N/A
2026-10-02 12:35,2026-10-06,0,0,0,0,0,27800,0,0,0,0,0,N/A,N/A
2026-10-02 12:35,2026-10-06,0,0,0,0,0,28000,0,0,0,0,0,N/A,N/A
2026-10-02 12:35,2026-10-06,0,0,0,0,0,28200,0,0,0,0,0,N/A,N/A
2026-10-02 12:35,2026-10-06,0,0,0,0,0,28400,0,0,0,0,0,N/A,N/A
2026-10-02 12:35,2026-10-06,0,0,0,0,0,28600,0,0,0,0,0,N/A,N/A
2026-10-02 12:35,2026-10-06,0,0,0,0,0,28800,0,0,0,0,0,N/A,N/A
2026-10-02 12:35,2026-10-06,0,0,0,0,0,29000,0,0,0,0,0,N/A,N/A
2026-10-02 12:35,2026-10-06,0,0,0,0,0,29200,0,0,0,0,0,N/A,N/A
2026-10-02 12:40,2026-10-06,4160,2210,1446.3,0,3640,21000,49981620,0,1.8,2314130,5712915,Short Buildup,Short Buildup
2026-10-02 12:40,2026-10-06,0,0,0,0,0,21200,27361945,0,2.15,599690,1966445,N/A,Short Buildup
2026-10-02 12:40,2026-10-06,1365,455,1071.95,0,1040,21400,33698015,0,3.3,1302665,3189095,Short Buildup,Short Buildup
2026-10-02 12:40,2026-10-06,3640,1625,834.5,0,11050,21600,42423420,0,4.75,1563575,3059940,Short Buildup,Short Buildup
2026-10-02 12:40,2026-10-06,41600,25155,661.9,0,152425,21800,67213250,0,8,2254200,5577000,Short Buildup,Short Buildup
2026-10-02 12:40,2026-10-06,776425,358995,472.5,0,4854200,22000,138225100,0,19,2877550,10766795,Short Buildup,Short Buildup
2026-10-02 12:40,2026-10-06,863655,738530,297.3,0,19214325,22200,143638300,0,45.1,2326025,6582355,Short Buildup,Short Buildup
2026-10-02 12:40,2026-10-06,3635255,3375255,156.95,0,108326660,22400,176899450,0,103.6,1539915,4369625,Short Buildup,Short Buildup
2026-10-02 12:40,2026-10-06,6140420,3016520,65.85,0,206398270,22600,145398695,0,211.8,-3159585,2630290,Short Buildup,Long Unwinding
2026-10-02 12:40,2026-10-06,9154275,922545,25.1,0,122405855,22800,16041740,0,370.35,-1590420,1834105,Short Buildup,Long Unwinding
2026-10-02 12:40,2026-10-06,14017445,2291120,10.75,0,116966460,23000,4112810,0,557.65,-646230,1689025,Short Buildup,Long Unwinding
2026-10-02 12:40,2026-10-06,9492795,2168725,5.65,0,66838070,23200,654615,0,752.45,-143000,463840,Short Buildup,Long Unwinding
2026-10-02 12:40,2026-10-06,5134350,423150,3.3,0,61153300,23400,305045,0,943.9,-86775,551590,Short Buildup,Long Unwinding
2026-10-02 12:40,2026-10-06,4624230,-1598740,2.05,0,67658305,23600,57135,0,1149.3,-23010,161265,Long Unwinding,Long Unwinding
2026-10-02 12:40,2026-10-06,4186520,727740,1.5,0,28642705,23800,24310,0,1347,-15470,103935,Short Buildup,Long Unwinding
2026-10-02 12:40,2026-10-06,11296870,2121210,1.2,0,50184680,24000,67405,0,1544.05,-36985,494000,Short Buildup,Long Unwinding
2026-10-02 12:40,2026-10-06,2525770,-767650,0.9,0,10577450,24200,21190,0,1722.4,-14755,88790,Long Unwinding,Long Unwinding
2026-10-02 12:40,2026-10-06,1678300,-723450,0.65,0,5651945,24400,12870,0,1958.1,-11700,55315,Long Unwinding,Long Unwinding
2026-10-02 12:40,2026-10-06,1221610,-952835,0.65,0,4063930,24600,2210,0,2165.75,-1950,17550,Long Unwinding,Long Unwinding
2026-10-02 12:40,2026-10-06,388570,-490685,0.55,0,2396355,24800,13780,0,2371.5,-9100,11310,Long Unwinding,Long Unwinding
2026-10-02 12:40,2026-10-06,2143635,-112775,0.55,0,4829630,25000,16510,0,2551,-15080,99775,Long Unwinding,Long Unwinding
2026-10-02 12:40,2026-10-06,276185,-6175,0.4,0,833170,25200,520,0,2550,0,520,Long Unwinding,N/A
2026-10-02 12:40,2026-10-06,43030,-31330,0.45,0,334100,25400,520,0,2800,0,1560,Long Unwinding,N/A
2026-10-02 12:40,2026-10-06,140660,-73840,0.45,0,619645,25600,130,0,2443.05,-130,0,Long Unwinding,Long Unwinding
2026-10-02 12:40,2026-10-06,558545,58435,0.4,0,1309815,25800,8970,0,2733.5,0,10075,Short Buildup,N/A
2026-10-02 12:40,2026-10-06,0,0,0,0,0,26000,0,0,0,0,0,N/A,N/A
2026-10-02 12:40,2026-10-06,0,0,0,0,0,26200,0,0,0,0,0,N/A,N/A
2026-10-02 12:40,2026-10-06,0,0,0,0,0,26400,0,0,0,0,0,N/A,N/A
2026-10-02 12:40,2026-10-06,0,0,0,0,0,26600,0,0,0,0,0,N/A,N/A
2026-10-02 12:40,2026-10-06,0,0,0,0,0,26800,0,0,0,0,0,N/A,N/A
2026-10-02 12:40,2026-10-06,0,0,0,0,0,27000,0,0,0,0,0,N/A,N/A
2026-10-02 12:40,2026-10-06,0,0,0,0,0,27200,0,0,0,0,0,N/A,N/A
2026-10-02 12:40,2026-10-06,0,0,0,0,0,27400,0,0,0,0,0,N/A,N/A
2026-10-02 12:40,2026-10-06,0,0,0,0,0,27600,0,0,0,0,0,N/A,N/A
2026-10-02 12:40,2026-10-06,0,0,0,0,0,27800,0,0,0,0,0,N/A,N/A
2026-10-02 12:40,2026-10-06,0,0,0,0,0,28000,0,0,0,0,0,N/A,N/A
2026-10-02 12:40,2026-10-06,0,0,0,0,0,28200,0,0,0,0,0,N/A,N/A
2026-10-02 12:40,2026-10-06,0,0,0,0,0,28400,0,0,0,0,0,N/A,N/A
2026-10-02 12:40,2026-10-06,0,0,0,0,0,28600,0,0,0,0,0,N/A,N/A
2026-10-02 12:40,2026-10-06,0,0,0,0,0,28800,0,0,0,0,0,N/A,N/A
2026-10-02 12:40,2026-10-06,0,0,0,0,0,29000,0,0,0,0,0,N/A,N/A
2026-10-02 12:40,2026-10-06,0,0,0,0,0,29200,0,0,0,0,0,N/A,N/A
2026-10-02 12:45,2026-10-06,4160,2210,1446.3,0,3640,21000,49981620,0,1.8,2314130,5712915,Short Buildup,Short Buildup
2026-10-02 12:45,2026-10-06,0,0,0,0,0,21200,27361945,0,2.15,599690,1966445,N/A,Short Buildup
2026-10-02 12:45,2026-10-06,1365,455,1071.95,0,1040,21400,33698015,0,3.3,1302665,3189095,Short Buildup,Short Buildup
2026-10-02 12:45,2026-10-06,3640,1625,834.5,0,11050,21600,42423420,0,4.75,1563575,3059940,Short Buildup,Short Buildup
2026-10-02 12:45,2026-10-06,41600,25155,661.9,0,152425,21800,67213250,0,8,2254200,5577000,Short Buildup,Short Buildup
2026-10-02 12:45,2026-10-06,776425,358995,472.5,0,4854200,22000,138225100,0,19,2877550,10766795,Short Buildup,Short Buildup
2026-10-02 12:45,2026-10-06,863655,738530,297.3,0,19214325,22200,143638300,0,45.1,2326025,6582355,Short Buildup,Short Buildup
2026-10-02 12:45,2026-10-06,3635255,3375255,156.95,0,108326660,22400,176899450,0,103.6,1539915,4369625,Short Buildup,Short Buildup
2026-10-02 12:45,2026-10-06,6140420,3016520,65.85,0,206398270,22600,145398695,0,211.8,-3159585,2630290,Short Buildup,Long Unwinding
2026-10-02 12:45,2026-10-06,9154275,922545,25.1,0,122405855,22800,16041740,0,370.35,-1590420,1834105,Short Buildup,Long Unwinding
2026-10-02 12:45,2026-10-06,14017445,2291120,10.75,0,116966460,23000,4112810,0,557.65,-646230,1689025,Short Buildup,Long Unwinding
2026-10-02 12:45,2026-10-06,9492795,2168725,5.65,0,66838070,23200,654615,0,752.45,-143000,463840,Short Buildup,Long Unwinding
2026-10-02 12:45,2026-10-06,5134350,423150,3.3,0,61153300,23400,305045,0,943.9,-86775,551590,Short Buildup,Long Unwinding
2026-10-02 12:45,2026-10-06,4624230,-1598740,2.05,0,67658305,23600,57135,0,1149.3,-23010,161265,Long Unwinding,Long Unwinding
2026-10-02 12:45,2026-10-06,4186520,727740,1.5,0,28642705,23800,24310,0,1347,-15470,103935,Short Buildup,Long Unwinding
2026-10-02 12:45,2026-10-06,11296870,2121210,1.2,0,50184680,24000,67405,0,1544.05,-36985,494000,Short Buildup,Long Unwinding
2026-10-02 12:45,2026-10-06,2525770,-767650,0.9,0,10577450,24200,21190,0,1722.4,-14755,88790,Long Unwinding,Long Unwinding
2026-10-02 12:45,2026-10-06,1678300,-723450,0.65,0,5651945,24400,12870,0,1958.1,-11700,55315,Long Unwinding,Long Unwinding
2026-10-02 12:45,2026-10-06,1221610,-952835,0.65,0,4063930,24600,2210,0,2165.75,-1950,17550,Long Unwinding,Long Unwinding
2026-10-02 12:45,2026-10-06,388570,-490685,0.55,0,2396355,24800,13780,0,2371.5,-9100,11310,Long Unwinding,Long Unwinding
2026-10-02 12:45,2026-10-06,2143635,-112775,0.55,0,4829630,25000,16510,0,2551,-15080,99775,Long Unwinding,Long Unwinding
2026-10-02 12:45,2026-10-06,276185,-6175,0.4,0,833170,25200,520,0,2550,0,520,Long Unwinding,N/A
2026-10-02 12:45,2026-10-06,43030,-31330,0.45,0,334100,25400,520,0,2800,0,1560,Long Unwinding,N/A
2026-10-02 12:45,2026-10-06,140660,-73840,0.45,0,619645,25600,130,0,2443.05,-130,0,Long Unwinding,Long Unwinding
2026-10-02 12:45,2026-10-06,558545,58435,0.4,0,1309815,25800,8970,0,2733.5,0,10075,Short Buildup,N/A
2026-10-02 12:45,2026-10-06,0,0,0,0,0,26000,0,0,0,0,0,N/A,N/A
2026-10-02 12:45,2026-10-06,0,0,0,0,0,26200,0,0,0,0,0,N/A,N/A
2026-10-02 12:45,2026-10-06,0,0,0,0,0,26400,0,0,0,0,0,N/A,N/A
2026-10-02 12:45,2026-10-06,0,0,0,0,0,26600,0,0,0,0,0,N/A,N/A
2026-10-02 12:45,2026-10-06,0,0,0,0,0,26800,0,0,0,0,0,N/A,N/A
2026-10-02 12:45,2026-10-06,0,0,0,0,0,27000,0,0,0,0,0,N/A,N/A
2026-10-02 12:45,2026-10-06,0,0,0,0,0,27200,0,0,0,0,0,N/A,N/A
2026-10-02 12:45,2026-10-06,0,0,0,0,0,27400,0,0,0,0,0,N/A,N/A
2026-10-02 12:45,2026-10-06,0,0,0,0,0,27600,0,0,0,0,0,N/A,N/A
2026-10-02 12:45,2026-10-06,0,0,0,0,0,27800,0,0,0,0,0,N/A,N/A
2026-10-02 12:45,2026-10-06,0,0,0,0,0,28000,0,0,0,0,0,N/A,N/A
2026-10-02 12:45,2026-10-06,0,0,0,0,0,28200,0,0,0,0,0,N/A,N/A
2026-10-02 12:45,2026-10-06,0,0,0,0,0,28400,0,0,0,0,0,N/A,N/A
2026-10-02 12:45,2026-10-06,0,0,0,0,0,28600,0,0,0,0,0,N/A,N/A
2026-10-02 12:45,2026-10-06,0,0,0,0,0,28800,0,0,0,0,0,N/A,N/A
2026-10-02 12:45,2026-10-06,0,0,0,0,0,29000,0,0,0,0,0,N/A,N/A
2026-10-02 12:45,2026-10-06,0,0,0,0,0,29200,0,0,0,0,0,N/A,N/A
2026-10-02 12:50,2026-10-06,4160,2210,1446.3,0,3640,21000,49981620,0,1.8,2314130,5712915,Short Buildup,Short Buildup
2026-10-02 12:50,2026-10-06,0,0,0,0,0,21200,27361945,0,2.15,599690,1966445,N/A,Short Buildup
2026-10-02 12:50,2026-10-06,1365,455,1071.95,0,1040,21400,33698015,0,3.3,1302665,3189095,Short Buildup,Short Buildup
2026-10-02 12:50,2026-10-06,3640,1625,834.5,0,11050,21600,42423420,0,4.75,1563575,3059940,Short Buildup,Short Buildup
2026-10-02 12:50,2026-10-06,41600,25155,661.9,0,152425,21800,67213250,0,8,2254200,5577000,Short Buildup,Short Buildup
2026-10-02 12:50,2026-10-06,776425,358995,472.5,0,4854200,22000,138225100,0,19,2877550,10766795,Short Buildup,Short Buildup
2026-10-02 12:50,2026-10-06,863655,738530,297.3,0,19214325,22200,143638300,0,45.1,2326025,6582355,Short Buildup,Short Buildup
2026-10-02 12:50,2026-10-06,3635255,3375255,156.95,0,108326660,22400,176899450,0,103.6,1539915,4369625,Short Buildup,Short Buildup
2026-10-02 12:50,2026-10-06,6140420,3016520,65.85,0,206398270,22600,145398695,0,211.8,-3159585,2630290,Short Buildup,Long Unwinding
2026-10-02 12:50,2026-10-06,9154275,922545,25.1,0,122405855,22800,16041740,0,370.35,-1590420,1834105,Short Buildup,Long Unwinding
2026-10-02 12:50,2026-10-06,14017445,2291120,10.75,0,116966460,23000,4112810,0,557.65,-646230,1689025,Short Buildup,Long Unwinding
2026-10-02 12:50,2026-10-06,9492795,2168725,5.65,0,66838070,23200,654615,0,752.45,-143000,463840,Short Buildup,Long Unwinding
2026-10-02 12:50,2026-10-06,5134350,423150,3.3,0,61153300,23400,305045,0,943.9,-86775,551590,Short Buildup,Long Unwinding
2026-10-02 12:50,2026-10-06,4624230,-1598740,2.05,0,67658305,23600,57135,0,1149.3,-23010,161265,Long Unwinding,Long Unwinding
2026-10-02 12:50,2026-10-06,4186520,727740,1.5,0,28642705,23800,24310,0,1347,-15470,103935,Short Buildup,Long Unwinding
2026-10-02 12:50,2026-10-06,11296870,2121210,1.2,0,50184680,24000,67405,0,1544.05,-36985,494000,Short Buildup,Long Unwinding
2026-10-02 12:50,2026-10-06,2525770,-767650,0.9,0,10577450,24200,21190,0,1722.4,-14755,88790,Long Unwinding,Long Unwinding
2026-10-02 12:50,2026-10-06,1678300,-723450,0.65,0,5651945,24400,12870,0,1958.1,-11700,55315,Long Unwinding,Long Unwinding
2026-10-02 12:50,2026-10-06,1221610,-952835,0.65,0,4063930,24600,2210,0,2165.75,-1950,17550,Long Unwinding,Long Unwinding
2026-10-02 12:50,2026-10-06,388570,-490685,0.55,0,2396355,24800,13780,0,2371.5,-9100,11310,Long Unwinding,Long Unwinding
2026-10-02 12:50,2026-10-06,2143635,-112775,0.55,0,4829630,25000,16510,0,2551,-15080,99775,Long Unwinding,Long Unwinding
2026-10-02 12:50,2026-10-06,276185,-6175,0.4,0,833170,25200,520,0,2550,0,520,Long Unwinding,N/A
2026-10-02 12:50,2026-10-06,43030,-31330,0.45,0,334100,25400,520,0,2800,0,1560,Long Unwinding,N/A
2026-10-02 12:50,2026-10-06,140660,-73840,0.45,0,619645,25600,130,0,2443.05,-130,0,Long Unwinding,Long Unwinding
2026-10-02 12:50,2026-10-06,558545,58435,0.4,0,1309815,25800,8970,0,2733.5,0,10075,Short Buildup,N/A
2026-10-02 12:50,2026-10-06,0,0,0,0,0,26000,0,0,0,0,0,N/A,N/A
2026-10-02 12:50,2026-10-06,0,0,0,0,0,26200,0,0,0,0,0,N/A,N/A
2026-10-02 12:50,2026-10-06,0,0,0,0,0,26400,0,0,0,0,0,N/A,N/A
2026-10-02 12:50,2026-10-06,0,0,0,0,0,26600,0,0,0,0,0,N/A,N/A
2026-10-02 12:50,2026-10-06,0,0,0,0,0,26800,0,0,0,0,0,N/A,N/A
2026-10-02 12:50,2026-10-06,0,0,0,0,0,27000,0,0,0,0,0,N/A,N/A
2026-10-02 12:50,2026-10-06,0,0,0,0,0,27200,0,0,0,0,0,N/A,N/A
2026-10-02 12:50,2026-10-06,0,0,0,0,0,27400,0,0,0,0,0,N/A,N/A
2026-10-02 12:50,2026-10-06,0,0,0,0,0,27600,0,0,0,0,0,N/A,N/A
2026-10-02 12:50,2026-10-06,0,0,0,0,0,27800,0,0,0,0,0,N/A,N/A
2026-10-02 12:50,2026-10-06,0,0,0,0,0,28000,0,0,0,0,0,N/A,N/A
2026-10-02 12:50,2026-10-06,0,0,0,0,0,28200,0,0,0,0,0,N/A,N/A
2026-10-02 12:50,2026-10-06,0,0,0,0,0,28400,0,0,0,0,0,N/A,N/A
2026-10-02 12:50,2026-10-06,0,0,0,0,0,28600,0,0,0,0,0,N/A,N/A
2026-10-02 12:50,2026-10-06,0,0,0,0,0,28800,0,0,0,0,0,N/A,N/A
2026-10-02 12:50,2026-10-06,0,0,0,0,0,29000,0,0,0,0,0,N/A,N/A
2026-10-02 12:50,2026-10-06,0,0,0,0,0,29200,0,0,0,0,0,N/A,N/A
2026-10-02 12:55,2026-10-06,4160,2210,1446.3,0,3640,21000,49981620,0,1.8,2314130,5712915,Short Buildup,Short Buildup
2026-10-02 12:55,2026-10-06,0,0,0,0,0,21200,27361945,0,2.15,599690,1966445,N/A,Short Buildup
2026-10-02 12:55,2026-10-06,1365,455,1071.95,0,1040,21400,33698015,0,3.3,1302665,3189095,Short Buildup,Short Buildup
2026-10-02 12:55,2026-10-06,3640,1625,834.5,0,11050,21600,42423420,0,4.75,1563575,3059940,Short Buildup,Short Buildup
2026-10-02 12:55,2026-10-06,41600,25155,661.9,0,152425,21800,67213250,0,8,2254200,5577000,Short Buildup,Short Buildup
2026-10-02 12:55,2026-10-06,776425,358995,472.5,0,4854200,22000,138225100,0,19,2877550,10766795,Short Buildup,Short Buildup
2026-10-02 12:55,2026-10-06,863655,738530,297.3,0,19214325,22200,143638300,0,45.1,2326025,6582355,Short Buildup,Short Buildup
2026-10-02 12:55,2026-10-06,3635255,3375255,156.95,0,108326660,22400,176899450,0,103.6,1539915,4369625,Short Buildup,Short Buildup
2026-10-02 12:55,2026-10-06,6140420,3016520,65.85,0,206398270,22600,145398695,0,211.8,-3159585,2630290,Short Buildup,Long Unwinding
2026-10-02 12:55,2026-10-06,9154275,922545,25.1,0,122405855,22800,16041740,0,370.35,-1590420,1834105,Short Buildup,Long Unwinding
2026-10-02 12:55,2026-10-06,14017445,2291120,10.75,0,116966460,23000,4112810,0,557.65,-646230,1689025,Short Buildup,Long Unwinding
2026-10-02 12:55,2026-10-06,9492795,2168725,5.65,0,66838070,23200,654615,0,752.45,-143000,463840,Short Buildup,Long Unwinding
2026-10-02 12:55,2026-10-06,5134350,423150,3.3,0,61153300,23400,305045,0,943.9,-86775,551590,Short Buildup,Long Unwinding
2026-10-02 12:55,2026-10-06,4624230,-1598740,2.05,0,67658305,23600,57135,0,1149.3,-23010,161265,Long Unwinding,Long Unwinding
2026-10-02 12:55,2026-10-06,4186520,727740,1.5,0,28642705,23800,24310,0,1347,-15470,103935,Short Buildup,Long Unwinding
2026-10-02 12:55,2026-10-06,11296870,2121210,1.2,0,50184680,24000,67405,0,1544.05,-36985,494000,Short Buildup,Long Unwinding
2026-10-02 12:55,2026-10-06,2525770,-767650,0.9,0,10577450,24200,21190,0,1722.4,-14755,88790,Long Unwinding,Long Unwinding
2026-10-02 12:55,2026-10-06,1678300,-723450,0.65,0,5651945,24400,12870,0,1958.1,-11700,55315,Long Unwinding,Long Unwinding
2026-10-02 12:55,2026-10-06,1221610,-952835,0.65,0,4063930,24600,2210,0,2165.75,-1950,17550,Long Unwinding,Long Unwinding
2026-10-02 12:55,2026-10-06,388570,-490685,0.55,0,2396355,24800,13780,0,2371.5,-9100,11310,Long Unwinding,Long Unwinding
2026-10-02 12:55,2026-10-06,2143635,-112775,0.55,0,4829630,25000,16510,0,2551,-15080,99775,Long Unwinding,Long Unwinding
2026-10-02 12:55,2026-10-06,276185,-6175,0.4,0,833170,25200,520,0,2550,0,520,Long Unwinding,N/A
2026-10-02 12:55,2026-10-06,43030,-31330,0.45,0,334100,25400,520,0,2800,0,1560,Long Unwinding,N/A
2026-10-02 12:55,2026-10-06,140660,-73840,0.45,0,619645,25600,130,0,2443.05,-130,0,Long Unwinding,Long Unwinding
2026-10-02 12:55,2026-10-06,558545,58435,0.4,0,1309815,25800,8970,0,2733.5,0,10075,Short Buildup,N/A
2026-10-02 12:55,2026-10-06,0,0,0,0,0,26000,0,0,0,0,0,N/A,N/A
2026-10-02 12:55,2026-10-06,0,0,0,0,0,26200,0,0,0,0,0,N/A,N/A
2026-10-02 12:55,2026-10-06,0,0,0,0,0,26400,0,0,0,0,0,N/A,N/A
2026-10-02 12:55,2026-10-06,0,0,0,0,0,26600,0,0,0,0,0,N/A,N/A
2026-10-02 12:55,2026-10-06,0,0,0,0,0,26800,0,0,0,0,0,N/A,N/A
2026-10-02 12:55,2026-10-06,0,0,0,0,0,27000,0,0,0,0,0,N/A,N/A
2026-10-02 12:55,2026-10-06,0,0,0,0,0,27200,0,0,0,0,0,N/A,N/A
2026-10-02 12:55,2026-10-06,0,0,0,0,0,27400,0,0,0,0,0,N/A,N/A
2026-10-02 12:55,2026-10-06,0,0,0,0,0,27600,0,0,0,0,0,N/A,N/A
2026-10-02 12:55,2026-10-06,0,0,0,0,0,27800,0,0,0,0,0,N/A,N/A
2026-10-02 12:55,2026-10-06,0,0,0,0,0,28000,0,0,0,0,0,N/A,N/A
2026-10-02 12:55,2026-10-06,0,0,0,0,0,28200,0,0,0,0,0,N/A,N/A
2026-10-02 12:55,2026-10-06,0,0,0,0,0,28400,0,0,0,0,0,N/A,N/A
2026-10-02 12:55,2026-10-06,0,0,0,0,0,28600,0,0,0,0,0,N/A,N/A
2026-10-02 12:55,2026-10-06,0,0,0,0,0,28800,0,0,0,0,0,N/A,N/A
2026-10-02 12:55,2026-10-06,0,0,0,0,0,29000,0,0,0,0,0,N/A,N/A
2026-10-02 12:55,2026-10-06,0,0,0,0,0,29200,0,0,0,0,0,N/A,N/A
2026-10-02 13:00,2026-10-06,4160,2210,1446.3,0,3640,21000,49981620,0,1.8,2314130,5712915,Short Buildup,Short Buildup
2026-10-02 13:00,2026-10-06,0,0,0,0,0,21200,27361945,0,2.15,599690,1966445,N/A,Short Buildup
2026-10-02 13:00,2026-10-06,1365,455,1071.95,0,1040,21400,33698015,0,3.3,1302665,3189095,Short Buildup,Short Buildup
2026-10-02 13:00,2026-10-06,3640,1625,834.5,0,11050,21600,42423420,0,4.75,1563575,3059940,Short Buildup,Short Buildup
2026-10-02 13:00,2026-10-06,41600,25155,661.9,0,152425,21800,67213250,0,8,2254200,5577000,Short Buildup,Short Buildup
2026-10-02 13:00,2026-10-06,776425,358995,472.5,0,4854200,22000,138225100,0,19,2877550,10766795,Short Buildup,Short Buildup
2026-10-02 13:00,2026-10-06,863655,738530,297.3,0,19214325,22200,143638300,0,45.1,2326025,6582355,Short Buildup,Short Buildup
2026-10-02 13:00,2026-10-06,3635255,3375255,156.95,0,108326660,22400,176899450,0,103.6,1539915,4369625,Short Buildup,Short Buildup
2026-10-02 13:00,2026-10-06,6140420,3016520,65.85,0,206398270,22600,145398695,0,211.8,-3159585,2630290,Short Buildup,Long Unwinding
2026-10-02 13:00,2026-10-06,9154275,922545,25.1,0,122405855,22800,16041740,0,370.35,-1590420,1834105,Short Buildup,Long Unwinding
2026-10-02 13:00,2026-10-06,14017445,2291120,10.75,0,116966460,23000,4112810,0,557.65,-646230,1689025,Short Buildup,Long Unwinding
2026-10-02 13:00,2026-10-06,9492795,2168725,5.65,0,66838070,23200,654615,0,752.45,-143000,463840,Short Buildup,Long Unwinding
2026-10-02 13:00,2026-10-06,5134350,423150,3.3,0,61153300,23400,305045,0,943.9,-86775,551590,Short Buildup,Long Unwinding
2026-10-02 13:00,2026-10-06,4624230,-1598740,2.05,0,67658305,23600,57135,0,1149.3,-23010,161265,Long Unwinding,Long Unwinding
2026-10-02 13:00,2026-10-06,4186520,727740,1.5,0,28642705,23800,24310,0,1347,-15470,103935,Short Buildup,Long Unwinding
2026-10-02 13:00,2026-10-06,11296870,2121210,1.2,0,50184680,24000,67405,0,1544.05,-36985,494000,Short Buildup,Long Unwinding
2026-10-02 13:00,2026-10-06,2525770,-767650,0.9,0,10577450,24200,21190,0,1722.4,-14755,88790,Long Unwinding,Long Unwinding
2026-10-02 13:00,2026-10-06,1678300,-723450,0.65,0,5651945,24400,12870,0,1958.1,-11700,55315,Long Unwinding,Long Unwinding
2026-10-02 13:00,2026-10-06,1221610,-952835,0.65,0,4063930,24600,2210,0,2165.75,-1950,17550,Long Unwinding,Long Unwinding
2026-10-02 13:00,2026-10-06,388570,-490685,0.55,0,2396355,24800,13780,0,2371.5,-9100,11310,Long Unwinding,Long Unwinding
2026-10-02 13:00,2026-10-06,2143635,-112775,0.55,0,4829630,25000,16510,0,2551,-15080,99775,Long Unwinding,Long Unwinding
2026-10-02 13:00,2026-10-06,276185,-6175,0.4,0,833170,25200,520,0,2550,0,520,Long Unwinding,N/A
2026-10-02 13:00,2026-10-06,43030,-31330,0.45,0,334100,25400,520,0,2800,0,1560,Long Unwinding,N/A
2026-10-02 13:00,2026-10-06,140660,-73840,0.45,0,619645,25600,130,0,2443.05,-130,0,Long Unwinding,Long Unwinding
2026-10-02 13:00,2026-10-06,558545,58435,0.4,0,1309815,25800,8970,0,2733.5,0,10075,Short Buildup,N/A
2026-10-02 13:00,2026-10-06,0,0,0,0,0,26000,0,0,0,0,0,N/A,N/A
2026-10-02 13:00,2026-10-06,0,0,0,0,0,26200,0,0,0,0,0,N/A,N/A
2026-10-02 13:00,2026-10-06,0,0,0,0,0,26400,0,0,0,0,0,N/A,N/A
2026-10-02 13:00,2026-10-06,0,0,0,0,0,26600,0,0,0,0,0,N/A,N/A
2026-10-02 13:00,2026-10-06,0,0,0,0,0,26800,0,0,0,0,0,N/A,N/A
2026-10-02 13:00,2026-10-06,0,0,0,0,0,27000,0,0,0,0,0,N/A,N/A
2026-10-02 13:00,2026-10-06,0,0,0,0,0,27200,0,0,0,0,0,N/A,N/A
2026-10-02 13:00,2026-10-06,0,0,0,0,0,27400,0,0,0,0,0,N/A,N/A
2026-10-02 13:00,2026-10-06,0,0,0,0,0,27600,0,0,0,0,0,N/A,N/A
2026-10-02 13:00,2026-10-06,0,0,0,0,0,27800,0,0,0,0,0,N/A,N/A
2026-10-02 13:00,2026-10-06,0,0,0,0,0,28000,0,0,0,0,0,N/A,N/A
2026-10-02 13:00,2026-10-06,0,0,0,0,0,28200,0,0,0,0,0,N/A,N/A
2026-10-02 13:00,2026-10-06,0,0,0,0,0,28400,0,0,0,0,0,N/A,N/A
2026-10-02 13:00,2026-10-06,0,0,0,0,0,28600,0,0,0,0,0,N/A,N/A
2026-10-02 13:00,2026-10-06,0,0,0,0,0,28800,0,0,0,0,0,N/A,N/A
2026-10-02 13:00,2026-10-06,0,0,0,0,0,29000,0,0,0,0,0,N/A,N/A
2026-10-02 13:00,2026-10-06,0,0,0,0,0,29200,0,0,0,0,0,N/A,N/A
2026-10-02 13:05,2026-10-06,4160,2210,1446.3,0,3640,21000,49981620,0,1.8,2314130,5712915,Short Buildup,Short Buildup
2026-10-02 13:05,2026-10-06,0,0,0,0,0,21200,27361945,0,2.15,599690,1966445,N/A,Short Buildup
2026-10-02 13:05,2026-10-06,1365,455,1071.95,0,1040,21400,33698015,0,3.3,1302665,3189095,Short Buildup,Short Buildup
2026-10-02 13:05,2026-10-06,3640,1625,834.5,0,11050,21600,42423420,0,4.75,1563575,3059940,Short Buildup,Short Buildup
2026-10-02 13:05,2026-10-06,41600,25155,661.9,0,152425,21800,67213250,0,8,2254200,5577000,Short Buildup,Short Buildup
2026-10-02 13:05,2026-10-06,776425,358995,472.5,0,4854200,22000,138225100,0,19,2877550,10766795,Short Buildup,Short Buildup
2026-10-02 13:05,2026-10-06,863655,738530,297.3,0,19214325,22200,143638300,0,45.1,2326025,6582355,Short Buildup,Short Buildup
2026-10-02 13:05,2026-10-06,3635255,3375255,156.95,0,108326660,22400,176899450,0,103.6,1539915,4369625,Short Buildup,Short Buildup
2026-10-02 13:05,2026-10-06,6140420,3016520,65.85,0,206398270,22600,145398695,0,211.8,-3159585,2630290,Short Buildup,Long Unwinding
2026-10-02 13:05,2026-10-06,9154275,922545,25.1,0,122405855,22800,16041740,0,370.35,-1590420,1834105,Short Buildup,Long Unwinding
2026-10-02 13:05,2026-10-06,14017445,2291120,10.75,0,116966460,23000,4112810,0,557.65,-646230,1689025,Short Buildup,Long Unwinding
2026-10-02 13:05,2026-10-06,9492795,2168725,5.65,0,66838070,23200,654615,0,752.45,-143000,463840,Short Buildup,Long Unwinding
2026-10-02 13:05,2026-10-06,5134350,423150,3.3,0,61153300,23400,305045,0,943.9,-86775,551590,Short Buildup,Long Unwinding
2026-10-02 13:05,2026-10-06,4624230,-1598740,2.05,0,67658305,23600,57135,0,1149.3,-23010,161265,Long Unwinding,Long Unwinding
2026-10-02 13:05,2026-10-06,4186520,727740,1.5,0,28642705,23800,24310,0,1347,-15470,103935,Short Buildup,Long Unwinding
2026-10-02 13:05,2026-10-06,11296870,2121210,1.2,0,50184680,24000,67405,0,1544.05,-36985,494000,Short Buildup,Long Unwinding
2026-10-02 13:05,2026-10-06,2525770,-767650,0.9,0,10577450,24200,21190,0,1722.4,-14755,88790,Long Unwinding,Long Unwinding
2026-10-02 13:05,2026-10-06,1678300,-723450,0.65,0,5651945,24400,12870,0,1958.1,-11700,55315,Long Unwinding,Long Unwinding
2026-10-02 13:05,2026-10-06,1221610,-952835,0.65,0,4063930,24600,2210,0,2165.75,-1950,17550,Long Unwinding,Long Unwinding
2026-10-02 13:05,2026-10-06,388570,-490685,0.55,0,2396355,24800,13780,0,2371.5,-9100,11310,Long Unwinding,Long Unwinding
2026-10-02 13:05,2026-10-06,2143635,-112775,0.55,0,4829630,25000,16510,0,2551,-15080,99775,Long Unwinding,Long Unwinding
2026-10-02 13:05,2026-10-06,276185,-6175,0.4,0,833170,25200,520,0,2550,0,520,Long Unwinding,N/A
2026-10-02 13:05,2026-10-06,43030,-31330,0.45,0,334100,25400,520,0,2800,0,1560,Long Unwinding,N/A
2026-10-02 13:05,2026-10-06,140660,-73840,0.45,0,619645,25600,130,0,2443.05,-130,0,Long Unwinding,Long Unwinding
2026-10-02 13:05,2026-10-06,558545,58435,0.4,0,1309815,25800,8970,0,2733.5,0,10075,Short Buildup,N/A
2026-10-02 13:05,2026-10-06,0,0,0,0,0,26000,0,0,0,0,0,N/A,N/A
2026-10-02 13:05,2026-10-06,0,0,0,0,0,26200,0,0,0,0,0,N/A,N/A
2026-10-02 13:05,2026-10-06,0,0,0,0,0,26400,0,0,0,0,0,N/A,N/A
2026-10-02 13:05,2026-10-06,0,0,0,0,0,26600,0,0,0,0,0,N/A,N/A
2026-10-02 13:05,2026-10-06,0,0,0,0,0,26800,0,0,0,0,0,N/A,N/A
2026-10-02 13:05,2026-10-06,0,0,0,0,0,27000,0,0,0,0,0,N/A,N/A
2026-10-02 13:05,2026-10-06,0,0,0,0,0,27200,0,0,0,0,0,N/A,N/A
2026-10-02 13:05,2026-10-06,0,0,0,0,0,27400,0,0,0,0,0,N/A,N/A
2026-10-02 13:05,2026-10-06,0,0,0,0,0,27600,0,0,0,0,0,N/A,N/A
2026-10-02 13:05,2026-10-06,0,0,0,0,0,27800,0,0,0,0,0,N/A,N/A
2026-10-02 13:05,2026-10-06,0,0,0,0,0,28000,0,0,0,0,0,N/A,N/A
2026-10-02 13:05,2026-10-06,0,0,0,0,0,28200,0,0,0,0,0,N/A,N/A
2026-10-02 13:05,2026-10-06,0,0,0,0,0,28400,0,0,0,0,0,N/A,N/A
2026-10-02 13:05,2026-10-06,0,0,0,0,0,28600,0,0,0,0,0,N/A,N/A
2026-10-02 13:05,2026-10-06,0,0,0,0,0,28800,0,0,0,0,0,N/A,N/A
2026-10-02 13:05,2026-10-06,0,0,0,0,0,29000,0,0,0,0,0,N/A,N/A
2026-10-02 13:05,2026-10-06,0,0,0,0,0,29200,0,0,0,0,0,N/A,N/A
